{
"type": "FeatureCollection",
"name": "nta_boundaries",
"crs": { "type": "name", "properties": { "name": "urn:ogc:def:crs:OGC:1.3:CRS84" } },
"features": [
{ "type": "Feature", "properties": { "NTA2020": "BK0101" }, "geometry": { "type": "Polygon", "coordinates": [ [ [ -73.93213397515774, 40.72815960343371 ], [ -73.9341233728981, 40.726855471479141 ], [ -73.937392614072763, 40.724332355695658 ], [ -73.940221236711565, 40.722891505769624 ], [ -73.941956336289707, 40.721652319733082 ], [ -73.947213418107495, 40.718560986118355 ], [ -73.948416385390033, 40.718455533122821 ], [ -73.949078168387373, 40.722540287203046 ], [ -73.950645942671954, 40.721705693784401 ], [ -73.951646322523644, 40.723485857484015 ], [ -73.954776628813946, 40.722459504667867 ], [ -73.957719892051657, 40.724284957359579 ], [ -73.958142922868831, 40.724404284401864 ], [ -73.957941834894967, 40.724649202699936 ], [ -73.957950962132387, 40.725036439168427 ], [ -73.95835177078861, 40.725198057301746 ], [ -73.958426118439235, 40.725400535832179 ], [ -73.960124971332434, 40.725319636636932 ], [ -73.960285449442111, 40.725948122413001 ], [ -73.96161518901998, 40.725865563074301 ], [ -73.96161716963762, 40.726661421991047 ], [ -73.961016881366604, 40.728704440101765 ], [ -73.961428436979332, 40.730946392610235 ], [ -73.962263404232957, 40.732915551623542 ], [ -73.962285202369273, 40.734047695876697 ], [ -73.961574943067461, 40.735179614928633 ], [ -73.959829311478416, 40.737060900633203 ], [ -73.957634096070265, 40.738538117761429 ], [ -73.956930028651158, 40.73888707307156 ], [ -73.954763140203866, 40.739123535556296 ], [ -73.952923557241817, 40.738934942395232 ], [ -73.950464582805196, 40.738309580795075 ], [ -73.946523528547857, 40.736926853958174 ], [ -73.94644229140863, 40.736780626263169 ], [ -73.94719983367159, 40.735355177611581 ], [ -73.947065329153872, 40.734401992819258 ], [ -73.946598067073523, 40.734442224347319 ], [ -73.946739080729657, 40.735282693841029 ], [ -73.946247482969198, 40.736166165226997 ], [ -73.945873105628905, 40.736101831258161 ], [ -73.945570484572173, 40.736612303910441 ], [ -73.944999088894875, 40.736436693712641 ], [ -73.945254922795627, 40.735892789003792 ], [ -73.945185071813185, 40.73547915267784 ], [ -73.945032990319234, 40.735428615683368 ], [ -73.944515421174003, 40.736284390892799 ], [ -73.942394435424291, 40.735425749947552 ], [ -73.941738195898552, 40.734950717917599 ], [ -73.941147467019519, 40.734152927537586 ], [ -73.940997465999175, 40.733790485555829 ], [ -73.941156158094131, 40.733748909609886 ], [ -73.940568689302509, 40.733058494257676 ], [ -73.940684916013382, 40.733017077124558 ], [ -73.940366589529518, 40.732212586914841 ], [ -73.939813226254515, 40.73115268891209 ], [ -73.938103349606664, 40.729728519521373 ], [ -73.9369312479987, 40.729108091265587 ], [ -73.934929263919216, 40.72854391525042 ], [ -73.93213397515774, 40.72815960343371 ] ] ] } },
{ "type": "Feature", "properties": { "NTA2020": "BK0102" }, "geometry": { "type": "Polygon", "coordinates": [ [ [ -73.961163663023285, 40.72526460633329 ], [ -73.957719892051657, 40.724284957359615 ], [ -73.954776628813946, 40.72245950466791 ], [ -73.951646322523587, 40.723485857484057 ], [ -73.950645942671898, 40.721705693784401 ], [ -73.949078168387302, 40.722540287203046 ], [ -73.948416385390104, 40.718455533122821 ], [ -73.947213418107395, 40.718560986118355 ], [ -73.951144336997288, 40.716034521288627 ], [ -73.953484721648138, 40.714070208078681 ], [ -73.949372318506818, 40.714066878309744 ], [ -73.948655335117962, 40.709724983182234 ], [ -73.950874926672213, 40.709513115198376 ], [ -73.950236937579021, 40.705473246654606 ], [ -73.951910556992857, 40.706360078923879 ], [ -73.957904308045926, 40.708427173470341 ], [ -73.958384323672135, 40.707676690799147 ], [ -73.958455767946461, 40.70725184744564 ], [ -73.963278737770764, 40.707729298518757 ], [ -73.968383314049035, 40.706829373393376 ], [ -73.969292963484961, 40.707093331095578 ], [ -73.969848647574878, 40.708003041687547 ], [ -73.969941966326232, 40.709302053353824 ], [ -73.969605413303483, 40.710270843874788 ], [ -73.970069351013038, 40.710454135494018 ], [ -73.969661864127744, 40.710499724136923 ], [ -73.969768776181326, 40.710788321571385 ], [ -73.969374299545933, 40.711020666062858 ], [ -73.969907730275779, 40.711268121838671 ], [ -73.96931038443995, 40.71110785288132 ], [ -73.969234929312762, 40.711240541940853 ], [ -73.96881612079855, 40.712251947706605 ], [ -73.968872485235451, 40.712578743939034 ], [ -73.968442319344277, 40.712938434890198 ], [ -73.96850672619513, 40.713105471889506 ], [ -73.968849248381076, 40.713212545960324 ], [ -73.967240344621672, 40.716587886058655 ], [ -73.967105040062748, 40.716908393254485 ], [ -73.967251137403551, 40.716986666609124 ], [ -73.966313301910134, 40.718316541409955 ], [ -73.966198338742643, 40.718254712251856 ], [ -73.965119504162189, 40.719226893997416 ], [ -73.965404280380781, 40.719641074659201 ], [ -73.965266954549492, 40.720135299756485 ], [ -73.965032783280989, 40.720377069475013 ], [ -73.96447946289139, 40.720036188255854 ], [ -73.964333597367784, 40.720208319680467 ], [ -73.964397355735429, 40.720441834928856 ], [ -73.962756654226695, 40.72239901512615 ], [ -73.961659842352873, 40.724860454462863 ], [ -73.962114615668256, 40.725148063398976 ], [ -73.961902396431299, 40.725320500811137 ], [ -73.961536793586831, 40.725108918852179 ], [ -73.961163663023285, 40.72526460633329 ] ] ] } },
{ "type": "Feature", "properties": { "NTA2020": "BK0103" }, "geometry": { "type": "Polygon", "coordinates": [ [ [ -73.951910556992857, 40.706360078923829 ], [ -73.941930788822305, 40.700725234695845 ], [ -73.957019931894408, 40.69897391434985 ], [ -73.962839637163427, 40.698038668339876 ], [ -73.962179780891447, 40.700220710604199 ], [ -73.967209620426217, 40.704255709153344 ], [ -73.968383314049149, 40.706829373393326 ], [ -73.963278737770764, 40.707729298518721 ], [ -73.958455767946461, 40.70725184744564 ], [ -73.958384323672192, 40.707676690799147 ], [ -73.957904308046039, 40.708427173470341 ], [ -73.951910556992857, 40.706360078923829 ] ] ] } },
{ "type": "Feature", "properties": { "NTA2020": "BK0104" }, "geometry": { "type": "Polygon", "coordinates": [ [ [ -73.924059097369934, 40.714111560147529 ], [ -73.922234664776212, 40.712855954362944 ], [ -73.921546016956839, 40.711043283534856 ], [ -73.92074853115804, 40.710533648958759 ], [ -73.926089300930116, 40.705679701162239 ], [ -73.933950929724929, 40.702674593200491 ], [ -73.941930788822305, 40.700725234695845 ], [ -73.950236937579135, 40.705473246654563 ], [ -73.950874926672171, 40.709513115198334 ], [ -73.948655335118033, 40.709724983182234 ], [ -73.949372318506818, 40.714066878309744 ], [ -73.953484721648138, 40.714070208078681 ], [ -73.951144336997231, 40.716034521288591 ], [ -73.949042815915988, 40.717428519192566 ], [ -73.941956336289707, 40.721652319733082 ], [ -73.940221236711565, 40.722891505769624 ], [ -73.937273288236881, 40.724405563122886 ], [ -73.9341233728981, 40.726855471479141 ], [ -73.93213397515774, 40.72815960343371 ], [ -73.929580206908796, 40.727612820708693 ], [ -73.928494185401618, 40.726614603307901 ], [ -73.927871724050263, 40.7258540511977 ], [ -73.927796501041314, 40.724925668713652 ], [ -73.925614705166225, 40.720061662212473 ], [ -73.924817989436988, 40.720265137475344 ], [ -73.924520830481967, 40.719553566511898 ], [ -73.924864135091099, 40.718440445413542 ], [ -73.928379301015013, 40.717578367290123 ], [ -73.928879651800159, 40.71772031862357 ], [ -73.929705399153278, 40.71704927938918 ], [ -73.929319997660826, 40.716112008832646 ], [ -73.929473569214608, 40.715721452621175 ], [ -73.931792672291166, 40.715182975091196 ], [ -73.932206073073004, 40.714963980929362 ], [ -73.932149986012107, 40.71468746473024 ], [ -73.931753571822696, 40.714741675505735 ], [ -73.931590483565273, 40.714399492481213 ], [ -73.931426041009345, 40.714382343080594 ], [ -73.931240670594903, 40.713724810884734 ], [ -73.931645273916658, 40.713342793758152 ], [ -73.932639052424648, 40.713052586169361 ], [ -73.932032629805093, 40.711590223074296 ], [ -73.933384846153032, 40.7112337277457 ], [ -73.933283493202978, 40.710978706955373 ], [ -73.931901019208595, 40.711338471428235 ], [ -73.930932275477375, 40.709165311254154 ], [ -73.930501000831981, 40.708681225039584 ], [ -73.930360945658407, 40.708717738032675 ], [ -73.930250388490322, 40.708927913422563 ], [ -73.931546137468658, 40.711855351751097 ], [ -73.930778947370527, 40.71216042795551 ], [ -73.93161032734892, 40.712038022680403 ], [ -73.931842494934315, 40.712627237990631 ], [ -73.930422943130708, 40.713172558671076 ], [ -73.931052319016658, 40.714610224425961 ], [ -73.930851901340304, 40.714902985592815 ], [ -73.928438818145935, 40.715530949575779 ], [ -73.928906012650174, 40.716618957312114 ], [ -73.92823253044881, 40.717106454253411 ], [ -73.924729061348941, 40.717944050687784 ], [ -73.924102800943444, 40.717667137202419 ], [ -73.923418614347241, 40.71706901573873 ], [ -73.923055000143336, 40.716342664793409 ], [ -73.924313299615747, 40.71584705657677 ], [ -73.924885535076001, 40.715267187652564 ], [ -73.92433589757124, 40.714122593466413 ], [ -73.924059097369934, 40.714111560147529 ] ] ] } },
{ "type": "Feature", "properties": { "NTA2020": "BK0201" }, "geometry": { "type": "Polygon", "coordinates": [ [ [ -73.990474881285891, 40.689141074504988 ], [ -73.999915173005988, 40.691767230010356 ], [ -74.001617274677201, 40.692549071104125 ], [ -74.001743621110407, 40.692406749705512 ], [ -74.000958684169888, 40.694069083582249 ], [ -73.999413024332071, 40.696357676955898 ], [ -73.999474067545719, 40.696704134462024 ], [ -73.998872072104191, 40.696923784574182 ], [ -73.998764580277054, 40.697120733094003 ], [ -73.998871170976557, 40.697157577295854 ], [ -73.997498983100002, 40.699638869321269 ], [ -73.997160542439218, 40.699792812644148 ], [ -73.99724462871697, 40.700141409897093 ], [ -73.995045927483247, 40.703131839799596 ], [ -73.992612049724201, 40.70206112900614 ], [ -73.990874537580652, 40.700673117295885 ], [ -73.990822720965014, 40.700354754309387 ], [ -73.991326768438739, 40.699100805420599 ], [ -73.991433471288332, 40.698281859817222 ], [ -73.991284136877439, 40.696588210283764 ], [ -73.990444740942365, 40.693828251433636 ], [ -73.99097186833545, 40.692548801390529 ], [ -73.988933563116149, 40.692086641988865 ], [ -73.989220035846557, 40.69096597119588 ], [ -73.990474881285891, 40.689141074504988 ] ] ] } },
{ "type": "Feature", "properties": { "NTA2020": "BK0202" }, "geometry": { "type": "Polygon", "coordinates": [ [ [ -73.979057670122785, 40.705952889100629 ], [ -73.979327624696609, 40.704746276330596 ], [ -73.980274423562875, 40.703041400444761 ], [ -73.980026388814949, 40.70214046094037 ], [ -73.980904028114352, 40.701861429829819 ], [ -73.98064907721772, 40.701560873256497 ], [ -73.98084440422069, 40.701295240099618 ], [ -73.980404824802505, 40.700699006737516 ], [ -73.980509261822704, 40.697446275543847 ], [ -73.980138095728009, 40.694710055724883 ], [ -73.979167184050326, 40.693488323221196 ], [ -73.982510913537794, 40.693606611302954 ], [ -73.982517475050258, 40.69297738730441 ], [ -73.98175889043786, 40.692955172537104 ], [ -73.981789073461002, 40.691644868387073 ], [ -73.982062156612812, 40.691312091071758 ], [ -73.981397732091935, 40.689928670434483 ], [ -73.983509821081128, 40.689922171249357 ], [ -73.980833752641715, 40.688863784507845 ], [ -73.978077296406667, 40.684914940390129 ], [ -73.979616800852568, 40.682491269710681 ], [ -73.988282937293661, 40.685866785622117 ], [ -73.989128406629675, 40.684589453073407 ], [ -73.993929295498603, 40.68645287164901 ], [ -73.992363669772203, 40.689690123776963 ], [ -73.990474881285891, 40.689141074504988 ], [ -73.989220035846557, 40.69096597119588 ], [ -73.988933563116149, 40.692086641988865 ], [ -73.99097186833545, 40.692548801390529 ], [ -73.990444740942365, 40.693828251433636 ], [ -73.991284136877439, 40.696588210283764 ], [ -73.991433471288332, 40.698281859817222 ], [ -73.991326768438739, 40.699100805420599 ], [ -73.990822720965014, 40.700354754309387 ], [ -73.990874537580652, 40.700673117295885 ], [ -73.992612049724201, 40.70206112900614 ], [ -73.995045927483247, 40.703131839799596 ], [ -73.994662903436094, 40.703430608559202 ], [ -73.994995424678976, 40.70365056371427 ], [ -73.99471424235152, 40.703996689060943 ], [ -73.99477614353458, 40.704245861052385 ], [ -73.99350881403609, 40.704623505274029 ], [ -73.992127035350677, 40.70468964203355 ], [ -73.992121006390875, 40.704396201577929 ], [ -73.991861591893169, 40.704086642104407 ], [ -73.990947553507937, 40.70403244213923 ], [ -73.990227211960118, 40.704934044487089 ], [ -73.988303322085414, 40.704540468955038 ], [ -73.988289991112865, 40.705070658997649 ], [ -73.987956765575433, 40.705134217412592 ], [ -73.986872521586832, 40.705157277408752 ], [ -73.986529729460457, 40.704979099173727 ], [ -73.98643429892708, 40.705348607419673 ], [ -73.983438062219079, 40.705644094847813 ], [ -73.983368198781037, 40.705461065076513 ], [ -73.982741618859933, 40.705572441532716 ], [ -73.980925103119873, 40.705369255200537 ], [ -73.98090864629846, 40.705907943811951 ], [ -73.97955918553285, 40.705743615249979 ], [ -73.979057670122785, 40.705952889100629 ] ] ] } },
{ "type": "Feature", "properties": { "NTA2020": "BK0203" }, "geometry": { "type": "Polygon", "coordinates": [ [ [ -73.962839637163427, 40.698038668339876 ], [ -73.963054801992968, 40.697392872436183 ], [ -73.96347515207853, 40.696800668200964 ], [ -73.964550705325365, 40.696107591627474 ], [ -73.965467214986106, 40.695932161737048 ], [ -73.969394500454598, 40.696080389420487 ], [ -73.968809896471427, 40.693120382901441 ], [ -73.969831184735256, 40.693134243973951 ], [ -73.969103623994769, 40.68946752200803 ], [ -73.970131541970005, 40.68950630795878 ], [ -73.968689612916165, 40.682005257597154 ], [ -73.97595023269956, 40.683513232049428 ], [ -73.9774572209719, 40.684052287110703 ], [ -73.980833752641715, 40.688863784507845 ], [ -73.983509821081128, 40.689922171249357 ], [ -73.981397732091935, 40.689928670434483 ], [ -73.982062156612812, 40.691312091071758 ], [ -73.981789073461002, 40.691644868387073 ], [ -73.98175889043786, 40.692955172537104 ], [ -73.982517475050258, 40.69297738730441 ], [ -73.982510913537794, 40.693606611302954 ], [ -73.979167184050326, 40.693488323221196 ], [ -73.980138095728009, 40.694710055724883 ], [ -73.98054419117841, 40.698246512252091 ], [ -73.965774762012813, 40.697635780488682 ], [ -73.962839637163427, 40.698038668339876 ] ] ] } },
{ "type": "Feature", "properties": { "NTA2020": "BK0204" }, "geometry": { "type": "Polygon", "coordinates": [ [ [ -73.961346557977649, 40.68046352430067 ], [ -73.968689612916165, 40.682005257597154 ], [ -73.970131541970005, 40.68950630795878 ], [ -73.969103623994769, 40.68946752200803 ], [ -73.969831184735256, 40.693134243973951 ], [ -73.968809896471427, 40.693120382901441 ], [ -73.969394500454598, 40.696080389420487 ], [ -73.965467214986106, 40.695932161737048 ], [ -73.964661071931317, 40.696074667054887 ], [ -73.963971858073606, 40.696378655892346 ], [ -73.96347515207853, 40.696800668200964 ], [ -73.963054801992968, 40.697392872436183 ], [ -73.962839637163427, 40.698038668339876 ], [ -73.96105100633973, 40.698326078818909 ], [ -73.95942791386581, 40.690447274714145 ], [ -73.960292816681132, 40.690346249915457 ], [ -73.958840620199112, 40.683018053519099 ], [ -73.961670863893502, 40.682690909980174 ], [ -73.961346557977649, 40.68046352430067 ] ] ] } },
{ "type": "Feature", "properties": { "NTA2020": "BK0261" }, "geometry": { "type": "MultiPolygon", "coordinates": [ [ [ [ -73.979057670122785, 40.705952889100629 ], [ -73.978931102855427, 40.705924905727798 ], [ -73.979060849118341, 40.705946028940907 ], [ -73.979057670122785, 40.705952889100629 ] ] ], [ [ [ -73.97232032073758, 40.709082883806659 ], [ -73.970262185322852, 40.70688750428409 ], [ -73.970488818485791, 40.705400665621902 ], [ -73.970168945099203, 40.705361853407297 ], [ -73.970180755727995, 40.704929270566872 ], [ -73.96762114779925, 40.703348505696937 ], [ -73.967515166910658, 40.703437357380707 ], [ -73.967476744930295, 40.703949870956301 ], [ -73.969296938377127, 40.705088331229703 ], [ -73.969292963484961, 40.707093331095578 ], [ -73.968383314049149, 40.706829373393326 ], [ -73.967209620426217, 40.704255709153344 ], [ -73.962179780891447, 40.700220710604199 ], [ -73.962839637163427, 40.698038668339876 ], [ -73.965774762012813, 40.697635780488682 ], [ -73.98054419117841, 40.698246512252091 ], [ -73.980404824802505, 40.700699006737516 ], [ -73.98084440422069, 40.701295240099618 ], [ -73.98064907721772, 40.701560873256497 ], [ -73.980904028114352, 40.701861429829819 ], [ -73.980026388814949, 40.70214046094037 ], [ -73.980274423562875, 40.703041400444761 ], [ -73.979327624696609, 40.704746276330596 ], [ -73.979120921762245, 40.705530069673493 ], [ -73.978963550810676, 40.705502196504341 ], [ -73.978865177554013, 40.705867955697727 ], [ -73.978927658237467, 40.705496199169104 ], [ -73.978738294866346, 40.705463064672131 ], [ -73.978639066585714, 40.705830648221799 ], [ -73.978696981904648, 40.705456260458085 ], [ -73.978645292288533, 40.705591021595652 ], [ -73.978465578489647, 40.705562221864447 ], [ -73.978399094391435, 40.705982745202419 ], [ -73.978853033607265, 40.70606553478202 ], [ -73.978344748528713, 40.705999964987612 ], [ -73.978593136201297, 40.704978584142857 ], [ -73.978020673266556, 40.704290966456171 ], [ -73.977211963392392, 40.704213926624256 ], [ -73.977512154949636, 40.703196752663494 ], [ -73.977135626253983, 40.703005581402557 ], [ -73.97623864768488, 40.704775644190725 ], [ -73.975960963448173, 40.704715506943138 ], [ -73.976927491883515, 40.702797820400406 ], [ -73.976159372920222, 40.702171280356879 ], [ -73.975534564897416, 40.703042808805719 ], [ -73.975329873939828, 40.702951924338308 ], [ -73.976005878454643, 40.701946133279236 ], [ -73.975500831764236, 40.701758308965651 ], [ -73.975403482245682, 40.701911147567543 ], [ -73.974550233883704, 40.701590343802238 ], [ -73.975799518314687, 40.699752418000898 ], [ -73.9757175186582, 40.699570912691279 ], [ -73.975359979326669, 40.699580518841827 ], [ -73.974115139925402, 40.701305270916905 ], [ -73.972926428486176, 40.70029455342771 ], [ -73.972573119672035, 40.700082056120948 ], [ -73.972392013974584, 40.700166322752274 ], [ -73.973757007131994, 40.701534138881847 ], [ -73.973186766708977, 40.701669803673724 ], [ -73.97113824583208, 40.69991789325811 ], [ -73.970782005879883, 40.699978663011265 ], [ -73.973324561039405, 40.702412656010743 ], [ -73.97283512788735, 40.702728740743986 ], [ -73.969825565595315, 40.700245070368041 ], [ -73.969486552181067, 40.700519060755603 ], [ -73.972838899749746, 40.703346428099323 ], [ -73.97266938433755, 40.703501380431156 ], [ -73.969245392073574, 40.701364741883545 ], [ -73.968934748184296, 40.701615868207291 ], [ -73.968985174289656, 40.701747088786561 ], [ -73.972312462761096, 40.703844539538615 ], [ -73.972157988249919, 40.703970207626092 ], [ -73.971456573548267, 40.703508715924599 ], [ -73.971103422988321, 40.703459735839772 ], [ -73.970933078863169, 40.703624772551386 ], [ -73.971019631185357, 40.703815613183792 ], [ -73.974655696080603, 40.706074262491661 ], [ -73.974390835023229, 40.706325774144752 ], [ -73.973392305395478, 40.705733211641302 ], [ -73.972548800577968, 40.70620449050638 ], [ -73.974629666044223, 40.707681060768266 ], [ -73.974236169685355, 40.708024386122403 ], [ -73.971224929122457, 40.705789899911046 ], [ -73.971096554891076, 40.705850056558241 ], [ -73.971056923061823, 40.706946433816697 ], [ -73.972757569983571, 40.708831279050251 ], [ -73.97232032073758, 40.709082883806659 ] ] ] ] } },
{ "type": "Feature", "properties": { "NTA2020": "BK0301" }, "geometry": { "type": "Polygon", "coordinates": [ [ [ -73.944141363548979, 40.67823695930484 ], [ -73.952052388797313, 40.678674657273717 ], [ -73.961346557977649, 40.68046352430067 ], [ -73.961670863893502, 40.682690909980174 ], [ -73.958840620199112, 40.683018053519099 ], [ -73.960292816681132, 40.690346249915457 ], [ -73.95942791386581, 40.690447274714145 ], [ -73.96105100633973, 40.698326078818909 ], [ -73.957019931894408, 40.69897391434985 ], [ -73.9443878859649, 40.700424523782615 ], [ -73.940327939620531, 40.679889975064683 ], [ -73.943973477389548, 40.680088128929299 ], [ -73.944141363548979, 40.67823695930484 ] ] ] } },
{ "type": "Feature", "properties": { "NTA2020": "BK0302" }, "geometry": { "type": "Polygon", "coordinates": [ [ [ -73.941930788822305, 40.700725234695845 ], [ -73.91804606892461, 40.687213247770494 ], [ -73.916301197954752, 40.678577112433601 ], [ -73.921647481319539, 40.678870547032666 ], [ -73.921815390315899, 40.677018390461839 ], [ -73.944141363548979, 40.67823695930484 ], [ -73.943973477389548, 40.680088128929299 ], [ -73.940327939620531, 40.679889975064683 ], [ -73.9443878859649, 40.700424523782615 ], [ -73.941930788822305, 40.700725234695845 ] ] ] } },
{ "type": "Feature", "properties": { "NTA2020": "BK0401" }, "geometry": { "type": "Polygon", "coordinates": [ [ [ -73.911422425912662, 40.701486588518797 ], [ -73.914060865547114, 40.698838200016844 ], [ -73.916316082930095, 40.700121391131255 ], [ -73.919320728621386, 40.697060396871876 ], [ -73.920823973831986, 40.697917658104508 ], [ -73.924248809239941, 40.694428611375514 ], [ -73.92649981448757, 40.695711788656027 ], [ -73.927497608699241, 40.694696670922433 ], [ -73.926481291858138, 40.694140895597421 ], [ -73.927781942485552, 40.692761178436108 ], [ -73.941930788822305, 40.700725234695845 ], [ -73.933950929724929, 40.702674593200491 ], [ -73.926089300930116, 40.705679701162239 ], [ -73.921891846986938, 40.70939609671084 ], [ -73.911807100033286, 40.703434952528731 ], [ -73.912904041218937, 40.702361891799278 ], [ -73.911422425912662, 40.701486588518797 ] ] ] } },
{ "type": "Feature", "properties": { "NTA2020": "BK0402" }, "geometry": { "type": "Polygon", "coordinates": [ [ [ -73.901398406620402, 40.691589992037805 ], [ -73.904882589324316, 40.687735806323978 ], [ -73.905339138087811, 40.686817235215528 ], [ -73.904494011547499, 40.686298600457341 ], [ -73.905755480648693, 40.68400441802676 ], [ -73.902809709834528, 40.682340579055584 ], [ -73.902857635328189, 40.680938443915153 ], [ -73.902622623463955, 40.680664503418768 ], [ -73.90404639808888, 40.679220598019192 ], [ -73.927781942485552, 40.692761178436108 ], [ -73.926481291858138, 40.694140895597421 ], [ -73.927497608699241, 40.694696670922433 ], [ -73.92649981448757, 40.695711788656027 ], [ -73.924248809239941, 40.694428611375514 ], [ -73.920823973831986, 40.697917658104508 ], [ -73.919320728621386, 40.697060396871876 ], [ -73.916316082930095, 40.700121391131255 ], [ -73.914060865547114, 40.698838200016844 ], [ -73.911422425912662, 40.701486588518797 ], [ -73.91067882737353, 40.701045969566721 ], [ -73.911806821910744, 40.699946882523804 ], [ -73.904260184116893, 40.695700371443223 ], [ -73.905795970752393, 40.694127155514174 ], [ -73.901398406620402, 40.691589992037805 ] ] ] } },
{ "type": "Feature", "properties": { "NTA2020": "BK0471" }, "geometry": { "type": "Polygon", "coordinates": [ [ [ -73.896526442363992, 40.682403299241614 ], [ -73.896869378202382, 40.680881449533523 ], [ -73.897493120738702, 40.680073776727426 ], [ -73.898899282874694, 40.679560934901602 ], [ -73.900245377054418, 40.679422791514035 ], [ -73.902622623463955, 40.680664503418768 ], [ -73.902857635328189, 40.680938443915153 ], [ -73.902809709834528, 40.682340579055584 ], [ -73.905755480648693, 40.68400441802676 ], [ -73.904494011547499, 40.686298600457341 ], [ -73.905339138087811, 40.686817235215528 ], [ -73.90502238065865, 40.687524047672106 ], [ -73.90188776254891, 40.691077720073288 ], [ -73.900424650470669, 40.688183898876289 ], [ -73.90116154994368, 40.687877935355047 ], [ -73.896526442363992, 40.682403299241614 ] ] ] } },
{ "type": "Feature", "properties": { "NTA2020": "BK0501" }, "geometry": { "type": "Polygon", "coordinates": [ [ [ -73.866302638534989, 40.683186694603002 ], [ -73.871561504722237, 40.681684456960539 ], [ -73.87119974994593, 40.680221463165267 ], [ -73.873275603386887, 40.679920752997198 ], [ -73.873587333187061, 40.681094180179556 ], [ -73.881062718179322, 40.678982687435742 ], [ -73.880505654604065, 40.676767347376099 ], [ -73.888255854493821, 40.67562473595062 ], [ -73.889005697524397, 40.678557044274626 ], [ -73.889874391663426, 40.678302150448708 ], [ -73.896217736666145, 40.677358184272499 ], [ -73.896536765436935, 40.678593581165273 ], [ -73.900046262085141, 40.676893089538346 ], [ -73.90404639808888, 40.679220598019192 ], [ -73.902622623463955, 40.680664503418768 ], [ -73.900245377054418, 40.679422791514035 ], [ -73.898899282874694, 40.679560934901602 ], [ -73.897493120738702, 40.680073776727426 ], [ -73.896869378202382, 40.680881449533523 ], [ -73.896526442363992, 40.682403299241614 ], [ -73.895548595046492, 40.683791892316194 ], [ -73.894174632670996, 40.685283248673187 ], [ -73.892583031023207, 40.683491910887199 ], [ -73.890154187388362, 40.68500399030772 ], [ -73.88892468151505, 40.683125170019053 ], [ -73.88819092591433, 40.682555946293419 ], [ -73.872603370002494, 40.689921073964008 ], [ -73.870947622891421, 40.690502041470744 ], [ -73.868058852860685, 40.691183958239378 ], [ -73.866598483492695, 40.685269559069937 ], [ -73.866302638534989, 40.683186694603002 ] ] ] } },
{ "type": "Feature", "properties": { "NTA2020": "BK0502" }, "geometry": { "type": "Polygon", "coordinates": [ [ [ -73.874231346289875, 40.670862397584763 ], [ -73.878871444990423, 40.670194114142191 ], [ -73.878489473865798, 40.668654540638826 ], [ -73.900851356064351, 40.665345895025595 ], [ -73.903474223424965, 40.675506683277732 ], [ -73.900046262085141, 40.676893089538346 ], [ -73.896536765436935, 40.678593581165273 ], [ -73.896217736666145, 40.677358184272499 ], [ -73.889874391663426, 40.678302150448708 ], [ -73.889005697524397, 40.678557044274626 ], [ -73.888255854493821, 40.67562473595062 ], [ -73.880505654604065, 40.676767347376099 ], [ -73.881062718179322, 40.678982687435742 ], [ -73.876574952230939, 40.680167001828856 ], [ -73.874231346289875, 40.670862397584763 ] ] ] } },
{ "type": "Feature", "properties": { "NTA2020": "BK0503" }, "geometry": { "type": "Polygon", "coordinates": [ [ [ -73.867180694469539, 40.660452252040614 ], [ -73.869155549953376, 40.660118216846392 ], [ -73.890005891245963, 40.651148697130481 ], [ -73.891759344124893, 40.652799107712276 ], [ -73.893546770738467, 40.655202714083678 ], [ -73.897610132423623, 40.653453816120646 ], [ -73.895861549358798, 40.651880527333375 ], [ -73.90398200487077, 40.646628567576599 ], [ -73.909448463793325, 40.651521599292842 ], [ -73.907400357288168, 40.652843990142863 ], [ -73.907843463759818, 40.654591530746004 ], [ -73.903178584134068, 40.655311633837428 ], [ -73.901185599086361, 40.656514551604005 ], [ -73.900487672263225, 40.657148679854842 ], [ -73.898806984995048, 40.657406661805098 ], [ -73.899652333457198, 40.66073541688138 ], [ -73.900661186908764, 40.660586158507414 ], [ -73.9014511470386, 40.663658364658239 ], [ -73.900416541209708, 40.663806527936281 ], [ -73.900851356064351, 40.665345895025595 ], [ -73.878489473865798, 40.668654540638826 ], [ -73.878871444990423, 40.670194114142191 ], [ -73.874231346289875, 40.670862397584763 ], [ -73.873878105901994, 40.669447266620665 ], [ -73.867180694469539, 40.660452252040614 ] ] ] } },
{ "type": "Feature", "properties": { "NTA2020": "BK0504" }, "geometry": { "type": "MultiPolygon", "coordinates": [ [ [ [ -73.888285313560559, 40.646722413276088 ], [ -73.888641377073526, 40.647079553316679 ], [ -73.888516375685228, 40.647360691521989 ], [ -73.888200507266575, 40.647140869529117 ], [ -73.888285313560559, 40.646722413276088 ] ] ], [ [ [ -73.860540778824813, 40.654623996610503 ], [ -73.870096995378631, 40.649295985709891 ], [ -73.872123319877971, 40.647904208744379 ], [ -73.873425088565298, 40.646781230515842 ], [ -73.879216582308985, 40.654591083773028 ], [ -73.8796386550232, 40.654499091804261 ], [ -73.879719790343032, 40.654375929776357 ], [ -73.876761939563124, 40.65056095449517 ], [ -73.876721924918968, 40.650323221967895 ], [ -73.873860340090999, 40.646314406099037 ], [ -73.87569004932358, 40.643952941176025 ], [ -73.878350765626507, 40.638871613745145 ], [ -73.87856413386811, 40.639043556607866 ], [ -73.878617052001061, 40.639365265410241 ], [ -73.879309545297858, 40.640067074268991 ], [ -73.879894043976535, 40.640363279157235 ], [ -73.880256256660388, 40.640970109036012 ], [ -73.880483869226254, 40.640978034547516 ], [ -73.880736235464198, 40.641565957973206 ], [ -73.880292480685725, 40.641404915733162 ], [ -73.880026164262645, 40.641718113296001 ], [ -73.880067141324247, 40.642003446626752 ], [ -73.881393062306216, 40.64234733997916 ], [ -73.882241081656574, 40.643453492409087 ], [ -73.882148325625721, 40.643743727840615 ], [ -73.883419992030269, 40.644523815649514 ], [ -73.884807504111279, 40.643946303680295 ], [ -73.885577621489944, 40.644040949789805 ], [ -73.887434447084217, 40.645936681773776 ], [ -73.887665892294763, 40.646504924553902 ], [ -73.88772611233226, 40.647143029199903 ], [ -73.887516232472635, 40.647415160694258 ], [ -73.887640721667296, 40.647802390007271 ], [ -73.888636384341012, 40.648024492615683 ], [ -73.889246779360249, 40.648745653606781 ], [ -73.890067800730662, 40.649323635640506 ], [ -73.890335291412271, 40.649347769001999 ], [ -73.890137010169738, 40.64917041211649 ], [ -73.890347346937759, 40.649033605778094 ], [ -73.891251472404647, 40.650025597384612 ], [ -73.890005891245963, 40.651148697130481 ], [ -73.889590443260445, 40.651337546970559 ], [ -73.869155549953376, 40.660118216846392 ], [ -73.868471768480219, 40.66029493771029 ], [ -73.867180694469539, 40.660452252040614 ], [ -73.863861332574473, 40.656060215241091 ], [ -73.862444702498564, 40.655293800760148 ], [ -73.860868537590136, 40.655077805736461 ], [ -73.860540778824813, 40.654623996610503 ] ] ] ] } },
{ "type": "Feature", "properties": { "NTA2020": "BK0505" }, "geometry": { "type": "Polygon", "coordinates": [ [ [ -73.864100966791341, 40.682372850292644 ], [ -73.863282970302279, 40.679079371678625 ], [ -73.86234580535023, 40.679164786146906 ], [ -73.860385198547277, 40.671251710989708 ], [ -73.857633231743719, 40.671656194038889 ], [ -73.855684611550359, 40.663867492874722 ], [ -73.858429507913044, 40.663453360931058 ], [ -73.8576153718558, 40.660118933153832 ], [ -73.860304945640536, 40.659634655303968 ], [ -73.863170833404041, 40.658276512948888 ], [ -73.862697782995326, 40.657618309012413 ], [ -73.863002022012893, 40.657488116627299 ], [ -73.863276230686083, 40.656941215328182 ], [ -73.863001717152656, 40.656653757370258 ], [ -73.862999209492742, 40.656357333737951 ], [ -73.863201989767902, 40.656359553754612 ], [ -73.863051322134496, 40.656106098379738 ], [ -73.862641173431655, 40.655667537007716 ], [ -73.860868537590136, 40.655077805736461 ], [ -73.862444702498564, 40.655293800760148 ], [ -73.864042072460052, 40.656237849935344 ], [ -73.873878105901994, 40.669447266620665 ], [ -73.876574952230939, 40.680167001828856 ], [ -73.877448046617971, 40.679930999959623 ], [ -73.877404987183212, 40.680099945604951 ], [ -73.873587333187061, 40.681094180179556 ], [ -73.873275603386887, 40.679920752997198 ], [ -73.87119974994593, 40.680221463165267 ], [ -73.871561504722237, 40.681684456960539 ], [ -73.866302638534989, 40.683186694603002 ], [ -73.866019932207308, 40.681919587028041 ], [ -73.864100966791341, 40.682372850292644 ] ] ] } },
{ "type": "Feature", "properties": { "NTA2020": "BK0571" }, "geometry": { "type": "Polygon", "coordinates": [ [ [ -73.86840518949181, 40.694731186243871 ], [ -73.868684543705783, 40.694034691905642 ], [ -73.868058852860685, 40.691183958239378 ], [ -73.870947622891421, 40.690502041470744 ], [ -73.872603370002494, 40.689921073964008 ], [ -73.88819092591433, 40.682555946293419 ], [ -73.88892468151505, 40.683125170019053 ], [ -73.889627875787696, 40.68423645425294 ], [ -73.888083418425452, 40.685293632171089 ], [ -73.884522509574239, 40.686684749095583 ], [ -73.883776985832526, 40.687863411184303 ], [ -73.879506411547808, 40.691146769345096 ], [ -73.874020533067025, 40.694191295218204 ], [ -73.868917626907503, 40.695146561514051 ], [ -73.86840518949181, 40.694731186243871 ] ] ] } },
{ "type": "Feature", "properties": { "NTA2020": "BK0601" }, "geometry": { "type": "Polygon", "coordinates": [ [ [ -73.992363669772203, 40.689690123776963 ], [ -73.993929295498603, 40.68645287164901 ], [ -73.989128406629675, 40.684589453073407 ], [ -73.988282937293661, 40.685866785622117 ], [ -73.979616800852568, 40.682491269710681 ], [ -73.983900487467679, 40.676148653156801 ], [ -73.992770806583337, 40.665507281433186 ], [ -73.994702740956853, 40.666665210753223 ], [ -73.995978786665717, 40.667998006652518 ], [ -73.998550905877934, 40.671925941858341 ], [ -73.999311011649269, 40.670772639549298 ], [ -74.000303378748896, 40.668716892497088 ], [ -74.001056641131854, 40.66894568171729 ], [ -74.001415271031618, 40.668359414347037 ], [ -74.002215068165455, 40.668578637441229 ], [ -74.002894838769492, 40.667348465949416 ], [ -74.003190752748409, 40.667263199814911 ], [ -74.003694620005291, 40.66742761120841 ], [ -74.003630263515362, 40.667567523356524 ], [ -74.005102273462683, 40.667975647728234 ], [ -74.005863661806842, 40.667993762585709 ], [ -74.006836355814841, 40.666056095924539 ], [ -74.006963990129663, 40.666051399365777 ], [ -74.004753886923282, 40.670721359447633 ], [ -74.005439265293518, 40.670921468238475 ], [ -74.007548216183878, 40.667051745733581 ], [ -74.007796533496247, 40.667159770777232 ], [ -74.007087242878072, 40.668591358033183 ], [ -74.009854118556262, 40.668523628335429 ], [ -74.011540175433311, 40.665085919756685 ], [ -74.015748728826594, 40.664568336291659 ], [ -74.016902673610815, 40.664846602841507 ], [ -74.017444460509964, 40.665267996351794 ], [ -74.017887191493898, 40.665850466285391 ], [ -74.01876336878675, 40.671075874494427 ], [ -74.019339468717774, 40.671624948422661 ], [ -74.018882833633327, 40.671601666205447 ], [ -74.017510370866944, 40.671034530984151 ], [ -74.016687683688744, 40.66543706676692 ], [ -74.016486655544966, 40.664930508953844 ], [ -74.016025517760113, 40.664863048788114 ], [ -74.015936985345505, 40.665470791721482 ], [ -74.012279678727921, 40.665732414158882 ], [ -74.010876640289752, 40.668601615763556 ], [ -74.010356836673154, 40.668642835388525 ], [ -74.010338459479357, 40.669078195448044 ], [ -74.01091024340414, 40.669190492369523 ], [ -74.010873439781875, 40.669710115558431 ], [ -74.011542880315687, 40.669784342750347 ], [ -74.011625275213561, 40.670581028275883 ], [ -74.014249269318753, 40.669728604737152 ], [ -74.011753505096905, 40.670657757075787 ], [ -74.012078317431317, 40.670933615031963 ], [ -74.012619634167834, 40.670841908940474 ], [ -74.013551986714432, 40.671256934377155 ], [ -74.013936266896579, 40.671179076872001 ], [ -74.014274072577223, 40.671379298679255 ], [ -74.015080064710872, 40.670685673798097 ], [ -74.015199805700703, 40.670754027664358 ], [ -74.013872737632454, 40.67188076176047 ], [ -74.014232894527822, 40.672130000513071 ], [ -74.015596444895536, 40.670970477517351 ], [ -74.015686254975151, 40.671038834928851 ], [ -74.012975877921889, 40.673327918720979 ], [ -74.013363782181443, 40.67359153693441 ], [ -74.015119186639623, 40.672156995969139 ], [ -74.016320999223069, 40.672908269563735 ], [ -74.014579467209558, 40.674414017071619 ], [ -74.014963921845748, 40.674677630294241 ], [ -74.018168392808008, 40.671939241103694 ], [ -74.018800947769193, 40.672250764848741 ], [ -74.017271384701274, 40.673608645805544 ], [ -74.017752470963671, 40.674047722892496 ], [ -74.018010773205404, 40.673913181052399 ], [ -74.017801872032052, 40.674095441412419 ], [ -74.018176182746728, 40.674464177539306 ], [ -74.017834475726872, 40.675258223014303 ], [ -74.018298026553339, 40.675459179181416 ], [ -74.01841235821729, 40.675365449431581 ], [ -74.018170709055099, 40.675290905663275 ], [ -74.018386927963249, 40.675096846520916 ], [ -74.018521633554542, 40.675268712587695 ], [ -74.018885117756284, 40.67508776516793 ], [ -74.018410313330861, 40.675519060985764 ], [ -74.018503921067364, 40.675837385970979 ], [ -74.018017534458565, 40.675884377557708 ], [ -74.017919687777649, 40.676514764887067 ], [ -74.019769256132349, 40.676613224917297 ], [ -74.019951978646773, 40.677103010450018 ], [ -74.019082573863301, 40.677139564047565 ], [ -74.01917743946899, 40.677826949007006 ], [ -74.018430406616062, 40.677908321362324 ], [ -74.018411031831761, 40.678407121781042 ], [ -74.019662003069428, 40.678385638958943 ], [ -74.018270261393681, 40.678554218459603 ], [ -74.01857882788785, 40.678983079472403 ], [ -74.019540115604755, 40.678968206289426 ], [ -74.019281281020312, 40.679648140595404 ], [ -74.017725325724371, 40.680661902673613 ], [ -74.01746928837116, 40.680614731700949 ], [ -74.015200822791442, 40.681979419930684 ], [ -74.015320597987412, 40.682110728780664 ], [ -74.012820003328471, 40.683622416497386 ], [ -74.012134816887908, 40.682905928025143 ], [ -74.014105496479743, 40.681712519375502 ], [ -74.013608632702827, 40.681221946728158 ], [ -74.013873987779917, 40.681009813318965 ], [ -74.013018354221046, 40.680412374014352 ], [ -74.009671085588835, 40.683268727715053 ], [ -74.010773123393804, 40.684358615540937 ], [ -74.0117827220121, 40.683759995499322 ], [ -74.011932599110594, 40.683887749155005 ], [ -74.007981840656768, 40.686275822095915 ], [ -74.007019886826583, 40.686526417696669 ], [ -74.005882241832325, 40.686195768893633 ], [ -74.005629863303994, 40.686784206043662 ], [ -74.004592705217718, 40.688215222986628 ], [ -74.003820388537093, 40.68892964469935 ], [ -74.002975653705391, 40.690426575920739 ], [ -74.001963219268376, 40.690136379460775 ], [ -74.001853045246222, 40.690387987244449 ], [ -74.0009615685494, 40.690128768350107 ], [ -74.000699058418789, 40.690611858419082 ], [ -74.001325623337848, 40.691463100332086 ], [ -74.0019693859211, 40.69184320882011 ], [ -74.001617274677201, 40.692549071104125 ], [ -73.999915173005988, 40.691767230010356 ], [ -73.992363669772203, 40.689690123776963 ] ] ] } },
{ "type": "Feature", "properties": { "NTA2020": "BK0602" }, "geometry": { "type": "Polygon", "coordinates": [ [ [ -73.973760849235646, 40.683049408639818 ], [ -73.974691183732531, 40.680266616804737 ], [ -73.976180513523204, 40.678064321466323 ], [ -73.971885968388023, 40.676394653479541 ], [ -73.969497387844427, 40.675906380466856 ], [ -73.969693175491557, 40.675360854935974 ], [ -73.969204685935182, 40.674988261836923 ], [ -73.968838902523132, 40.674408976997761 ], [ -73.968771816880022, 40.67332834245078 ], [ -73.968942064172509, 40.672887491772975 ], [ -73.969663940805731, 40.672642367867319 ], [ -73.970407344616874, 40.672647219428178 ], [ -73.971815946547864, 40.670629475305226 ], [ -73.979653534763273, 40.661243233731064 ], [ -73.980171611037008, 40.661154658980472 ], [ -73.991733652110042, 40.666736595442117 ], [ -73.983900487467679, 40.676148653156801 ], [ -73.978077296406667, 40.684914940390129 ], [ -73.9774572209719, 40.684052287110703 ], [ -73.97595023269956, 40.683513232049428 ], [ -73.973760849235646, 40.683049408639818 ] ] ] } },
{ "type": "Feature", "properties": { "NTA2020": "BK0701" }, "geometry": { "type": "Polygon", "coordinates": [ [ [ -73.980171611037008, 40.661154658980472 ], [ -73.980210052244544, 40.660923322437917 ], [ -73.980001138906857, 40.660757564209959 ], [ -73.979578700956409, 40.660853242153962 ], [ -73.975157381000088, 40.658722794114993 ], [ -73.974367012924731, 40.658187904014824 ], [ -73.972328462880782, 40.651397929082904 ], [ -73.972591595521891, 40.651276461412401 ], [ -73.9726887491978, 40.650967127714416 ], [ -73.972442022311753, 40.650698175640734 ], [ -73.972088461074037, 40.650656908753824 ], [ -73.971396316881751, 40.64825778561152 ], [ -73.973266890058767, 40.647583072125805 ], [ -73.97527213435491, 40.64783060456989 ], [ -73.980291154772004, 40.647297161431275 ], [ -73.981795687184189, 40.655246097158233 ], [ -73.988431352521516, 40.659251211657853 ], [ -73.987250689105664, 40.660378956324266 ], [ -73.98871651059676, 40.662404938861904 ], [ -73.988317291099449, 40.662786248718049 ], [ -73.992770806583337, 40.665507281433186 ], [ -73.991733652110042, 40.666736595442117 ], [ -73.980171611037008, 40.661154658980472 ] ] ] } },
{ "type": "Feature", "properties": { "NTA2020": "BK0702" }, "geometry": { "type": "Polygon", "coordinates": [ [ [ -73.994702740956853, 40.666665210753223 ], [ -73.988317291099449, 40.662786248718049 ], [ -73.98871651059676, 40.662404938861904 ], [ -73.987250689105664, 40.660378956324266 ], [ -73.990188415010195, 40.657600818831241 ], [ -73.992383394834619, 40.658899016424471 ], [ -73.992964019759867, 40.658337409962542 ], [ -73.995168901981515, 40.659669522044105 ], [ -74.01616711475117, 40.639482441569406 ], [ -74.018430703369148, 40.640837328059355 ], [ -74.021087311753504, 40.638263587978543 ], [ -74.02156036830587, 40.638982843720001 ], [ -74.021688461182478, 40.639830777638146 ], [ -74.021851963898484, 40.639816098834245 ], [ -74.021651490193179, 40.640603693819337 ], [ -74.021114567158051, 40.641513579220018 ], [ -74.02321780213282, 40.639901514603608 ], [ -74.023549391547306, 40.639320333692318 ], [ -74.024754376048335, 40.638121418091657 ], [ -74.026952447337393, 40.639446065044758 ], [ -74.02623698651324, 40.640126491180048 ], [ -74.028896667750601, 40.641214022314919 ], [ -74.029055399087909, 40.641725343057175 ], [ -74.02983102832728, 40.642319357022771 ], [ -74.03254173795645, 40.643825484351957 ], [ -74.032268708658236, 40.644074379292597 ], [ -74.031897084943381, 40.6438893493698 ], [ -74.030518308633958, 40.645274424706471 ], [ -74.029080908857765, 40.644403596930395 ], [ -74.02899762468769, 40.644471961492968 ], [ -74.029154189945302, 40.644581445419576 ], [ -74.028862411270595, 40.644866024225628 ], [ -74.029086542892401, 40.644583001799653 ], [ -74.02850116250606, 40.644177564702673 ], [ -74.028190530493418, 40.644414330708884 ], [ -74.028457210957811, 40.644156059248203 ], [ -74.028205695450069, 40.644015982890316 ], [ -74.026049484003195, 40.646261350326192 ], [ -74.029740782110508, 40.648486025707847 ], [ -74.02938990486598, 40.648804054611318 ], [ -74.025717588048124, 40.646615492290977 ], [ -74.025381492652997, 40.64691234622655 ], [ -74.025071114300857, 40.646725616378497 ], [ -74.024354969367209, 40.6473992781535 ], [ -74.024145660505695, 40.647615101259888 ], [ -74.025129119552403, 40.648323181457279 ], [ -74.024967921171367, 40.648605962267538 ], [ -74.025538645780443, 40.649782159348085 ], [ -74.024844363634443, 40.650599638057024 ], [ -74.02520581187575, 40.650818467899391 ], [ -74.025415539294627, 40.65061869708255 ], [ -74.026051331967992, 40.650994300743143 ], [ -74.025529715436562, 40.651478550692865 ], [ -74.024911228490183, 40.651106285290744 ], [ -74.025102571902394, 40.650893305576901 ], [ -74.02477160495674, 40.650687707435416 ], [ -74.024240213475295, 40.651133516313415 ], [ -74.02550139045745, 40.651839851034232 ], [ -74.025416040285933, 40.651933806855105 ], [ -74.024177529733961, 40.651191773212197 ], [ -74.023594002951896, 40.651315663253762 ], [ -74.023059910470295, 40.650974304134799 ], [ -74.022851417959828, 40.651169195161771 ], [ -74.025368901505189, 40.652721436927287 ], [ -74.025226629726617, 40.652829856959677 ], [ -74.021541383192243, 40.650671622911254 ], [ -74.021246523734106, 40.650834972564368 ], [ -74.021391882106727, 40.650967757988376 ], [ -74.021127077838443, 40.650943212618067 ], [ -74.021052303922147, 40.651098282927755 ], [ -74.022337346668337, 40.651910605381659 ], [ -74.022251731997102, 40.651981601506826 ], [ -74.020982612258621, 40.651156822657732 ], [ -74.020898628708338, 40.651247275218317 ], [ -74.023807039031269, 40.653044728511503 ], [ -74.023594344975564, 40.653216368961786 ], [ -74.02195900090598, 40.652222781970785 ], [ -74.021621533676168, 40.652319951290558 ], [ -74.021186700278903, 40.652839836895375 ], [ -74.023204647271413, 40.65409611681789 ], [ -74.023062190892304, 40.654233236291958 ], [ -74.022101951624691, 40.653587954310247 ], [ -74.021629462954976, 40.653645165216069 ], [ -74.021149634844932, 40.654210755211601 ], [ -74.021824797454997, 40.654656175785441 ], [ -74.021644864153757, 40.6548789828799 ], [ -74.020894697975962, 40.654433575413556 ], [ -74.020639691589906, 40.654439333329513 ], [ -74.020474618201845, 40.654216589227175 ], [ -74.019192030254217, 40.654022598494151 ], [ -74.018726865886848, 40.65347431052443 ], [ -74.018118978764861, 40.653885271607869 ], [ -74.02025589052927, 40.65511826288116 ], [ -74.020051824542975, 40.655335948874502 ], [ -74.017874072238158, 40.654061502330869 ], [ -74.017153195810266, 40.65477510436213 ], [ -74.019800816519989, 40.656487210584679 ], [ -74.019705964102329, 40.656581163751056 ], [ -74.017267159365872, 40.65519418798651 ], [ -74.016916178510726, 40.655483274957788 ], [ -74.016650479597615, 40.655338796572195 ], [ -74.016394375337768, 40.655620642850799 ], [ -74.019108438031225, 40.657368884303487 ], [ -74.018605694609988, 40.657845874022883 ], [ -74.015853700568158, 40.65621324005285 ], [ -74.015436322696488, 40.65663239675969 ], [ -74.017742327274931, 40.658098916724981 ], [ -74.017666444095212, 40.658185638771535 ], [ -74.017865731096791, 40.658308447298573 ], [ -74.01768549175469, 40.658452992761248 ], [ -74.015047382218569, 40.656950386693438 ], [ -74.014421304845527, 40.657608021951411 ], [ -74.017458030879041, 40.659450197386747 ], [ -74.015541653890068, 40.660758355476155 ], [ -74.014004283924152, 40.659811963440141 ], [ -74.013662739926033, 40.660028780636878 ], [ -74.011838620565527, 40.658912837274748 ], [ -74.011107504103094, 40.659706274580657 ], [ -74.014022476780241, 40.661529747440085 ], [ -74.013155549388145, 40.661981597725976 ], [ -74.012653588114944, 40.661981654037604 ], [ -74.0085995696829, 40.659520923098292 ], [ -74.007458581638957, 40.660558476209935 ], [ -74.010372012972226, 40.66239887972997 ], [ -74.010463317244941, 40.662642119790078 ], [ -74.009550741420355, 40.663267694130397 ], [ -74.008683715913008, 40.663372012840263 ], [ -74.006161411363209, 40.661845068990516 ], [ -74.005685947568921, 40.662274740360544 ], [ -74.004283582501245, 40.661444894101315 ], [ -74.00414624892214, 40.661561635681316 ], [ -74.006226982479248, 40.662787827860996 ], [ -74.005923605030347, 40.663108250739114 ], [ -74.00380815470885, 40.661907945728203 ], [ -74.003488011006496, 40.66224055612853 ], [ -74.004554984887122, 40.662816372912765 ], [ -74.004732981217771, 40.662496503996685 ], [ -74.005358128642513, 40.662869129731753 ], [ -74.004971577586119, 40.66306821324212 ], [ -74.00519233775087, 40.663201553096613 ], [ -74.005380144139252, 40.662883926955416 ], [ -74.005997486826928, 40.663258610828557 ], [ -74.005613486817495, 40.663458390254796 ], [ -74.007721335067032, 40.66471863301981 ], [ -74.007305161268349, 40.664597590752614 ], [ -74.007125326467403, 40.66491521847432 ], [ -74.006524696001179, 40.664547227160412 ], [ -74.006882153073065, 40.664340372942974 ], [ -74.006629378595704, 40.664187930124477 ], [ -74.006449799807939, 40.664506206799096 ], [ -74.005841576324855, 40.664138020674606 ], [ -74.006203065853754, 40.66393016821052 ], [ -74.006046085189794, 40.663840005635585 ], [ -74.005757810454867, 40.663922756801654 ], [ -74.005849247706109, 40.664503298619721 ], [ -74.0056414075448, 40.664531491393255 ], [ -74.005650259595853, 40.663900337843771 ], [ -74.003628625085668, 40.662734847534594 ], [ -74.003403485956284, 40.662985726095712 ], [ -74.004592386367534, 40.663735199832878 ], [ -74.00432294897378, 40.664052319975305 ], [ -74.00528132177341, 40.664657003524006 ], [ -74.004861937926592, 40.665064821938223 ], [ -74.001135195096595, 40.662901723552558 ], [ -74.000944242656104, 40.66307639198395 ], [ -74.000834011084436, 40.663006442189179 ], [ -73.999531526099162, 40.664397485936945 ], [ -74.002924635163879, 40.666462312163418 ], [ -74.002240309913773, 40.666793835145221 ], [ -74.001619500210921, 40.666766279174496 ], [ -74.001206113483107, 40.667018107202843 ], [ -74.001464709327095, 40.667169568707592 ], [ -74.000687748687653, 40.667545951898816 ], [ -73.999981493391232, 40.667450274908688 ], [ -73.999026009983893, 40.668442972127025 ], [ -73.999026332641733, 40.669007888400714 ], [ -73.999240491050358, 40.668306286560011 ], [ -73.999079353279754, 40.669038271861616 ], [ -73.998655806916133, 40.669514795547954 ], [ -73.998911601678913, 40.66964857863956 ], [ -73.998916848387609, 40.669804563217774 ], [ -73.99855824468392, 40.671335501669979 ], [ -73.998769410589219, 40.671602047105111 ], [ -73.998550905877934, 40.671925941858341 ], [ -73.995978786665717, 40.667998006652518 ], [ -73.994702740956853, 40.666665210753223 ] ] ] } },
{ "type": "Feature", "properties": { "NTA2020": "BK0703" }, "geometry": { "type": "Polygon", "coordinates": [ [ [ -73.996045653746478, 40.648340654929001 ], [ -74.009557083718789, 40.635492964131174 ], [ -74.005564903261927, 40.633083176916863 ], [ -74.007023024863543, 40.632109995476391 ], [ -74.01074220090473, 40.634356548825586 ], [ -74.011908237808441, 40.633234404781696 ], [ -74.01629036021744, 40.635911128329404 ], [ -74.016773962007221, 40.635435143438926 ], [ -74.020057217350242, 40.637437238496013 ], [ -74.021087311753504, 40.638263587978543 ], [ -74.018430703369148, 40.640837328059355 ], [ -74.01616711475117, 40.639482441569406 ], [ -74.002165560589731, 40.652949314454098 ], [ -73.997794660874575, 40.650288889978455 ], [ -73.998306023177065, 40.649740015111838 ], [ -73.996045653746478, 40.648340654929001 ] ] ] } },
{ "type": "Feature", "properties": { "NTA2020": "BK0771" }, "geometry": { "type": "Polygon", "coordinates": [ [ [ -73.988431352521516, 40.659251211657853 ], [ -73.981795687184189, 40.655246097158233 ], [ -73.980291154772004, 40.647297161431275 ], [ -73.981805338572073, 40.647127799262307 ], [ -73.988349867370104, 40.644562243887364 ], [ -73.989058724595893, 40.644119241039284 ], [ -73.998306023177065, 40.649740015111838 ], [ -73.997794660874575, 40.650288889978455 ], [ -74.002165560589731, 40.652949314454098 ], [ -73.995168901981515, 40.659669522044105 ], [ -73.992964019759867, 40.658337409962542 ], [ -73.992383394834619, 40.658899016424471 ], [ -73.990188415010195, 40.657600818831241 ], [ -73.988431352521516, 40.659251211657853 ] ] ] } },
{ "type": "Feature", "properties": { "NTA2020": "BK0801" }, "geometry": { "type": "Polygon", "coordinates": [ [ [ -73.973760849235646, 40.683049408639818 ], [ -73.961346557977649, 40.68046352430067 ], [ -73.963182387242782, 40.675529504991005 ], [ -73.960073458902855, 40.674864284656941 ], [ -73.961336955593126, 40.671356771472468 ], [ -73.9671318191198, 40.672796971281521 ], [ -73.968942064172509, 40.672887491772975 ], [ -73.9687466164916, 40.673447006049663 ], [ -73.968741434389898, 40.67408910734116 ], [ -73.969128150577873, 40.674899998797791 ], [ -73.969693175491557, 40.675360854935974 ], [ -73.969497387844427, 40.675906380466856 ], [ -73.971885968388023, 40.676394653479541 ], [ -73.976180513523204, 40.678064321466323 ], [ -73.974691183732531, 40.680266616804737 ], [ -73.973760849235646, 40.683049408639818 ] ] ] } },
{ "type": "Feature", "properties": { "NTA2020": "BK0802" }, "geometry": { "type": "Polygon", "coordinates": [ [ [ -73.952052388797313, 40.678674657273717 ], [ -73.921815390315899, 40.677018390461839 ], [ -73.922752572204359, 40.667097332962115 ], [ -73.924244672085607, 40.666445000386283 ], [ -73.924781096980013, 40.667642043973451 ], [ -73.925527597734941, 40.66849968981726 ], [ -73.955269635887561, 40.670124904853857 ], [ -73.961336955593126, 40.671356771472468 ], [ -73.960073458902855, 40.674864284656941 ], [ -73.963182387242782, 40.675529504991005 ], [ -73.961346557977649, 40.68046352430067 ], [ -73.952052388797313, 40.678674657273717 ] ] ] } },
{ "type": "Feature", "properties": { "NTA2020": "BK0891" }, "geometry": { "type": "Polygon", "coordinates": [ [ [ -73.924244672085607, 40.666445000386283 ], [ -73.925462701954046, 40.665916751991617 ], [ -73.928722045946046, 40.6644955696853 ], [ -73.928349671658964, 40.668647194690749 ], [ -73.925527597734941, 40.66849968981726 ], [ -73.924781096980013, 40.667642043973451 ], [ -73.924244672085607, 40.666445000386283 ] ] ] } },
{ "type": "Feature", "properties": { "NTA2020": "BK0901" }, "geometry": { "type": "Polygon", "coordinates": [ [ [ -73.962571230847274, 40.671622244887324 ], [ -73.955269635887561, 40.670124904853857 ], [ -73.928349671658964, 40.668647194690749 ], [ -73.928722045946046, 40.6644955696853 ], [ -73.930684654931355, 40.663620476270239 ], [ -73.942828922468408, 40.662847485669332 ], [ -73.942696289600548, 40.664055129738216 ], [ -73.945462936544587, 40.664226104639191 ], [ -73.957209353911537, 40.663517397280174 ], [ -73.957291726035209, 40.664302632819464 ], [ -73.958079533782879, 40.66425950621754 ], [ -73.96033682872293, 40.6641086983484 ], [ -73.960615447323974, 40.663302750167958 ], [ -73.960955953876251, 40.663285054834041 ], [ -73.962571230847274, 40.671622244887324 ] ] ] } },
{ "type": "Feature", "properties": { "NTA2020": "BK0902" }, "geometry": { "type": "Polygon", "coordinates": [ [ [ -73.931607433350294, 40.663556723298434 ], [ -73.931325697800489, 40.660593307024563 ], [ -73.934230374849548, 40.660415233948022 ], [ -73.933995848214238, 40.658118646393127 ], [ -73.931083230989117, 40.658295916036323 ], [ -73.930903548662798, 40.656610355983787 ], [ -73.95006664927287, 40.65542299720061 ], [ -73.950159660484587, 40.656260231082676 ], [ -73.956388516127845, 40.655874565899843 ], [ -73.956300351227114, 40.655048281831185 ], [ -73.959696657970397, 40.654839215228577 ], [ -73.959861031131027, 40.65563478943934 ], [ -73.961880864397983, 40.654881192052272 ], [ -73.963082855525542, 40.662131168013822 ], [ -73.962930497642262, 40.6625690431568 ], [ -73.962249738351389, 40.663198678195023 ], [ -73.960615447323974, 40.663302750167958 ], [ -73.96033682872293, 40.6641086983484 ], [ -73.957291726035209, 40.664302632819464 ], [ -73.957209353911537, 40.663517397280174 ], [ -73.945462936544587, 40.664226104639191 ], [ -73.942696289600548, 40.664055129738216 ], [ -73.942828922468408, 40.662847485669332 ], [ -73.931607433350294, 40.663556723298434 ] ] ] } },
{ "type": "Feature", "properties": { "NTA2020": "BK1001" }, "geometry": { "type": "Polygon", "coordinates": [ [ [ -74.032641290263072, 40.643787313444115 ], [ -74.02983102832728, 40.642319357022771 ], [ -74.029055399087909, 40.641725343057175 ], [ -74.028896667750601, 40.641214022314919 ], [ -74.02623698651324, 40.640126491180048 ], [ -74.026952447337393, 40.639446065044758 ], [ -74.024754376048335, 40.638121418091657 ], [ -74.023549391547306, 40.639320333692318 ], [ -74.02321780213282, 40.639901514603608 ], [ -74.021114567158051, 40.641513579220018 ], [ -74.021651490193179, 40.640603693819337 ], [ -74.021851963898484, 40.639816098834245 ], [ -74.021688461182478, 40.639830777638146 ], [ -74.02159810794673, 40.639086495874892 ], [ -74.021281085446049, 40.638490108380161 ], [ -74.020057217350242, 40.637437238496013 ], [ -74.016773962007221, 40.635435143438926 ], [ -74.016154141148576, 40.63467210386834 ], [ -74.015861508593147, 40.633391326176096 ], [ -74.015602049692333, 40.633516977941568 ], [ -74.015146306801213, 40.63322193848731 ], [ -74.01970491557131, 40.62218496500811 ], [ -74.020086672025514, 40.622420952662061 ], [ -74.020424099077317, 40.622163310366368 ], [ -74.022875987434873, 40.619466147908838 ], [ -74.021215481986971, 40.618471985279385 ], [ -74.024777321800784, 40.609695998029565 ], [ -74.027106605568036, 40.610243956324148 ], [ -74.026376090571517, 40.612450603402088 ], [ -74.027542971945977, 40.612937183706784 ], [ -74.025749890600721, 40.616058223195495 ], [ -74.026289756847163, 40.616329300249873 ], [ -74.031446385427586, 40.611119814507354 ], [ -74.033145639217835, 40.610227488544268 ], [ -74.036039777779152, 40.609295639001886 ], [ -74.036955409628689, 40.611256011201831 ], [ -74.039025021843457, 40.613158975948259 ], [ -74.040130925842092, 40.614791911167892 ], [ -74.040476120214862, 40.615625263161533 ], [ -74.041375228915911, 40.619993552965269 ], [ -74.04159578829919, 40.62046384085847 ], [ -74.041710158124687, 40.623305320611834 ], [ -74.041895131216464, 40.624299026704207 ], [ -74.041064670603433, 40.630191783159034 ], [ -74.03680662048852, 40.638984221545535 ], [ -74.038762979207561, 40.639588258980567 ], [ -74.038688046907339, 40.639738256029609 ], [ -74.036724843748829, 40.639141190206729 ], [ -74.035712761507298, 40.64064015404653 ], [ -74.036739866295676, 40.641476365458757 ], [ -74.036703078691119, 40.641685619371451 ], [ -74.034073292942608, 40.644313932963946 ], [ -74.032875072301152, 40.643583315387055 ], [ -74.032641290263072, 40.643787313444115 ] ] ] } },
{ "type": "Feature", "properties": { "NTA2020": "BK1002" }, "geometry": { "type": "Polygon", "coordinates": [ [ [ -74.01074220090473, 40.634356548825586 ], [ -74.001930114411252, 40.629032767891388 ], [ -74.002514548062976, 40.628474209562604 ], [ -73.997240670397304, 40.625288687028061 ], [ -73.997713589295969, 40.623680269916022 ], [ -73.999320902189851, 40.624655246846565 ], [ -74.011712015557336, 40.612735029187562 ], [ -74.022875987434873, 40.619466147908838 ], [ -74.020424099077317, 40.622163310366368 ], [ -74.020086672025514, 40.622420952662061 ], [ -74.01970491557131, 40.62218496500811 ], [ -74.015424098029087, 40.63251313909737 ], [ -74.015146306801213, 40.63322193848731 ], [ -74.015602049692333, 40.633516977941568 ], [ -74.015861508593147, 40.633391326176096 ], [ -74.016154141148576, 40.63467210386834 ], [ -74.016773962007221, 40.635435143438926 ], [ -74.01629036021744, 40.635911128329404 ], [ -74.011908237808441, 40.633234404781696 ], [ -74.01074220090473, 40.634356548825586 ] ] ] } },
{ "type": "Feature", "properties": { "NTA2020": "BK1061" }, "geometry": { "type": "Polygon", "coordinates": [ [ [ -74.024777321800784, 40.609695998029565 ], [ -74.021506028908647, 40.607822098832933 ], [ -74.022477694914443, 40.606674216150196 ], [ -74.020785409732596, 40.605673685512265 ], [ -74.021438647709957, 40.604415996582105 ], [ -74.018713822891371, 40.603582075907298 ], [ -74.019427608238104, 40.602871578348108 ], [ -74.021016629911301, 40.603555553159687 ], [ -74.030051465476845, 40.604759173812006 ], [ -74.032706814798857, 40.606331066038116 ], [ -74.03427280539475, 40.607717478732951 ], [ -74.034870470739193, 40.608582287764065 ], [ -74.036039777779152, 40.609295639001886 ], [ -74.033145639217835, 40.610227488544268 ], [ -74.031446385427586, 40.611119814507354 ], [ -74.026289756847163, 40.616329300249873 ], [ -74.025749890600721, 40.616058223195495 ], [ -74.027542971945977, 40.612937183706784 ], [ -74.026376090571517, 40.612450603402088 ], [ -74.027106605568036, 40.610243956324148 ], [ -74.024777321800784, 40.609695998029565 ] ] ] } },
{ "type": "Feature", "properties": { "NTA2020": "BK1091" }, "geometry": { "type": "Polygon", "coordinates": [ [ [ -74.011712015557336, 40.612735029187562 ], [ -74.017019101547376, 40.607654416971165 ], [ -74.015498550096368, 40.606841524276938 ], [ -74.018713822891371, 40.603582075907298 ], [ -74.021438647709957, 40.604415996582105 ], [ -74.020785409732596, 40.605673685512265 ], [ -74.022477694914443, 40.606674216150196 ], [ -74.021506028908647, 40.607822098832933 ], [ -74.024777321800784, 40.609695998029565 ], [ -74.021215481986971, 40.618471985279385 ], [ -74.011712015557336, 40.612735029187562 ] ] ] } },
{ "type": "Feature", "properties": { "NTA2020": "BK1101" }, "geometry": { "type": "Polygon", "coordinates": [ [ [ -73.994324974133008, 40.625342908797457 ], [ -73.985693578241722, 40.620131514950216 ], [ -73.986275247096572, 40.61956661709231 ], [ -73.974776579745168, 40.612638475429463 ], [ -73.974030977693303, 40.608702310158854 ], [ -73.988422675760148, 40.607119149009932 ], [ -73.989131914822494, 40.606456137207218 ], [ -73.9868476264827, 40.605097236630385 ], [ -73.988690087070296, 40.60342530715613 ], [ -73.990873266781946, 40.604769296493423 ], [ -73.995593207626541, 40.600232221722308 ], [ -74.000022660966607, 40.602907316229178 ], [ -74.000323538208946, 40.602620292372514 ], [ -74.004934489041645, 40.605074406401229 ], [ -74.00264412402818, 40.607257175320342 ], [ -74.00094408424448, 40.608639710173257 ], [ -74.007900371144345, 40.612323433902283 ], [ -74.010504035874163, 40.613896611995088 ], [ -73.999320902189851, 40.624655246846565 ], [ -73.997713589295969, 40.623680269916022 ], [ -73.996788475313068, 40.62682605141277 ], [ -73.995078148698482, 40.625806737837152 ], [ -73.994649729741681, 40.625697179724163 ], [ -73.994892805613759, 40.625461794191743 ], [ -73.994324974133008, 40.625342908797457 ] ] ] } },
{ "type": "Feature", "properties": { "NTA2020": "BK1102" }, "geometry": { "type": "Polygon", "coordinates": [ [ [ -73.995593207626541, 40.600232221722308 ], [ -74.002037730226959, 40.594059606034683 ], [ -74.003345883651448, 40.595732789500552 ], [ -74.005118381707632, 40.597224791553678 ], [ -74.010412388895105, 40.600475181712525 ], [ -74.01236981602699, 40.601349257116212 ], [ -74.01472837011984, 40.602065911342613 ], [ -74.016986255492455, 40.602450542755861 ], [ -74.018323472168518, 40.602417651130494 ], [ -74.019135639028903, 40.602612754504996 ], [ -74.019427608238104, 40.602871578348108 ], [ -74.015498550096368, 40.606841524276938 ], [ -74.017019101547376, 40.607654416971165 ], [ -74.010504035874163, 40.613896611995088 ], [ -74.007900371144345, 40.612323433902283 ], [ -74.00094408424448, 40.608639710173257 ], [ -74.00264412402818, 40.607257175320342 ], [ -74.004934489041645, 40.605074406401229 ], [ -74.000323538208946, 40.602620292372514 ], [ -74.000022660966607, 40.602907316229178 ], [ -73.995593207626541, 40.600232221722308 ] ] ] } },
{ "type": "Feature", "properties": { "NTA2020": "BK1103" }, "geometry": { "type": "Polygon", "coordinates": [ [ [ -73.979954434517197, 40.594073812106615 ], [ -73.984639654359782, 40.593552176042564 ], [ -73.986019368242836, 40.594446049461688 ], [ -73.989621500989216, 40.590981993244959 ], [ -73.990364251109952, 40.591431931676375 ], [ -73.99153934444449, 40.590390903081335 ], [ -73.993308549669493, 40.589583898580472 ], [ -73.993757618544791, 40.590331844505734 ], [ -73.997933824123876, 40.588399282903254 ], [ -73.998672933755614, 40.5891955494371 ], [ -73.999236903969589, 40.588935328269095 ], [ -73.999464468110745, 40.589233269380742 ], [ -73.998378348821106, 40.589770445088583 ], [ -73.99883618014573, 40.589625489542293 ], [ -73.998443870794915, 40.589860399177539 ], [ -73.998778005895858, 40.590314355844505 ], [ -73.998443259368685, 40.590240105494466 ], [ -73.997759727013616, 40.590952469613796 ], [ -73.997111685715367, 40.591277977443788 ], [ -73.997189827479261, 40.591606180953328 ], [ -73.998064382676844, 40.59120946473152 ], [ -73.99812869461266, 40.591288664257995 ], [ -73.997282697037861, 40.591714814868098 ], [ -73.997548510584025, 40.591917578673034 ], [ -73.999462712443645, 40.591103207127162 ], [ -73.999987350012674, 40.591172945676519 ], [ -74.000230752802125, 40.591478489774978 ], [ -73.99903131441657, 40.592312803447605 ], [ -73.999483048723746, 40.592969199897638 ], [ -73.998388310836191, 40.593531391606319 ], [ -73.99853410978703, 40.593592347900412 ], [ -74.00109596784155, 40.592518708998988 ], [ -74.002037730226959, 40.594059606034683 ], [ -73.990873266781946, 40.604769296493423 ], [ -73.988690087070296, 40.60342530715613 ], [ -73.9868476264827, 40.605097236630385 ], [ -73.989131914822494, 40.606456137207218 ], [ -73.988422675760148, 40.607119149009932 ], [ -73.972994340048416, 40.608814141802412 ], [ -73.972177428008649, 40.604194711537389 ], [ -73.972911169071622, 40.599315804203364 ], [ -73.971910804770758, 40.599423059132199 ], [ -73.971483507887882, 40.597171584957827 ], [ -73.980357854738543, 40.596191541746393 ], [ -73.979954434517197, 40.594073812106615 ] ] ] } },
{ "type": "Feature", "properties": { "NTA2020": "BK1201" }, "geometry": { "type": "Polygon", "coordinates": [ [ [ -73.989058724595893, 40.644119241039284 ], [ -74.005564903261927, 40.633083176916863 ], [ -74.009557083718789, 40.635492964131174 ], [ -73.996045653746478, 40.648340654929001 ], [ -73.989058724595893, 40.644119241039284 ] ] ] } },
{ "type": "Feature", "properties": { "NTA2020": "BK1202" }, "geometry": { "type": "Polygon", "coordinates": [ [ [ -73.97604935657381, 40.63127590564681 ], [ -73.97716511994669, 40.630746654129382 ], [ -73.97657775689153, 40.627573186818992 ], [ -73.976789925287207, 40.627540585544885 ], [ -73.977524040779315, 40.627977619026204 ], [ -73.982144133700587, 40.623532670666741 ], [ -73.98440060310341, 40.624892622266167 ], [ -73.98610080628896, 40.623183112536076 ], [ -73.988302202332207, 40.624513695566428 ], [ -73.990093560512861, 40.622788953343075 ], [ -73.994324974133008, 40.625342908797457 ], [ -73.994892805613759, 40.625461794191743 ], [ -73.994649729741681, 40.625697179724163 ], [ -73.995078148698482, 40.625806737837152 ], [ -73.996788475313068, 40.62682605141277 ], [ -73.997240670397304, 40.625288687028061 ], [ -74.002514548062976, 40.628474209562604 ], [ -74.001930114411252, 40.629032767891388 ], [ -74.007023024863543, 40.632109995476391 ], [ -73.988349867370104, 40.644562243887364 ], [ -73.982994192414424, 40.641324996849143 ], [ -73.980420578878608, 40.642385226905859 ], [ -73.979111887377343, 40.635440386941987 ], [ -73.976888611464901, 40.63567486202826 ], [ -73.97604935657381, 40.63127590564681 ] ] ] } },
{ "type": "Feature", "properties": { "NTA2020": "BK1203" }, "geometry": { "type": "Polygon", "coordinates": [ [ [ -73.97604935657381, 40.63127590564681 ], [ -73.976888611464901, 40.63567486202826 ], [ -73.979111887377343, 40.635440386941987 ], [ -73.980420578878608, 40.642385226905859 ], [ -73.982994192414424, 40.641324996849143 ], [ -73.988349867370104, 40.644562243887364 ], [ -73.981805338572073, 40.647127799262307 ], [ -73.97527213435491, 40.64783060456989 ], [ -73.973266890058767, 40.647583072125805 ], [ -73.971396316881751, 40.64825778561152 ], [ -73.968038684877982, 40.636650985436376 ], [ -73.970290362289219, 40.636406341418208 ], [ -73.969868693395725, 40.634194674598191 ], [ -73.97604935657381, 40.63127590564681 ] ] ] } },
{ "type": "Feature", "properties": { "NTA2020": "BK1204" }, "geometry": { "type": "Polygon", "coordinates": [ [ [ -73.962859740274325, 40.612549485964685 ], [ -73.964781127429944, 40.61233092216407 ], [ -73.96429649897982, 40.609776426175287 ], [ -73.974030977693303, 40.608702310158854 ], [ -73.974776579745168, 40.612638475429463 ], [ -73.986275247096572, 40.61956661709231 ], [ -73.985693578241722, 40.620131514950216 ], [ -73.990093560512861, 40.622788953343075 ], [ -73.988302202332207, 40.624513695566428 ], [ -73.98610080628896, 40.623183112536076 ], [ -73.98440060310341, 40.624892622266167 ], [ -73.982144133700587, 40.623532670666741 ], [ -73.977524040779315, 40.627977619026204 ], [ -73.976789925287207, 40.627540585544885 ], [ -73.97657775689153, 40.627573186818992 ], [ -73.976234536827548, 40.625976350730269 ], [ -73.970921262687767, 40.62656998550554 ], [ -73.97136622157025, 40.628929162715906 ], [ -73.966081912939003, 40.629542706826108 ], [ -73.962859740274325, 40.612549485964685 ] ] ] } },
{ "type": "Feature", "properties": { "NTA2020": "BK1301" }, "geometry": { "type": "Polygon", "coordinates": [ [ [ -73.9807101319401, 40.59399722863558 ], [ -73.977695658034293, 40.592186537858304 ], [ -73.977514113194999, 40.591137312684211 ], [ -73.975570819608023, 40.58994799105399 ], [ -73.96067984134298, 40.591597582626456 ], [ -73.960258258365613, 40.585029307841424 ], [ -73.963443002592911, 40.58466444589137 ], [ -73.967858441325106, 40.584514044261532 ], [ -73.968999855856836, 40.58406289464525 ], [ -73.974681943774371, 40.583124118402672 ], [ -73.97742525335677, 40.582906593171636 ], [ -73.984821929012952, 40.58416852327678 ], [ -73.984927310362238, 40.584595952702244 ], [ -73.986275736124369, 40.58447998143253 ], [ -73.987101203194428, 40.584644592265192 ], [ -73.986544570422637, 40.583658591316478 ], [ -73.98829948294923, 40.583466746658182 ], [ -73.988817856301395, 40.584372995099926 ], [ -73.9915384829049, 40.586471969625777 ], [ -73.99259141705376, 40.588106321392502 ], [ -73.997766308806035, 40.58567824351978 ], [ -73.998085237760122, 40.585364722084115 ], [ -73.998088991883932, 40.585470741265915 ], [ -73.999705970995123, 40.585689819858587 ], [ -73.999525679903627, 40.585758544659924 ], [ -73.999634238235046, 40.586069747935987 ], [ -73.999356651577472, 40.586381369415705 ], [ -73.998145304490038, 40.586531693907176 ], [ -73.994173056383772, 40.58838285782079 ], [ -73.995598574103511, 40.587841707554169 ], [ -73.995660545122703, 40.587936207343837 ], [ -73.994079046217806, 40.588693441990586 ], [ -73.994215546083055, 40.588868530482806 ], [ -73.997956397392883, 40.587269506365672 ], [ -73.994876776953689, 40.588771746675171 ], [ -73.995347376612173, 40.589331380440001 ], [ -74.00011449538404, 40.586951640902626 ], [ -74.000108860195041, 40.586560729096774 ], [ -74.000432774931397, 40.586544594921598 ], [ -74.000382070497977, 40.587133057349504 ], [ -73.993757618544791, 40.590331844505734 ], [ -73.993308549669493, 40.589583898580472 ], [ -73.99153934444449, 40.590390903081335 ], [ -73.990364251109952, 40.591431931676375 ], [ -73.989621500989216, 40.590981993244959 ], [ -73.986019368242836, 40.594446049461688 ], [ -73.984639654359782, 40.593552176042564 ], [ -73.9807101319401, 40.59399722863558 ] ] ] } },
{ "type": "Feature", "properties": { "NTA2020": "BK1302" }, "geometry": { "type": "Polygon", "coordinates": [ [ [ -73.966615316033426, 40.584570846455378 ], [ -73.968681195432495, 40.575630883265319 ], [ -73.968889958779428, 40.575261238994152 ], [ -73.968258788175447, 40.575045489493434 ], [ -73.967657435234784, 40.575043682490438 ], [ -73.967567072914207, 40.574881526949142 ], [ -73.965749216863273, 40.574794197098363 ], [ -73.959417782885453, 40.575177983139227 ], [ -73.959391822474032, 40.573912109752413 ], [ -73.96720294103956, 40.573326317397466 ], [ -73.967435677931306, 40.573208969671327 ], [ -73.967426284745414, 40.572985108969263 ], [ -73.967531497537024, 40.573190732384667 ], [ -73.968390378288831, 40.573154442940108 ], [ -73.969451262023739, 40.572857280363209 ], [ -73.969246212155667, 40.572304075654557 ], [ -73.969558951517399, 40.572808580460752 ], [ -73.970853630743733, 40.572770515279885 ], [ -73.971350445875146, 40.572599459542744 ], [ -73.971183063557191, 40.571941899084194 ], [ -73.971607064523894, 40.572628223919871 ], [ -73.97249673747082, 40.572576256747446 ], [ -73.973345022298105, 40.572321214006138 ], [ -73.973249901151434, 40.571626686109049 ], [ -73.973448053256831, 40.572272106969379 ], [ -73.973732099711896, 40.572286925094012 ], [ -73.975470819027848, 40.57196900381696 ], [ -73.975405640942185, 40.571421040640544 ], [ -73.975679180292644, 40.57195598449735 ], [ -73.975925520915297, 40.572018657437575 ], [ -73.977270570206628, 40.571863650424582 ], [ -73.977663845881423, 40.571729387799124 ], [ -73.977568200912089, 40.571246666659135 ], [ -73.977670875238246, 40.571171020079106 ], [ -73.978075997982245, 40.571229570128722 ], [ -73.977715330724706, 40.571251914344849 ], [ -73.977807965189129, 40.571756200724643 ], [ -73.978454865111914, 40.571892204296446 ], [ -73.979100015568932, 40.571840698018015 ], [ -73.979846944694074, 40.571539319610174 ], [ -73.979425161582597, 40.571221023724028 ], [ -73.979771983267554, 40.571240146333473 ], [ -73.980007991876079, 40.571708806607539 ], [ -73.980208830970199, 40.571726205491039 ], [ -73.982040758525159, 40.571480370522501 ], [ -73.981571554234293, 40.571249988424853 ], [ -73.981947940423851, 40.571237002157524 ], [ -73.982255802530133, 40.571568418289679 ], [ -73.983672701532626, 40.571407057687416 ], [ -73.983404407376767, 40.570165544510786 ], [ -73.983043288837123, 40.570145860987978 ], [ -73.983391684366538, 40.570094684516903 ], [ -73.983360580392855, 40.569529993984169 ], [ -73.9834852186614, 40.570089015062791 ], [ -73.983839494892607, 40.570112467157962 ], [ -73.983488421466845, 40.570156030046533 ], [ -73.983757904486524, 40.571396227250958 ], [ -73.988037166785361, 40.570985108768731 ], [ -73.988620254814606, 40.570896051314172 ], [ -73.988577720388733, 40.570697909504979 ], [ -73.988721458488286, 40.57088369208266 ], [ -73.99026267527438, 40.570708340117257 ], [ -73.990773103239178, 40.570599422340422 ], [ -73.990792647669437, 40.570248648755552 ], [ -73.990863746848731, 40.570602016242411 ], [ -73.991193375236165, 40.570611874968243 ], [ -73.992728548970717, 40.570433788037441 ], [ -73.992969230148518, 40.570366732042295 ], [ -73.992980980721669, 40.570196773309192 ], [ -73.993157418867398, 40.570379789438867 ], [ -73.994937632299468, 40.570354674512409 ], [ -73.995138544368046, 40.570314661206709 ], [ -73.99518726085735, 40.570021877633145 ], [ -73.995293012032562, 40.570321283216437 ], [ -73.997194938258417, 40.570348649043837 ], [ -73.997369448826007, 40.5701373075429 ], [ -73.997667121352023, 40.570374751166192 ], [ -73.998467779001587, 40.570497396973003 ], [ -73.999658506864321, 40.570382602502796 ], [ -73.999748521565451, 40.570495797459593 ], [ -74.000778595392688, 40.570490998221246 ], [ -74.002011670539062, 40.570208758524139 ], [ -74.00208547639734, 40.569585983984958 ], [ -74.002487077377097, 40.571738388872483 ], [ -74.004799416216898, 40.572878854348296 ], [ -74.006689049704065, 40.573397220456634 ], [ -74.010074107854265, 40.573830809517688 ], [ -74.01115668729264, 40.574166761858855 ], [ -74.012015401911313, 40.574885052474251 ], [ -74.012321835206762, 40.575652682365089 ], [ -74.012457495779316, 40.576610746416939 ], [ -74.013023800622506, 40.577804369759889 ], [ -74.012350359292299, 40.579221821156459 ], [ -74.011479285375984, 40.580078407029276 ], [ -74.01054358463756, 40.580614483910075 ], [ -74.009592666839396, 40.58086002089243 ], [ -74.00843253422444, 40.581494566094307 ], [ -74.007453660081651, 40.581803522847935 ], [ -74.006047342358116, 40.581983652533275 ], [ -74.00398023616431, 40.581721295663939 ], [ -74.002943741578065, 40.581432835521063 ], [ -74.000559867638273, 40.581297429683019 ], [ -73.999641522800303, 40.58131655849612 ], [ -73.998959971294582, 40.581633045924875 ], [ -73.998182612196558, 40.581725363736744 ], [ -73.997764644336257, 40.581454330771024 ], [ -73.99771779495471, 40.580706776306002 ], [ -73.991829127902776, 40.579247080928816 ], [ -73.990362064665604, 40.579424580120516 ], [ -73.988990935563393, 40.57883509996887 ], [ -73.988428337694373, 40.578815842116931 ], [ -73.987390643884055, 40.579086983063711 ], [ -73.986695400629998, 40.579814907630073 ], [ -73.987021385777055, 40.580022764875302 ], [ -73.98588567394853, 40.581144424564791 ], [ -73.986045099162311, 40.581720685151616 ], [ -73.986844789964508, 40.581232102005195 ], [ -73.987280702574921, 40.580719543695636 ], [ -73.987639257939293, 40.579917597876694 ], [ -73.988035662126919, 40.579633780413445 ], [ -73.989955049876826, 40.580661670034068 ], [ -73.989717624542152, 40.580838226572411 ], [ -73.989287250166967, 40.581957582910171 ], [ -73.98829948294923, 40.583466746658182 ], [ -73.986544570422637, 40.583658591316478 ], [ -73.987101203194428, 40.584644592265192 ], [ -73.986275736124369, 40.58447998143253 ], [ -73.984927310362238, 40.584595952702244 ], [ -73.984821929012952, 40.58416852327678 ], [ -73.97742525335677, 40.582906593171636 ], [ -73.974681943774371, 40.583124118402672 ], [ -73.968999855856836, 40.58406289464525 ], [ -73.967858441325106, 40.584514044261532 ], [ -73.966615316033426, 40.584570846455378 ] ] ] } },
{ "type": "Feature", "properties": { "NTA2020": "BK1303" }, "geometry": { "type": "Polygon", "coordinates": [ [ [ -73.952397830766003, 40.574247049242743 ], [ -73.953742579583491, 40.574297232241939 ], [ -73.953994234050811, 40.574266317041818 ], [ -73.95408333385906, 40.574073272183306 ], [ -73.954133608034539, 40.574333267495192 ], [ -73.955694840443584, 40.57432699626321 ], [ -73.956345066816255, 40.574207221989539 ], [ -73.956345334545745, 40.573797578794469 ], [ -73.956567509059099, 40.574170778492991 ], [ -73.958434763590404, 40.574088815046316 ], [ -73.9589663415274, 40.573947268768492 ], [ -73.958987189725804, 40.57343065522938 ], [ -73.959072480275722, 40.573845548000321 ], [ -73.959391822474032, 40.573912109752413 ], [ -73.959417782885453, 40.575177983139227 ], [ -73.965749216863273, 40.574794197098363 ], [ -73.967567072914207, 40.574881526949142 ], [ -73.967657435234784, 40.575043682490438 ], [ -73.968258788175447, 40.575045489493434 ], [ -73.968889958779428, 40.575261238994152 ], [ -73.968681195432495, 40.575630883265319 ], [ -73.966615316033426, 40.584570846455378 ], [ -73.963443002592911, 40.58466444589137 ], [ -73.960258258365613, 40.585029307841424 ], [ -73.960047986674823, 40.583269872406639 ], [ -73.959109588742365, 40.582856675715419 ], [ -73.95733608324052, 40.583025134880174 ], [ -73.957229680377608, 40.583145567406241 ], [ -73.956457290597768, 40.582658851057516 ], [ -73.954142878614746, 40.583106140608436 ], [ -73.952397830766003, 40.574247049242743 ] ] ] } },
{ "type": "Feature", "properties": { "NTA2020": "BK1391" }, "geometry": { "type": "Polygon", "coordinates": [ [ [ -73.98829948294923, 40.583466746658182 ], [ -73.989287250166967, 40.581957582910171 ], [ -73.989717624542152, 40.580838226572411 ], [ -73.989955049876826, 40.580661670034068 ], [ -73.991630074723787, 40.581079884381879 ], [ -73.991855356566433, 40.581623978546105 ], [ -73.990337625044504, 40.584218255388471 ], [ -73.99026244714365, 40.58461914870793 ], [ -73.995396674527086, 40.582227790388259 ], [ -73.996055288205199, 40.582128903854155 ], [ -74.000179228594078, 40.583073950245044 ], [ -74.000417395037061, 40.583545921503301 ], [ -74.000436854239666, 40.584048969989148 ], [ -73.998787623071152, 40.585152893933312 ], [ -73.998085237760122, 40.585364722084115 ], [ -73.997766308806035, 40.58567824351978 ], [ -73.99259141705376, 40.588106321392502 ], [ -73.9915384829049, 40.586471969625777 ], [ -73.988817856301395, 40.584372995099926 ], [ -73.98829948294923, 40.583466746658182 ] ] ] } },
{ "type": "Feature", "properties": { "NTA2020": "BK1401" }, "geometry": { "type": "Polygon", "coordinates": [ [ [ -73.956300351227114, 40.655048281831185 ], [ -73.955825183737417, 40.650529808078609 ], [ -73.958707898889557, 40.650387273782862 ], [ -73.9582608207769, 40.648532745031339 ], [ -73.958106722194088, 40.646518009358232 ], [ -73.9556519617487, 40.646630410144347 ], [ -73.954730247704163, 40.644772578361696 ], [ -73.954126411049174, 40.639161299282414 ], [ -73.953600047193788, 40.638422347450046 ], [ -73.948264996568469, 40.638607190209441 ], [ -73.947773303943151, 40.633998156697359 ], [ -73.945867735931699, 40.634117548159843 ], [ -73.945617547116854, 40.631777430312262 ], [ -73.946479617848922, 40.631708162180693 ], [ -73.944155352558255, 40.629508285208018 ], [ -73.956846973465588, 40.62811987905431 ], [ -73.959376949604064, 40.641471555736324 ], [ -73.963185882486457, 40.639671818293905 ], [ -73.964087583557173, 40.644406417265316 ], [ -73.965011775361518, 40.644302151554555 ], [ -73.965467356939641, 40.646706158920217 ], [ -73.964540985777376, 40.646798630424961 ], [ -73.964903571169515, 40.648720969165154 ], [ -73.962185738970902, 40.64978879738289 ], [ -73.963020381609397, 40.651532065243487 ], [ -73.964654386307345, 40.650887728458599 ], [ -73.966213219592746, 40.653189404546609 ], [ -73.959861031131027, 40.65563478943934 ], [ -73.959696657970397, 40.654839215228577 ], [ -73.956300351227114, 40.655048281831185 ] ] ] } },
{ "type": "Feature", "properties": { "NTA2020": "BK1402" }, "geometry": { "type": "Polygon", "coordinates": [ [ [ -73.956846973465588, 40.62811987905431 ], [ -73.959955650558697, 40.627778672540408 ], [ -73.960407343420243, 40.630162531078874 ], [ -73.962325993645905, 40.629968716737608 ], [ -73.97136622157025, 40.628929162715906 ], [ -73.970921262687767, 40.62656998550554 ], [ -73.976234536827548, 40.625976350730269 ], [ -73.97716511994669, 40.630746654129382 ], [ -73.969868693395725, 40.634194674598191 ], [ -73.970290362289219, 40.636406341418208 ], [ -73.968038684877982, 40.636650985436376 ], [ -73.971396316881751, 40.64825778561152 ], [ -73.963020381609397, 40.651532065243487 ], [ -73.962185738970902, 40.64978879738289 ], [ -73.964903571169515, 40.648720969165154 ], [ -73.964540985777376, 40.646798630424961 ], [ -73.965467356939641, 40.646706158920217 ], [ -73.965011775361518, 40.644302151554555 ], [ -73.964087583557173, 40.644406417265316 ], [ -73.963185882486457, 40.639671818293905 ], [ -73.959376949604064, 40.641471555736324 ], [ -73.956846973465588, 40.62811987905431 ] ] ] } },
{ "type": "Feature", "properties": { "NTA2020": "BK1403" }, "geometry": { "type": "Polygon", "coordinates": [ [ [ -73.959955650558697, 40.627778672540408 ], [ -73.947326722265444, 40.629166567209786 ], [ -73.946422659983568, 40.62438556728614 ], [ -73.945424428314482, 40.624495609597936 ], [ -73.944518333045423, 40.619713647094784 ], [ -73.946513731938282, 40.619494019149982 ], [ -73.945736919779804, 40.615363406756963 ], [ -73.947426087808068, 40.614224600553698 ], [ -73.950265148829246, 40.61392435230001 ], [ -73.949783804506751, 40.611371750477694 ], [ -73.962385484482311, 40.609985993352772 ], [ -73.966081912939003, 40.629542706826108 ], [ -73.960407343420243, 40.630162531078874 ], [ -73.959955650558697, 40.627778672540408 ] ] ] } },
{ "type": "Feature", "properties": { "NTA2020": "BK1501" }, "geometry": { "type": "Polygon", "coordinates": [ [ [ -73.95859278429819, 40.610403030934847 ], [ -73.95683001633175, 40.601087349077581 ], [ -73.957757459885329, 40.600985889105388 ], [ -73.956077204183572, 40.592101432445808 ], [ -73.95700330423729, 40.592002256235268 ], [ -73.956194245571581, 40.587761826932322 ], [ -73.960349535852089, 40.587306286073947 ], [ -73.96067984134298, 40.591597582626456 ], [ -73.975570819608023, 40.58994799105399 ], [ -73.977514113194999, 40.591137312684211 ], [ -73.977695658034293, 40.592186537858304 ], [ -73.9807101319401, 40.59399722863558 ], [ -73.979954434517197, 40.594073812106615 ], [ -73.980357854738543, 40.596191541746393 ], [ -73.971483507887882, 40.597171584957827 ], [ -73.971910804770758, 40.599423059132199 ], [ -73.972911169071622, 40.599315804203364 ], [ -73.972177428008649, 40.604194711537389 ], [ -73.972994340048416, 40.608814141802412 ], [ -73.96429649897982, 40.609776426175287 ], [ -73.964781127429944, 40.61233092216407 ], [ -73.962859740274325, 40.612549485964685 ], [ -73.962385484482311, 40.609985993352772 ], [ -73.95859278429819, 40.610403030934847 ] ] ] } },
{ "type": "Feature", "properties": { "NTA2020": "BK1502" }, "geometry": { "type": "Polygon", "coordinates": [ [ [ -73.937537494399876, 40.608557390257928 ], [ -73.939726139327107, 40.607132915122897 ], [ -73.934262667258807, 40.602230711366992 ], [ -73.935032745660536, 40.601733790901179 ], [ -73.93447158901418, 40.601231511897375 ], [ -73.942889540614971, 40.600318650198801 ], [ -73.942484733407412, 40.598200365612342 ], [ -73.956927197136309, 40.596612076311338 ], [ -73.957757459885329, 40.600985889105388 ], [ -73.95683001633175, 40.601087349077581 ], [ -73.95859278429819, 40.610403030934847 ], [ -73.949783804506751, 40.611371750477694 ], [ -73.950265148829246, 40.61392435230001 ], [ -73.947426087808068, 40.614224600553698 ], [ -73.944827709962937, 40.616046209109406 ], [ -73.94354698000032, 40.609346555698224 ], [ -73.942311758593306, 40.608268197325842 ], [ -73.939347033811842, 40.610187141368755 ], [ -73.937537494399876, 40.608557390257928 ] ] ] } },
{ "type": "Feature", "properties": { "NTA2020": "BK1503" }, "geometry": { "type": "Polygon", "coordinates": [ [ [ -73.929568583092461, 40.596820265422437 ], [ -73.918055685853062, 40.586436545676321 ], [ -73.919172042556525, 40.585955087874339 ], [ -73.919600047004877, 40.586164932971698 ], [ -73.920171173474884, 40.585939908785015 ], [ -73.920404982311027, 40.586089779645718 ], [ -73.920810916151609, 40.585984137139057 ], [ -73.920669808659596, 40.585773626519675 ], [ -73.920891458068454, 40.58590306180308 ], [ -73.920906038363867, 40.585590581533644 ], [ -73.92101218266103, 40.585753595858243 ], [ -73.921899551220207, 40.585693175673512 ], [ -73.921848191077729, 40.585838421436407 ], [ -73.922118512898621, 40.585810514153067 ], [ -73.922353373772992, 40.586023936562398 ], [ -73.92296409826362, 40.585894457063809 ], [ -73.92353515890872, 40.585977723872183 ], [ -73.923895018840867, 40.585800713812347 ], [ -73.924042621471116, 40.585899718344791 ], [ -73.924021820095035, 40.585773535332166 ], [ -73.924626653527028, 40.585633075954995 ], [ -73.925203615142479, 40.585806271155462 ], [ -73.925439954958549, 40.586182366650455 ], [ -73.927127858330707, 40.587540225316801 ], [ -73.926967338343019, 40.587353795865745 ], [ -73.927187610781729, 40.587559503780398 ], [ -73.927207741889035, 40.587722759186768 ], [ -73.92766228678137, 40.587470112715678 ], [ -73.927249376995803, 40.587749691781148 ], [ -73.927356809288938, 40.588022176276198 ], [ -73.927945983510767, 40.58765882050767 ], [ -73.927916257411098, 40.587548735889463 ], [ -73.92807906817859, 40.587702460523232 ], [ -73.927369357535383, 40.588044598803009 ], [ -73.927404522457394, 40.588206445197727 ], [ -73.927901757409899, 40.587953409279955 ], [ -73.928021852764232, 40.588068756350914 ], [ -73.927923180483162, 40.587996187276829 ], [ -73.927454677909935, 40.588299564074077 ], [ -73.927761436391137, 40.588660609758847 ], [ -73.92395294850094, 40.59113985052511 ], [ -73.924199633926605, 40.591364280188728 ], [ -73.924601299385643, 40.591199325003167 ], [ -73.928159051230963, 40.58882524959003 ], [ -73.928362712668061, 40.588969016091887 ], [ -73.928418858090325, 40.588934035098184 ], [ -73.928216169948584, 40.588783912903935 ], [ -73.92835866230412, 40.588865431329019 ], [ -73.928630614156361, 40.588572636420686 ], [ -73.928757615536753, 40.588674297005802 ], [ -73.928377459715165, 40.588981323616061 ], [ -73.928620264991991, 40.58912043629622 ], [ -73.928951029932321, 40.588909642409583 ], [ -73.92866593842902, 40.589143264066522 ], [ -73.929219640051883, 40.588813345443981 ], [ -73.929243148180376, 40.588950691621363 ], [ -73.928757034994192, 40.589152966925035 ], [ -73.930034274505516, 40.589425996500758 ], [ -73.93057705718256, 40.589890641203198 ], [ -73.930103259887659, 40.589606105071468 ], [ -73.930375432473355, 40.589940459710455 ], [ -73.930297880916754, 40.59003516763002 ], [ -73.93058940447365, 40.589952591132572 ], [ -73.930628493644264, 40.590252990337788 ], [ -73.930467689171024, 40.590061373090663 ], [ -73.930528883332599, 40.590307988677552 ], [ -73.930652138464353, 40.590290979492316 ], [ -73.930674344213912, 40.590590721315579 ], [ -73.930525072286514, 40.590333113429836 ], [ -73.930471519596168, 40.590855784980867 ], [ -73.930623442465787, 40.590918694276212 ], [ -73.930647499485758, 40.590619683671846 ], [ -73.930641067005752, 40.590944566419388 ], [ -73.930460136618791, 40.591001219020924 ], [ -73.930696416580517, 40.591018541400231 ], [ -73.930449601729251, 40.591079691929174 ], [ -73.930725787298258, 40.591089860265171 ], [ -73.930371977190262, 40.591211400875927 ], [ -73.930604443069583, 40.591186176221029 ], [ -73.930600669062329, 40.59148458204173 ], [ -73.930574953010165, 40.591229731613993 ], [ -73.930465367658201, 40.591273407596141 ], [ -73.930405416622065, 40.591730942142981 ], [ -73.930605806565879, 40.59154136250848 ], [ -73.930450919227113, 40.592245037261833 ], [ -73.9303990560214, 40.591755596429024 ], [ -73.930364436033003, 40.592480093513586 ], [ -73.930362215680617, 40.592311770609079 ], [ -73.93017616634198, 40.592406220970425 ], [ -73.93035364458575, 40.592554950294051 ], [ -73.930265109273194, 40.592619404932975 ], [ -73.930189706582809, 40.592454118288821 ], [ -73.930023010262047, 40.592683046384835 ], [ -73.930212514893668, 40.592678370292461 ], [ -73.929912501564459, 40.592853394873039 ], [ -73.930098993241131, 40.592872440452361 ], [ -73.930052445394054, 40.593000243520756 ], [ -73.929890669643143, 40.592870791870702 ], [ -73.929712820366021, 40.593120048248082 ], [ -73.930042384195886, 40.593060879318095 ], [ -73.929955919095732, 40.593308572326642 ], [ -73.929975936292905, 40.593173815413486 ], [ -73.929741473226542, 40.593143922445591 ], [ -73.929823173367964, 40.593372696101447 ], [ -73.930039223966688, 40.593348430883843 ], [ -73.929780817420578, 40.593436741471642 ], [ -73.929961165813737, 40.59400571081671 ], [ -73.930215194703152, 40.593972944184557 ], [ -73.930081594531387, 40.593595462871271 ], [ -73.930227562800411, 40.593930620896899 ], [ -73.930524886618713, 40.593880240700841 ], [ -73.93035968941534, 40.593975941324011 ], [ -73.9305467907066, 40.594199304588166 ], [ -73.930299344043902, 40.593938054510275 ], [ -73.930040119476942, 40.594104887330474 ], [ -73.930432461296121, 40.594402674949933 ], [ -73.930761228395639, 40.594381900520816 ], [ -73.930623056845604, 40.594204497659923 ], [ -73.930834464365361, 40.59441357130423 ], [ -73.930663035101119, 40.594463950932848 ], [ -73.930832065874512, 40.594430655669214 ], [ -73.930935161146081, 40.594459949861019 ], [ -73.931220559389089, 40.594183317262754 ], [ -73.931325121460702, 40.594276256190042 ], [ -73.930954634264012, 40.59446594520621 ], [ -73.931366848268098, 40.594529172094511 ], [ -73.931763873999628, 40.594284099265458 ], [ -73.931613137372153, 40.594503518414406 ], [ -73.931368063433723, 40.594546450784712 ], [ -73.930846267272827, 40.594451525297231 ], [ -73.930781313796189, 40.594498955276805 ], [ -73.931933649839792, 40.594692404302386 ], [ -73.932308263954042, 40.594916340487138 ], [ -73.932563438393345, 40.594763472297032 ], [ -73.932477028886836, 40.594916096675981 ], [ -73.932671473270133, 40.594911753816689 ], [ -73.932826548528894, 40.594803744969177 ], [ -73.932676539757495, 40.594236417967622 ], [ -73.931758907430861, 40.592830104899221 ], [ -73.9317109079429, 40.593050300520545 ], [ -73.931534952933262, 40.592692830518942 ], [ -73.931740875119829, 40.59279439369444 ], [ -73.931436756138055, 40.592167134518149 ], [ -73.931139560575659, 40.592008928747511 ], [ -73.931399979863883, 40.59180489056218 ], [ -73.931009893431593, 40.591931042480958 ], [ -73.930994659732278, 40.591818198986104 ], [ -73.931353009547365, 40.591791193961903 ], [ -73.931425654397458, 40.5916041841474 ], [ -73.931048478756836, 40.591726290866013 ], [ -73.9310760222574, 40.591597592768181 ], [ -73.931230570430245, 40.591641983133066 ], [ -73.931305416360374, 40.591360358668346 ], [ -73.9312459249482, 40.591636976995872 ], [ -73.93142252650108, 40.591588570390535 ], [ -73.931543346671788, 40.591350471183056 ], [ -73.931466548946304, 40.591398901858987 ], [ -73.931432724208179, 40.591239241307989 ], [ -73.931559394415672, 40.591292964573405 ], [ -73.931212948589547, 40.589531308119312 ], [ -73.930685680598131, 40.588821954226837 ], [ -73.930091382792213, 40.588988862378969 ], [ -73.93065021927525, 40.588669869770769 ], [ -73.930399675975096, 40.588465520415305 ], [ -73.929728463801865, 40.588613915829782 ], [ -73.930385452562675, 40.588441616078889 ], [ -73.929722326467328, 40.587560082903828 ], [ -73.931349178240652, 40.587328167229529 ], [ -73.931251912671257, 40.586849825214294 ], [ -73.928573939364682, 40.587061502371441 ], [ -73.928082329715892, 40.586697693937666 ], [ -73.928149693795191, 40.586178107762962 ], [ -73.927919337858484, 40.586135806046144 ], [ -73.928276724976158, 40.586106943570115 ], [ -73.92815700695617, 40.585864523066114 ], [ -73.927743111531498, 40.586050065209363 ], [ -73.927369557858881, 40.586006585316376 ], [ -73.927586418299001, 40.586254135332375 ], [ -73.927516219956132, 40.586398266715463 ], [ -73.927304338238812, 40.585865928419913 ], [ -73.926380418810695, 40.585295756347776 ], [ -73.926548209633268, 40.585575315387622 ], [ -73.925528608745765, 40.5849783765727 ], [ -73.926275295422371, 40.585352647442022 ], [ -73.926345420747197, 40.585276154753174 ], [ -73.92583336048736, 40.584953077222146 ], [ -73.927216491481602, 40.584783431487352 ], [ -73.931399475103831, 40.586079895490862 ], [ -73.931269450008088, 40.585436393921412 ], [ -73.93019077880875, 40.585085593039459 ], [ -73.930096162999405, 40.584502076232489 ], [ -73.932042449704326, 40.584233960077817 ], [ -73.931928111867563, 40.582869768935289 ], [ -73.932376957428261, 40.582918509978143 ], [ -73.932013799611013, 40.582925982247502 ], [ -73.93201839411536, 40.583111124618576 ], [ -73.932598770576448, 40.582919267411953 ], [ -73.93349145637734, 40.583058717260307 ], [ -73.934209714869667, 40.582979798893462 ], [ -73.93437970143313, 40.583139033673703 ], [ -73.934559929028978, 40.58316541362894 ], [ -73.93456057101983, 40.583020173832288 ], [ -73.935690716397673, 40.583275093189172 ], [ -73.935673531459869, 40.583019424412569 ], [ -73.93582439275778, 40.583021115552079 ], [ -73.935766572110879, 40.583277509849722 ], [ -73.936132335901277, 40.58331447453854 ], [ -73.936287231894042, 40.58300090355835 ], [ -73.936096686913601, 40.582948745832908 ], [ -73.936566070291477, 40.582957648786461 ], [ -73.936300312067644, 40.583002955675518 ], [ -73.936317161295349, 40.583179051201142 ], [ -73.936575924407833, 40.583240505589991 ], [ -73.93697427463762, 40.583230326411332 ], [ -73.936987678310373, 40.583016272673824 ], [ -73.936633074224588, 40.582972212406709 ], [ -73.937059216774713, 40.582977982320173 ], [ -73.93705290451031, 40.583084699478086 ], [ -73.93763269743296, 40.583096268284109 ], [ -73.937026755887246, 40.583125872599375 ], [ -73.937005584082655, 40.583016019471408 ], [ -73.937014810211892, 40.583233272363991 ], [ -73.937124597984507, 40.583346730164244 ], [ -73.938119176950934, 40.583340478995176 ], [ -73.938094206277697, 40.583116810717001 ], [ -73.938552762365077, 40.583337984991303 ], [ -73.938477128858722, 40.583177897271185 ], [ -73.93866846657744, 40.58316442817506 ], [ -73.938627557651174, 40.583067021797504 ], [ -73.939296403847479, 40.583167268734989 ], [ -73.939301530848908, 40.583333215054509 ], [ -73.939825388505696, 40.583331446250526 ], [ -73.939828839846243, 40.583170535692219 ], [ -73.939858515768037, 40.583331334095483 ], [ -73.940577458289084, 40.58332822557351 ], [ -73.940566089477258, 40.583087368810702 ], [ -73.940109036829256, 40.583075069184297 ], [ -73.940676578022746, 40.583065805567365 ], [ -73.940588728098888, 40.583206947959049 ], [ -73.940700195147542, 40.583327624732128 ], [ -73.940916454907381, 40.583302406531338 ], [ -73.940897104774152, 40.583087607079797 ], [ -73.940738406046293, 40.583075612817574 ], [ -73.941025179186852, 40.583070361906238 ], [ -73.940934220853563, 40.583302306436742 ], [ -73.941156996754884, 40.583299227468117 ], [ -73.941098445654887, 40.583094776699788 ], [ -73.941201557288863, 40.583090465205011 ], [ -73.941209298239855, 40.583298504883082 ], [ -73.941440508572043, 40.583340147476207 ], [ -73.94157408083575, 40.583607555939409 ], [ -73.942551335652951, 40.583514476170841 ], [ -73.942020333527509, 40.583110423782486 ], [ -73.942701677629813, 40.583508797614002 ], [ -73.943047096460049, 40.58349212946429 ], [ -73.942563161909774, 40.583127347516502 ], [ -73.943195061580255, 40.583489662633291 ], [ -73.943544675309241, 40.583471014361109 ], [ -73.943093347814624, 40.583134545214428 ], [ -73.943691530045712, 40.583467754266003 ], [ -73.944067641671055, 40.583472009110416 ], [ -73.943635897957435, 40.583145573909576 ], [ -73.944234035871361, 40.583479951646567 ], [ -73.944618286662362, 40.583496626087708 ], [ -73.944174585237661, 40.583158291218282 ], [ -73.944320598180781, 40.583159424877657 ], [ -73.944775440812947, 40.583507804409841 ], [ -73.945174777816149, 40.583521378244242 ], [ -73.944712709642289, 40.583165044530325 ], [ -73.944845129408733, 40.583164234843544 ], [ -73.945349925034748, 40.583529052110414 ], [ -73.94573014930431, 40.583544875061349 ], [ -73.945266701246254, 40.583182518567284 ], [ -73.945376052378805, 40.583181931650543 ], [ -73.945899118880888, 40.583552662610252 ], [ -73.946286346919138, 40.583568685205385 ], [ -73.945799412588912, 40.583194640230303 ], [ -73.946434290593501, 40.583563152592454 ], [ -73.946789450687788, 40.583550467614167 ], [ -73.946316036487133, 40.583206940713289 ], [ -73.946917962761049, 40.583546033249746 ], [ -73.947268327052683, 40.583533182071918 ], [ -73.94682202947196, 40.58319119187108 ], [ -73.947468678613191, 40.58352819536244 ], [ -73.953493220486806, 40.582988198261013 ], [ -73.953301359956768, 40.58200274963351 ], [ -73.949696724993984, 40.582319401066691 ], [ -73.942740625925154, 40.580995589559294 ], [ -73.933812806639096, 40.581132925742082 ], [ -73.9351340770489, 40.581183789557763 ], [ -73.93510879115189, 40.581303817021023 ], [ -73.93340042885238, 40.581215388869261 ], [ -73.933758013561246, 40.581132041605876 ], [ -73.933003489164136, 40.581144675417214 ], [ -73.932971618906819, 40.581283630074807 ], [ -73.932909587448179, 40.581145767361114 ], [ -73.932872950224038, 40.581286000473213 ], [ -73.932806364274668, 40.581147418686484 ], [ -73.932580065680369, 40.581264741203469 ], [ -73.931060281080065, 40.576265920096873 ], [ -73.931442256196604, 40.575700970429928 ], [ -73.934860928304303, 40.575527796668197 ], [ -73.934893564552397, 40.575221645997658 ], [ -73.93507861830436, 40.575509466010232 ], [ -73.93647107586591, 40.575860496356405 ], [ -73.936707525373293, 40.575418427200418 ], [ -73.936831162260461, 40.575560016842886 ], [ -73.942509078284274, 40.575373554531801 ], [ -73.94255712254062, 40.57556433127364 ], [ -73.944279114279453, 40.57580051172161 ], [ -73.944633191296063, 40.57569119674713 ], [ -73.944600540170953, 40.575235469449666 ], [ -73.944744416607719, 40.575513727939942 ], [ -73.945723520133271, 40.575559439737695 ], [ -73.946182375935336, 40.57529883619614 ], [ -73.945923902358388, 40.575115432309431 ], [ -73.952397830766003, 40.574247049242743 ], [ -73.954142878614746, 40.583106140608436 ], [ -73.956457290597768, 40.582658851057516 ], [ -73.957229680377608, 40.583145567406241 ], [ -73.95733608324052, 40.583025134880174 ], [ -73.959007642499884, 40.582852151609494 ], [ -73.960047986674823, 40.583269872406639 ], [ -73.960349535852089, 40.587306286073947 ], [ -73.956194245571581, 40.587761826932322 ], [ -73.95700330423729, 40.592002256235268 ], [ -73.956077204183572, 40.592101432445808 ], [ -73.956927197136309, 40.596612076311338 ], [ -73.942484733407412, 40.598200365612342 ], [ -73.942889540614971, 40.600318650198801 ], [ -73.93447158901418, 40.601231511897375 ], [ -73.935032745660536, 40.601733790901179 ], [ -73.933551171535555, 40.602687281327505 ], [ -73.928131396709531, 40.597777928146193 ], [ -73.929568583092461, 40.596820265422437 ] ] ] } },
{ "type": "Feature", "properties": { "NTA2020": "BK1601" }, "geometry": { "type": "Polygon", "coordinates": [ [ [ -73.91804606892461, 40.687213247770494 ], [ -73.900046262085141, 40.676893089538346 ], [ -73.904387928003359, 40.675206747108987 ], [ -73.919230629656838, 40.668631365306098 ], [ -73.919417633420892, 40.668397044075924 ], [ -73.919955773791756, 40.668319320402382 ], [ -73.922752572204359, 40.667097332962115 ], [ -73.921647481319539, 40.678870547032666 ], [ -73.916301197954752, 40.678577112433601 ], [ -73.91804606892461, 40.687213247770494 ] ] ] } },
{ "type": "Feature", "properties": { "NTA2020": "BK1602" }, "geometry": { "type": "Polygon", "coordinates": [ [ [ -73.903474223424965, 40.675506683277732 ], [ -73.900416541209708, 40.663806527936281 ], [ -73.9014511470386, 40.663658364658239 ], [ -73.900661186908764, 40.660586158507414 ], [ -73.899652333457198, 40.66073541688138 ], [ -73.898806984995048, 40.657406661805098 ], [ -73.900487672263225, 40.657148679854842 ], [ -73.901185599086361, 40.656514551604005 ], [ -73.903178584134068, 40.655311633837428 ], [ -73.907843463759818, 40.654591530746004 ], [ -73.907400357288168, 40.652843990142863 ], [ -73.908557905227653, 40.652095937794542 ], [ -73.909334993130017, 40.65280859214419 ], [ -73.910122556984703, 40.655851771554126 ], [ -73.91236458896573, 40.655513565249386 ], [ -73.918184930383774, 40.660726208915101 ], [ -73.919096815369826, 40.664230484460106 ], [ -73.921655715937902, 40.663843575167206 ], [ -73.924390993847524, 40.666381423277862 ], [ -73.919955773791756, 40.668319320402382 ], [ -73.919417633420892, 40.668397044075924 ], [ -73.919230629656838, 40.668631365306098 ], [ -73.903474223424965, 40.675506683277732 ] ] ] } },
{ "type": "Feature", "properties": { "NTA2020": "BK1701" }, "geometry": { "type": "Polygon", "coordinates": [ [ [ -73.942401479285792, 40.655884811595136 ], [ -73.94189204362668, 40.651169346387128 ], [ -73.94282541788823, 40.651109983962989 ], [ -73.942631131381901, 40.649339757731759 ], [ -73.94312244902639, 40.649309183925219 ], [ -73.943003844936271, 40.648594768253261 ], [ -73.943529580261071, 40.648577244132397 ], [ -73.943373848412875, 40.647114703218726 ], [ -73.944343773998398, 40.647078201183923 ], [ -73.944169218544445, 40.645429187224003 ], [ -73.946072167805625, 40.645311812074809 ], [ -73.94586879247781, 40.643423744607198 ], [ -73.947789946834689, 40.643305736449371 ], [ -73.947442967728037, 40.640047665244133 ], [ -73.94841343365718, 40.639987464583776 ], [ -73.948264996568469, 40.638607190209441 ], [ -73.953600047193788, 40.638422347450046 ], [ -73.954126411049174, 40.639161299282414 ], [ -73.954730247704163, 40.644772578361696 ], [ -73.9556519617487, 40.646630410144347 ], [ -73.958106722194088, 40.646518009358232 ], [ -73.9582608207769, 40.648532745031339 ], [ -73.958707898889557, 40.650387273782862 ], [ -73.955825183737417, 40.650529808078609 ], [ -73.956388516127845, 40.655874565899843 ], [ -73.950159660484587, 40.656260231082676 ], [ -73.95006664927287, 40.65542299720061 ], [ -73.942401479285792, 40.655884811595136 ] ] ] } },
{ "type": "Feature", "properties": { "NTA2020": "BK1702" }, "geometry": { "type": "Polygon", "coordinates": [ [ [ -73.937383091839806, 40.644904887633068 ], [ -73.937284272486082, 40.6439577220251 ], [ -73.925721649896929, 40.644673383913606 ], [ -73.925502783708154, 40.642375154953058 ], [ -73.925382331007711, 40.642384532667187 ], [ -73.926126849765893, 40.63774352323211 ], [ -73.926524908264113, 40.636492723296193 ], [ -73.927448222284156, 40.635258409557331 ], [ -73.937267001848042, 40.634650625674212 ], [ -73.937017462237492, 40.632310979136157 ], [ -73.945617547116854, 40.631777430312262 ], [ -73.945867735931699, 40.634117548159843 ], [ -73.947773303943151, 40.633998156697359 ], [ -73.94841343365718, 40.639987464583776 ], [ -73.947442967728037, 40.640047665244133 ], [ -73.947789946834689, 40.643305736449371 ], [ -73.94586879247781, 40.643423744607198 ], [ -73.946072167805625, 40.645311812074809 ], [ -73.944169218544445, 40.645429187224003 ], [ -73.944343773998398, 40.647078201183923 ], [ -73.943373848412875, 40.647114703218726 ], [ -73.943308318693411, 40.646526731538493 ], [ -73.942799610244634, 40.64654261731544 ], [ -73.942608246461774, 40.644661862383408 ], [ -73.937383091839806, 40.644904887633068 ] ] ] } },
{ "type": "Feature", "properties": { "NTA2020": "BK1703" }, "geometry": { "type": "Polygon", "coordinates": [ [ [ -73.920897646892527, 40.653625106384929 ], [ -73.919737370481243, 40.642778148345606 ], [ -73.923298244472733, 40.639923221668447 ], [ -73.923565258810882, 40.642499298286204 ], [ -73.925502783708154, 40.642375154953058 ], [ -73.925721649896929, 40.644673383913606 ], [ -73.937284272486082, 40.6439577220251 ], [ -73.937383091839806, 40.644904887633068 ], [ -73.932614182713166, 40.645245478595726 ], [ -73.932999470174366, 40.648786274999814 ], [ -73.938706837833308, 40.648517443104879 ], [ -73.938861438398547, 40.649571941216628 ], [ -73.942631131381901, 40.649339757731759 ], [ -73.94282541788823, 40.651109983962989 ], [ -73.94189204362668, 40.651169346387128 ], [ -73.942401479285792, 40.655884811595136 ], [ -73.930903548662798, 40.656610355983787 ], [ -73.931083230989117, 40.658295916036323 ], [ -73.933995848214238, 40.658118646393127 ], [ -73.934230374849548, 40.660415233948022 ], [ -73.931325697800489, 40.660593307024563 ], [ -73.931607433350294, 40.663556723298434 ], [ -73.930684654931355, 40.663620476270239 ], [ -73.924643455485082, 40.658183158320412 ], [ -73.925406999142922, 40.657679969860283 ], [ -73.920897646892527, 40.653625106384929 ] ] ] } },
{ "type": "Feature", "properties": { "NTA2020": "BK1704" }, "geometry": { "type": "Polygon", "coordinates": [ [ [ -73.908557905227653, 40.652095937794542 ], [ -73.919950629669898, 40.644707630734473 ], [ -73.920897646892527, 40.653625106384929 ], [ -73.925406999142922, 40.657679969860283 ], [ -73.924643455485082, 40.658183158320412 ], [ -73.930684654931355, 40.663620476270239 ], [ -73.924390993847524, 40.666381423277862 ], [ -73.921655715937902, 40.663843575167206 ], [ -73.919096815369826, 40.664230484460106 ], [ -73.918184930383774, 40.660726208915101 ], [ -73.91236458896573, 40.655513565249386 ], [ -73.910122556984703, 40.655851771554126 ], [ -73.909334993130017, 40.65280859214419 ], [ -73.908557905227653, 40.652095937794542 ] ] ] } },
{ "type": "Feature", "properties": { "NTA2020": "BK1771" }, "geometry": { "type": "Polygon", "coordinates": [ [ [ -73.932614182713166, 40.645245478595726 ], [ -73.942608246461774, 40.644661862383408 ], [ -73.942799610244634, 40.64654261731544 ], [ -73.943308318693411, 40.646526731538493 ], [ -73.943373848412875, 40.647114703218726 ], [ -73.943529580261071, 40.648577244132397 ], [ -73.943003844936271, 40.648594768253261 ], [ -73.94312244902639, 40.649309183925219 ], [ -73.938861438398547, 40.649571941216628 ], [ -73.938706837833308, 40.648517443104879 ], [ -73.932999470174366, 40.648786274999814 ], [ -73.932614182713166, 40.645245478595726 ] ] ] } },
{ "type": "Feature", "properties": { "NTA2020": "BK1801" }, "geometry": { "type": "Polygon", "coordinates": [ [ [ -73.919737370481243, 40.642778148345606 ], [ -73.916903026711523, 40.616274229910616 ], [ -73.920526941074982, 40.613942695006259 ], [ -73.920624002420055, 40.614838681674513 ], [ -73.926400446009936, 40.614478535531354 ], [ -73.92629769914555, 40.613192155675634 ], [ -73.931731792137199, 40.617926921394485 ], [ -73.933204575803771, 40.61697044275386 ], [ -73.936866996067025, 40.620253281735337 ], [ -73.940789140870763, 40.617696789890985 ], [ -73.943469620154858, 40.617385001869778 ], [ -73.944675995205131, 40.616165112535718 ], [ -73.945736919779804, 40.615363406756963 ], [ -73.946513731938282, 40.619494019149982 ], [ -73.944518333045423, 40.619713647094784 ], [ -73.945424428314482, 40.624495609597936 ], [ -73.946422659983568, 40.62438556728614 ], [ -73.947326722265444, 40.629166567209786 ], [ -73.944155352558255, 40.629508285208018 ], [ -73.946479617848922, 40.631708162180693 ], [ -73.937017462237492, 40.632310979136157 ], [ -73.937267001848042, 40.634650625674212 ], [ -73.927448222284156, 40.635258409557331 ], [ -73.926524908264113, 40.636492723296193 ], [ -73.926163777722934, 40.637572961179508 ], [ -73.925382331007711, 40.642384532667187 ], [ -73.923565258810882, 40.642499298286204 ], [ -73.923298244472733, 40.639923221668447 ], [ -73.919737370481243, 40.642778148345606 ] ] ] } },
{ "type": "Feature", "properties": { "NTA2020": "BK1802" }, "geometry": { "type": "Polygon", "coordinates": [ [ [ -73.917195150765252, 40.631738206250446 ], [ -73.917461630802777, 40.6315166015534 ], [ -73.91747234606683, 40.631192489664926 ], [ -73.916686941911223, 40.630737383271551 ], [ -73.916591697829247, 40.630451857973007 ], [ -73.903961067112633, 40.624833615554174 ], [ -73.903855406614866, 40.624940198699704 ], [ -73.905462061372617, 40.625774819683443 ], [ -73.90532958044659, 40.62586495608442 ], [ -73.905397267015431, 40.625767267628667 ], [ -73.90320897829298, 40.624665236881619 ], [ -73.903124437925797, 40.624737953763834 ], [ -73.903208482784734, 40.624640769383035 ], [ -73.903070056556047, 40.624705498471933 ], [ -73.903124365857039, 40.624618853780305 ], [ -73.902627471733595, 40.624370129146307 ], [ -73.902546561126087, 40.624444239169549 ], [ -73.902630595171971, 40.624349364751019 ], [ -73.903132317866451, 40.624602256196823 ], [ -73.90327045944025, 40.624484183940986 ], [ -73.902693332719778, 40.624213334873268 ], [ -73.902832622232509, 40.62405099444949 ], [ -73.902415430503055, 40.624462907250042 ], [ -73.902287079322761, 40.624409853930295 ], [ -73.902403809729705, 40.62444239705092 ], [ -73.90271369573054, 40.624023326835975 ], [ -73.902623644566873, 40.623976551265315 ], [ -73.902745310195144, 40.62398256701524 ], [ -73.90264355554703, 40.623924689307273 ], [ -73.902916195741071, 40.623954531256466 ], [ -73.902832905143896, 40.623603362298155 ], [ -73.902215560260217, 40.623575140607983 ], [ -73.901867304933887, 40.622962444596219 ], [ -73.901340790244205, 40.622872761422393 ], [ -73.90093701486299, 40.622599040939946 ], [ -73.90060516062988, 40.621737944461842 ], [ -73.900163008580449, 40.621677094243601 ], [ -73.901989508590958, 40.620562190470629 ], [ -73.89810073687454, 40.617043985744878 ], [ -73.89853771184687, 40.616265177778601 ], [ -73.898556141626443, 40.615148673502418 ], [ -73.902130404105904, 40.612780001263452 ], [ -73.90347276540102, 40.613986613167931 ], [ -73.904189823905128, 40.613564560181985 ], [ -73.905871052773733, 40.615063313977274 ], [ -73.90573455901243, 40.614882973943814 ], [ -73.906033289248654, 40.614953389219544 ], [ -73.905879376209299, 40.615077461411438 ], [ -73.906962836450759, 40.61611401757883 ], [ -73.907172911498478, 40.616009875338413 ], [ -73.906738486664068, 40.616295919990144 ], [ -73.907256855649877, 40.616087581879384 ], [ -73.907083469682675, 40.61622136752581 ], [ -73.90722592437271, 40.616351525932387 ], [ -73.907442554120721, 40.616258535700645 ], [ -73.907021606784468, 40.616533600356767 ], [ -73.907105953990254, 40.616609860214282 ], [ -73.90752735132169, 40.616344432548928 ], [ -73.907241693827004, 40.616551501887606 ], [ -73.907475037057168, 40.616712744568467 ], [ -73.907589771735402, 40.616629376451264 ], [ -73.907616591045709, 40.616896467127951 ], [ -73.907915914535039, 40.616903534600667 ], [ -73.907994333038118, 40.617175217258925 ], [ -73.90824570676439, 40.61718542518318 ], [ -73.908386462396834, 40.61739102927806 ], [ -73.908603515934217, 40.617265497054227 ], [ -73.908790880176468, 40.617436396721416 ], [ -73.908633339129693, 40.617167854909418 ], [ -73.908836911107798, 40.61731164662767 ], [ -73.909071451539546, 40.617160438331858 ], [ -73.908354032146789, 40.616530998961565 ], [ -73.908794208191651, 40.616872957324645 ], [ -73.909138531866503, 40.616531621729081 ], [ -73.908105604763421, 40.615669016428512 ], [ -73.907973063905189, 40.61573684406121 ], [ -73.908156638516004, 40.615601124051587 ], [ -73.909176751053295, 40.616521947482823 ], [ -73.90881456208588, 40.61689044188244 ], [ -73.908957061287239, 40.616991484819359 ], [ -73.909644060403622, 40.61657537149955 ], [ -73.909007827307406, 40.615772786404705 ], [ -73.908535014808962, 40.615450630575666 ], [ -73.907775961936622, 40.615243146256404 ], [ -73.905358450771672, 40.613040339266185 ], [ -73.904215695583332, 40.612356572031345 ], [ -73.904354854736454, 40.612226698783523 ], [ -73.90428600433313, 40.61201678103491 ], [ -73.904208141134134, 40.611955152601681 ], [ -73.904106298829547, 40.612042410286982 ], [ -73.904043324633221, 40.611998686933745 ], [ -73.904140891451007, 40.611896139886305 ], [ -73.903509807162209, 40.611406490874643 ], [ -73.903310470124325, 40.611547164366279 ], [ -73.903494074477052, 40.611389009245272 ], [ -73.903135787729724, 40.610967538157695 ], [ -73.902745046034397, 40.610931468732026 ], [ -73.902258600322298, 40.610422772600515 ], [ -73.901642117900892, 40.605763360738898 ], [ -73.905243009921037, 40.604910090324438 ], [ -73.905424400032231, 40.605540297589386 ], [ -73.905974611778589, 40.606384028704355 ], [ -73.908098219092011, 40.606278635609584 ], [ -73.908639595354316, 40.606658722047868 ], [ -73.909338049831504, 40.606477603024757 ], [ -73.909845283266492, 40.60616830550714 ], [ -73.909851548454697, 40.605999722177728 ], [ -73.90885691315674, 40.605060073797141 ], [ -73.90832536835174, 40.604073373918631 ], [ -73.910922700211813, 40.603505476100715 ], [ -73.91365119759601, 40.603982513836982 ], [ -73.916735564861384, 40.606814562052783 ], [ -73.916604421479519, 40.607089393444724 ], [ -73.916721157590416, 40.607624846780169 ], [ -73.916322300175267, 40.608675662669029 ], [ -73.916783944328202, 40.608773883889661 ], [ -73.916570739833631, 40.609423540048546 ], [ -73.916839811187685, 40.608760014720559 ], [ -73.916509245359322, 40.608629754090046 ], [ -73.916889645873155, 40.608710013686952 ], [ -73.916828032437593, 40.608906057366752 ], [ -73.917088385033153, 40.608820854898568 ], [ -73.91702822741901, 40.608974877413466 ], [ -73.916819645296428, 40.608931386382601 ], [ -73.916656765334707, 40.609436749970804 ], [ -73.916799530906886, 40.609494192231089 ], [ -73.916566040658267, 40.609437822677769 ], [ -73.916385851452148, 40.610088892904898 ], [ -73.916060771326514, 40.610430508860354 ], [ -73.916164750377305, 40.61051557507615 ], [ -73.914495422059829, 40.611653223664881 ], [ -73.91493418790435, 40.613958155054981 ], [ -73.913860530607494, 40.614642268568332 ], [ -73.914280726629443, 40.614938816187788 ], [ -73.916420990034979, 40.613569354692721 ], [ -73.915914521106842, 40.613845376312362 ], [ -73.915725383033745, 40.613618030803728 ], [ -73.915768073565658, 40.613540333335806 ], [ -73.915971731754041, 40.613807835366693 ], [ -73.916247689595977, 40.613626100791222 ], [ -73.915884908521221, 40.613328587196925 ], [ -73.915745852303374, 40.613384860200469 ], [ -73.915965725002692, 40.613236396468949 ], [ -73.91588941550161, 40.613309799605695 ], [ -73.916264527666556, 40.613605612704113 ], [ -73.916395867458903, 40.613446834034711 ], [ -73.915993071315526, 40.612881939344319 ], [ -73.915870865363658, 40.612910037390556 ], [ -73.916003188494813, 40.612859738591318 ], [ -73.916499121039905, 40.613520542098009 ], [ -73.916628043711569, 40.613443589265493 ], [ -73.915731819271343, 40.611830844513818 ], [ -73.916746523893053, 40.611178455468185 ], [ -73.916589364860457, 40.611090754004323 ], [ -73.916673112740298, 40.611005823250579 ], [ -73.916829208124526, 40.611118077722949 ], [ -73.918110366790131, 40.610208394058176 ], [ -73.917731854839246, 40.609782538201713 ], [ -73.917866386269637, 40.609327233800869 ], [ -73.917678707573387, 40.6096628644463 ], [ -73.917962700830728, 40.608785937120359 ], [ -73.917819727714303, 40.609304300065936 ], [ -73.918029644598093, 40.608846696941455 ], [ -73.918556661205955, 40.608498309043391 ], [ -73.918005005011338, 40.608149779017253 ], [ -73.918187285900984, 40.608024580910758 ], [ -73.91857357570953, 40.608487946287369 ], [ -73.919007371473285, 40.608267254971125 ], [ -73.918248934341136, 40.607588872927323 ], [ -73.9181381488997, 40.607645386907656 ], [ -73.918362467376383, 40.607501369418742 ], [ -73.918307945325878, 40.607610507708486 ], [ -73.919023107653118, 40.608256868199469 ], [ -73.919353984840527, 40.608042922790318 ], [ -73.918378269401543, 40.607174021935784 ], [ -73.918252690929549, 40.607229350640594 ], [ -73.918503004139211, 40.607071236027039 ], [ -73.918401593596457, 40.607154852898105 ], [ -73.919371004298583, 40.608032641744472 ], [ -73.919503589189276, 40.607974903975254 ], [ -73.919522097960154, 40.607738797434834 ], [ -73.919241350115399, 40.607385413860648 ], [ -73.9179498050121, 40.606209252342204 ], [ -73.918527608333875, 40.606113366640507 ], [ -73.919709287311264, 40.607302162610587 ], [ -73.920658617318253, 40.60675454271118 ], [ -73.921584291111401, 40.607639085896736 ], [ -73.924441444150531, 40.605793569315011 ], [ -73.926248851137785, 40.607413522260082 ], [ -73.929868801799714, 40.605071341460402 ], [ -73.933513107333582, 40.608343456312681 ], [ -73.934231575617673, 40.6078977151872 ], [ -73.936046276813315, 40.609514868917316 ], [ -73.937537494399876, 40.608557390257928 ], [ -73.939347033811842, 40.610187141368755 ], [ -73.942311758593306, 40.608268197325842 ], [ -73.94354698000032, 40.609346555698224 ], [ -73.944827709962937, 40.616046209109406 ], [ -73.943469620154858, 40.617385001869778 ], [ -73.940789140870763, 40.617696789890985 ], [ -73.936866996067025, 40.620253281735337 ], [ -73.933204575803771, 40.61697044275386 ], [ -73.931731792137199, 40.617926921394485 ], [ -73.92629769914555, 40.613192155675634 ], [ -73.926400446009936, 40.614478535531354 ], [ -73.920624002420055, 40.614838681674513 ], [ -73.920526941074982, 40.613942695006259 ], [ -73.916903026711523, 40.616274229910616 ], [ -73.918602247400827, 40.632068328253304 ], [ -73.917195150765252, 40.631738206250446 ] ] ] } },
{ "type": "Feature", "properties": { "NTA2020": "BK1803" }, "geometry": { "type": "MultiPolygon", "coordinates": [ [ [ [ -73.888339292562691, 40.64671022891762 ], [ -73.888497201938677, 40.646756786000132 ], [ -73.888532912128724, 40.646861882230731 ], [ -73.888467879892119, 40.646899734553848 ], [ -73.888339292562691, 40.64671022891762 ] ] ], [ [ [ -73.891218535350461, 40.649987698623313 ], [ -73.890567929225838, 40.649208632934446 ], [ -73.89101577841609, 40.649342007892649 ], [ -73.891204213096685, 40.649126899580033 ], [ -73.891096114747, 40.648812499079078 ], [ -73.889450742276694, 40.647173955596479 ], [ -73.889350865998807, 40.647034698864211 ], [ -73.889481525760701, 40.64691275506825 ], [ -73.888796908486711, 40.64605025805637 ], [ -73.889376029750451, 40.646974754423191 ], [ -73.888865417782142, 40.64722003573565 ], [ -73.888535492932292, 40.646968149198415 ], [ -73.888599325520332, 40.646712468820958 ], [ -73.888081388839893, 40.646620570131347 ], [ -73.888094419357316, 40.646212786549349 ], [ -73.88828981420744, 40.646044215545636 ], [ -73.888000520270069, 40.646027705354655 ], [ -73.887409601565011, 40.645329280124251 ], [ -73.888055871827845, 40.645119787759917 ], [ -73.887912529419609, 40.64500348154403 ], [ -73.887302174444329, 40.645195925929528 ], [ -73.886912034545148, 40.644473777607914 ], [ -73.88654888955999, 40.644312490378439 ], [ -73.886236467918067, 40.643816787721008 ], [ -73.884691814366178, 40.643121146972383 ], [ -73.88373578763786, 40.642450349188451 ], [ -73.880788897256451, 40.639757433138129 ], [ -73.88076685498288, 40.639581647653465 ], [ -73.885944177566657, 40.636226811674909 ], [ -73.882888508880342, 40.633436487182642 ], [ -73.885441361955756, 40.631401632308879 ], [ -73.887476092131621, 40.630119778199813 ], [ -73.888903743004448, 40.629915857874089 ], [ -73.890111590073218, 40.628975713873757 ], [ -73.892093871270276, 40.62865773473947 ], [ -73.892272233382286, 40.629107946256724 ], [ -73.89081563624066, 40.630853915043758 ], [ -73.892771859524373, 40.631808704510291 ], [ -73.8995519299379, 40.627466729311053 ], [ -73.900117620176815, 40.627016616307543 ], [ -73.901461611683857, 40.625231418853446 ], [ -73.914460709410221, 40.630994831304328 ], [ -73.916060799886495, 40.63203405032413 ], [ -73.916636119514379, 40.632034170653696 ], [ -73.917195150765252, 40.631738206250446 ], [ -73.918602247400827, 40.632068328253304 ], [ -73.919950629669898, 40.644707630734473 ], [ -73.918301523492445, 40.645812263252296 ], [ -73.909448463793325, 40.651521599292842 ], [ -73.90398200487077, 40.646628567576599 ], [ -73.895861549358798, 40.651880527333375 ], [ -73.897610132423623, 40.653453816120646 ], [ -73.893546770738467, 40.655202714083678 ], [ -73.891759344124893, 40.652799107712276 ], [ -73.890005891245963, 40.651148697130481 ], [ -73.891218535350461, 40.649987698623313 ] ] ] ] } },
{ "type": "Feature", "properties": { "NTA2020": "BK1891" }, "geometry": { "type": "MultiPolygon", "coordinates": [ [ [ [ -73.915133319181962, 40.58626938540074 ], [ -73.913499616774743, 40.586095825668998 ], [ -73.912585874006396, 40.585566744638093 ], [ -73.912367902887937, 40.584526174247301 ], [ -73.912608477191895, 40.584319948276018 ], [ -73.912635813979534, 40.583950298025883 ], [ -73.912504600357352, 40.583886355710682 ], [ -73.912690149043485, 40.583875153606549 ], [ -73.91271079739748, 40.583699941669266 ], [ -73.912421030694574, 40.583392784027318 ], [ -73.913046609504633, 40.583007548495644 ], [ -73.91305439371871, 40.583186716453355 ], [ -73.914631662753635, 40.582757634402796 ], [ -73.914897419705767, 40.582872610367666 ], [ -73.914986856805939, 40.583152840328623 ], [ -73.916141994732726, 40.582857437633926 ], [ -73.916563457371268, 40.583152013699809 ], [ -73.917298614107168, 40.583190801749552 ], [ -73.916811043853144, 40.58276204855715 ], [ -73.916326405680365, 40.582818870425641 ], [ -73.915961510808884, 40.582435758340274 ], [ -73.915412909008069, 40.582364073798708 ], [ -73.914854296204851, 40.582494093108345 ], [ -73.914386676360067, 40.582383158049403 ], [ -73.914464293027834, 40.582609277816069 ], [ -73.914236924451728, 40.582597251922707 ], [ -73.914173228159953, 40.582801361662582 ], [ -73.913726006248851, 40.582728893874268 ], [ -73.91335911446285, 40.58295402101438 ], [ -73.912969051678758, 40.582972802624049 ], [ -73.912993842469646, 40.582706740169321 ], [ -73.912853795886988, 40.583012267298841 ], [ -73.912220522726415, 40.582963340048124 ], [ -73.912484048774189, 40.582884902401638 ], [ -73.911910588603547, 40.582963377252653 ], [ -73.911520734123172, 40.582742971406503 ], [ -73.911286359838314, 40.582313586292436 ], [ -73.91149960130727, 40.58181878096201 ], [ -73.913711299860893, 40.581628737697798 ], [ -73.914440816093546, 40.581712697227616 ], [ -73.915055201707446, 40.581543607722665 ], [ -73.918140118695916, 40.58213869717283 ], [ -73.922212718777516, 40.583251332916504 ], [ -73.924436040949757, 40.583558203444305 ], [ -73.925620499969924, 40.583453820769243 ], [ -73.927125318367956, 40.583579273883366 ], [ -73.929632480748907, 40.583398808625546 ], [ -73.930671918900131, 40.583159811778032 ], [ -73.930890531731819, 40.582930194120763 ], [ -73.930740694334773, 40.582758947695197 ], [ -73.930960031445792, 40.582728610786113 ], [ -73.931838812928987, 40.582945274003585 ], [ -73.932042449704326, 40.584233960077817 ], [ -73.930096162999291, 40.584502076232525 ], [ -73.930190778808708, 40.585085593039459 ], [ -73.931269450008145, 40.585436393921448 ], [ -73.931399475103788, 40.586079895490862 ], [ -73.927216491481502, 40.584783431487352 ], [ -73.925833359828133, 40.584953077221726 ], [ -73.925305275571844, 40.584641788591199 ], [ -73.924553438604988, 40.584611818712276 ], [ -73.923449663149938, 40.584817853965454 ], [ -73.921012554815889, 40.584575018611886 ], [ -73.920006187414046, 40.584664652736556 ], [ -73.918841775392806, 40.585043116793734 ], [ -73.918795907379874, 40.585223868594881 ], [ -73.918422224334975, 40.585371996778498 ], [ -73.917138865895041, 40.585681324528096 ], [ -73.916975986820901, 40.585888854999801 ], [ -73.915133319181962, 40.58626938540074 ] ] ], [ [ [ -73.919900643360322, 40.599600522090228 ], [ -73.919983329692016, 40.599535966521813 ], [ -73.91915856902736, 40.59960928091887 ], [ -73.918658875980583, 40.599472428370738 ], [ -73.918435482830404, 40.599166390831833 ], [ -73.916263931083463, 40.598161137312779 ], [ -73.91601641749935, 40.597508438313469 ], [ -73.915074203666492, 40.596494077729346 ], [ -73.914415081071041, 40.596045016532472 ], [ -73.913817651620505, 40.595042289874748 ], [ -73.913383057512419, 40.594721552778104 ], [ -73.913063400012504, 40.594072110687073 ], [ -73.913261803404112, 40.592228776246046 ], [ -73.912951226319819, 40.592054329969564 ], [ -73.914394226777816, 40.59151165799819 ], [ -73.91524478304683, 40.59158750817862 ], [ -73.916049928955573, 40.592202597528818 ], [ -73.91601046924518, 40.59242852070571 ], [ -73.916368279630859, 40.592747071997124 ], [ -73.916441129022132, 40.59312680944052 ], [ -73.917875435580243, 40.594722181524943 ], [ -73.920199545372, 40.596183345280593 ], [ -73.920829477087906, 40.59633469068293 ], [ -73.920896820952976, 40.596612654032725 ], [ -73.921822777318937, 40.597332932872561 ], [ -73.921864236690794, 40.597798222612809 ], [ -73.92227201543713, 40.598376818436165 ], [ -73.922130493533928, 40.598662596177341 ], [ -73.92084893682663, 40.599541397328473 ], [ -73.919900643360322, 40.599600522090228 ] ] ], [ [ [ -73.936046276813258, 40.609514868917351 ], [ -73.934231575617574, 40.6078977151872 ], [ -73.933513107333638, 40.608343456312724 ], [ -73.929868801799657, 40.605071341460402 ], [ -73.926248851137686, 40.607413522260082 ], [ -73.92444144415046, 40.605793569315011 ], [ -73.921584291111344, 40.607639085896736 ], [ -73.920658617318253, 40.60675454271118 ], [ -73.919709287311207, 40.607302162610587 ], [ -73.900987006118058, 40.590103019016468 ], [ -73.893834312880742, 40.583664946145412 ], [ -73.889243396301268, 40.579767519144859 ], [ -73.888124178732824, 40.578728291808488 ], [ -73.887693958368985, 40.578063238844692 ], [ -73.888823493924775, 40.578122211263917 ], [ -73.88975533585878, 40.577788416513926 ], [ -73.891184137672866, 40.577872112237849 ], [ -73.892075829243424, 40.577473870411765 ], [ -73.894547720782242, 40.576839509728948 ], [ -73.895523810071651, 40.57676981843646 ], [ -73.895951781169984, 40.578019184151529 ], [ -73.896512543106624, 40.579007074572999 ], [ -73.896759876751005, 40.581250054305286 ], [ -73.896579191263029, 40.582356047837585 ], [ -73.896746370301813, 40.583189984803333 ], [ -73.897272781987454, 40.584320807082563 ], [ -73.898161566198169, 40.585350490558255 ], [ -73.897939638627932, 40.585880671875117 ], [ -73.898278865978341, 40.586518437747095 ], [ -73.898263055502767, 40.586785395352386 ], [ -73.898915999088061, 40.587537436061069 ], [ -73.899733413051706, 40.587165212109916 ], [ -73.898993717351587, 40.587627946686901 ], [ -73.899579279582539, 40.587987806524922 ], [ -73.89981060525021, 40.588014457055529 ], [ -73.899906044604748, 40.587794089248305 ], [ -73.899943450593042, 40.587983416525688 ], [ -73.900009325149853, 40.587818348811879 ], [ -73.900303608470267, 40.587732565426215 ], [ -73.900355303313631, 40.587806585406284 ], [ -73.901217918831847, 40.587383340023237 ], [ -73.901207523737483, 40.587499254593382 ], [ -73.900342568355128, 40.587834835908239 ], [ -73.900031156696741, 40.587869747244937 ], [ -73.899952340706406, 40.588041598696933 ], [ -73.900880302907183, 40.58805352387953 ], [ -73.902099537363526, 40.587356541176447 ], [ -73.90285597557542, 40.587366270666806 ], [ -73.904260373504528, 40.58691202483179 ], [ -73.905879198515876, 40.587497876304333 ], [ -73.905887184259129, 40.587877372914356 ], [ -73.906518746709551, 40.588025473617783 ], [ -73.906859725409461, 40.587882676247787 ], [ -73.907125024063816, 40.587529702962364 ], [ -73.906493512813739, 40.587344674917503 ], [ -73.906335176127342, 40.587131926250827 ], [ -73.90643924223771, 40.587033856374795 ], [ -73.908108850359724, 40.586796505301564 ], [ -73.91088554171192, 40.585947645004531 ], [ -73.91152755135802, 40.586105808983341 ], [ -73.911874366163744, 40.586365684647163 ], [ -73.911972784317356, 40.586697357471344 ], [ -73.911750506730073, 40.587267897321375 ], [ -73.912046493164723, 40.588165171291649 ], [ -73.912054640834825, 40.588737595231954 ], [ -73.911598816087931, 40.589913254998756 ], [ -73.911437307968384, 40.591080371556011 ], [ -73.911947039702895, 40.592548079285443 ], [ -73.912028846387827, 40.594367595782607 ], [ -73.912508012112994, 40.595397638779666 ], [ -73.913116958951562, 40.595872482451291 ], [ -73.913550338587342, 40.596722296720436 ], [ -73.914265273416675, 40.597249191019188 ], [ -73.914549769886861, 40.597725460114368 ], [ -73.915065807743886, 40.597998078358849 ], [ -73.915110569624147, 40.598591215388304 ], [ -73.915737916527064, 40.59920584154689 ], [ -73.917010879158568, 40.599587249299923 ], [ -73.917933799622361, 40.600082143642638 ], [ -73.918653553829387, 40.600685834694175 ], [ -73.919871715302165, 40.600851707848577 ], [ -73.92084786105265, 40.601461943439027 ], [ -73.921705033247022, 40.601744370355604 ], [ -73.922155451948115, 40.60169973725943 ], [ -73.922968248791491, 40.60110571841313 ], [ -73.923295455543141, 40.6007424397839 ], [ -73.923256334854258, 40.600360506329366 ], [ -73.923609866590269, 40.600191633055665 ], [ -73.923939970885186, 40.599714349376896 ], [ -73.924659835159218, 40.599725989939351 ], [ -73.926268847604902, 40.600637174455066 ], [ -73.927998051033995, 40.601927872124776 ], [ -73.928525069425632, 40.602211871221492 ], [ -73.928836246430237, 40.602121820606783 ], [ -73.928882516435692, 40.602427271649489 ], [ -73.929541491519345, 40.602749081368017 ], [ -73.929641316268416, 40.603086527453506 ], [ -73.929087514219887, 40.603654194300994 ], [ -73.929205568589424, 40.603892012211404 ], [ -73.929503348162115, 40.603926643559426 ], [ -73.92999616208796, 40.603643641706142 ], [ -73.930178079428543, 40.603736344167814 ], [ -73.930133938519418, 40.603998125870113 ], [ -73.930509339891913, 40.603740474069944 ], [ -73.930974675075745, 40.603934643001004 ], [ -73.931174761617328, 40.603850406434745 ], [ -73.931962270644348, 40.603121637615459 ], [ -73.932123196461447, 40.602709739248787 ], [ -73.931762003420516, 40.60259638421784 ], [ -73.931089195284486, 40.601722258264147 ], [ -73.930730188217993, 40.601592761861383 ], [ -73.930306809868995, 40.601171674640923 ], [ -73.929649361733865, 40.601204457578817 ], [ -73.929342680392367, 40.60096915112203 ], [ -73.929410424444427, 40.600759763522824 ], [ -73.929274942809514, 40.600801237012313 ], [ -73.929366537820641, 40.60064700885377 ], [ -73.929226982596902, 40.600488109018698 ], [ -73.928652504138185, 40.600385591828797 ], [ -73.928592306000695, 40.600611615976305 ], [ -73.928376810262293, 40.600350095304584 ], [ -73.927847991663015, 40.600316058481994 ], [ -73.927202404004404, 40.599910080434235 ], [ -73.922901855339774, 40.596447563816362 ], [ -73.921775363243441, 40.595030926201211 ], [ -73.920321410523869, 40.594718846993111 ], [ -73.918674399732737, 40.593332078578776 ], [ -73.917828606154657, 40.592822546109474 ], [ -73.916411505280138, 40.591141627615514 ], [ -73.914877615293676, 40.5903136204861 ], [ -73.91506743494125, 40.590080542702133 ], [ -73.914549040976354, 40.58954533024108 ], [ -73.914621252880693, 40.588748718136472 ], [ -73.917254821680515, 40.587477879562307 ], [ -73.918190877321493, 40.586606854925066 ], [ -73.929568583092419, 40.596820265422437 ], [ -73.928131396709531, 40.59777792814625 ], [ -73.933551171535555, 40.60268728132754 ], [ -73.934262667258764, 40.602230711367049 ], [ -73.939726139327163, 40.607132915122897 ], [ -73.936046276813258, 40.609514868917351 ] ] ] ] } },
{ "type": "Feature", "properties": { "NTA2020": "BK1892" }, "geometry": { "type": "Polygon", "coordinates": [ [ [ -73.904189823905128, 40.613564560181985 ], [ -73.90347276540102, 40.613986613167931 ], [ -73.902130404105904, 40.612780001263452 ], [ -73.898556141626443, 40.615148673502418 ], [ -73.89853771184687, 40.616265177778601 ], [ -73.89810073687454, 40.617043985744878 ], [ -73.901989508590958, 40.620562190470629 ], [ -73.899856405560186, 40.621768758872157 ], [ -73.898117675680993, 40.621851561623807 ], [ -73.897052239670685, 40.621683965621436 ], [ -73.896441233469005, 40.621394756190128 ], [ -73.896288478029206, 40.620736499974619 ], [ -73.896222433122716, 40.620840221009509 ], [ -73.895729329955302, 40.620240915760768 ], [ -73.895777403446999, 40.620019920532116 ], [ -73.895613885019301, 40.619801287150665 ], [ -73.895719346029992, 40.619529950158764 ], [ -73.895610446776558, 40.61935053338447 ], [ -73.895852938513372, 40.619144619367837 ], [ -73.896083577460445, 40.618382790884404 ], [ -73.896453479744395, 40.618075571010422 ], [ -73.896643352253108, 40.617347712644879 ], [ -73.896453811309897, 40.616769981769615 ], [ -73.89646002707876, 40.616129874393074 ], [ -73.896170524591398, 40.616001183703688 ], [ -73.896173369775838, 40.615654491231027 ], [ -73.895734451529663, 40.61488774712015 ], [ -73.896028816678424, 40.614804600052032 ], [ -73.895861128941874, 40.614518137494777 ], [ -73.894275814080743, 40.613882643750749 ], [ -73.892499262496855, 40.613792311681216 ], [ -73.891340284518805, 40.613256206900616 ], [ -73.890954145646845, 40.612834047317136 ], [ -73.891044106447893, 40.612509560997964 ], [ -73.8914143047419, 40.612125447699526 ], [ -73.892096337686553, 40.611960578803213 ], [ -73.892152844636257, 40.612073909626368 ], [ -73.892748795870347, 40.611729830634495 ], [ -73.893932400721994, 40.611536596724228 ], [ -73.89396385060904, 40.611214222580799 ], [ -73.893580855394049, 40.611165725460623 ], [ -73.893549388530431, 40.611000897636472 ], [ -73.891893890865248, 40.611534670747325 ], [ -73.890997093231931, 40.612052452416236 ], [ -73.891159506853086, 40.612177193161038 ], [ -73.891077946326206, 40.612276861868558 ], [ -73.889791631301478, 40.611685915674592 ], [ -73.889747007852122, 40.611074881261466 ], [ -73.89058822830458, 40.610074026971212 ], [ -73.89194461446813, 40.609102252148325 ], [ -73.89186552721651, 40.609322584429833 ], [ -73.891982044674805, 40.609384973940742 ], [ -73.891769406823116, 40.609519268959282 ], [ -73.891953811746248, 40.609450108353442 ], [ -73.89226735458972, 40.609165273146687 ], [ -73.892372108775177, 40.60872812515521 ], [ -73.892223204097675, 40.608627086857574 ], [ -73.892423272076158, 40.60855824324134 ], [ -73.892170359374816, 40.608544721357319 ], [ -73.892483240414947, 40.608153305067326 ], [ -73.892729449992515, 40.6072271923165 ], [ -73.893346214200179, 40.606743446234681 ], [ -73.894861683684169, 40.606404763205845 ], [ -73.895913444248023, 40.605844711276475 ], [ -73.898502110432958, 40.605296690182897 ], [ -73.899480477300202, 40.605613020657884 ], [ -73.900170630060572, 40.60562514266374 ], [ -73.901063408290781, 40.606933287929962 ], [ -73.900777532558649, 40.607543491485742 ], [ -73.900624853579671, 40.609242675474988 ], [ -73.900393172881394, 40.609530469331588 ], [ -73.900279500076053, 40.610074010176263 ], [ -73.901406460362111, 40.611088043877729 ], [ -73.901366198231145, 40.611701840642191 ], [ -73.901635511047942, 40.611850664830136 ], [ -73.902003575399732, 40.611743024169257 ], [ -73.902290907717926, 40.611960641228883 ], [ -73.90249392985298, 40.611814999032319 ], [ -73.901192534654484, 40.610563817546605 ], [ -73.901329626594062, 40.610481043103299 ], [ -73.901248368655686, 40.610580274499107 ], [ -73.902535551210534, 40.611826211199443 ], [ -73.902650779467862, 40.611780621164186 ], [ -73.902360320962117, 40.611980412182568 ], [ -73.90271854260655, 40.611826025295947 ], [ -73.902638277474111, 40.61190652255533 ], [ -73.902926669834358, 40.612159441976431 ], [ -73.903043928125001, 40.612095214987264 ], [ -73.902917503703605, 40.612186543448601 ], [ -73.902629182453495, 40.611925809170835 ], [ -73.902422747175791, 40.612033560004761 ], [ -73.904189823905128, 40.613564560181985 ] ] ] } },
{ "type": "Feature", "properties": { "NTA2020": "BK1893" }, "geometry": { "type": "Polygon", "coordinates": [ [ [ -73.901461611683857, 40.625231418853446 ], [ -73.900117620176815, 40.627016616307543 ], [ -73.8995519299379, 40.627466729311053 ], [ -73.892771859524373, 40.631808704510291 ], [ -73.89081563624066, 40.630853915043758 ], [ -73.892272233382286, 40.629107946256724 ], [ -73.892093871270276, 40.62865773473947 ], [ -73.890111590073218, 40.628975713873757 ], [ -73.888903743004448, 40.629915857874089 ], [ -73.887476092131621, 40.630119778199813 ], [ -73.884979856188266, 40.631713192159253 ], [ -73.882888508880342, 40.633436487182642 ], [ -73.885944177566657, 40.636226811674909 ], [ -73.88076685498288, 40.639581647653465 ], [ -73.880551238822562, 40.639158819737304 ], [ -73.879538880169918, 40.638217839823305 ], [ -73.879117877979809, 40.638266587943157 ], [ -73.878966860710506, 40.638459544198149 ], [ -73.878638638420995, 40.63829360625958 ], [ -73.87838402264147, 40.637904108592345 ], [ -73.878580341721843, 40.637518756592804 ], [ -73.877809527432149, 40.636881864778523 ], [ -73.877144348685974, 40.635976498007572 ], [ -73.878205904897825, 40.634572943662619 ], [ -73.879987675038436, 40.633514883481048 ], [ -73.880376294890993, 40.632980262363326 ], [ -73.881270681045407, 40.632369119161069 ], [ -73.883013621035118, 40.6316261495354 ], [ -73.883644517282306, 40.630943312138633 ], [ -73.883769327963762, 40.630221761342419 ], [ -73.883454129233826, 40.629907670437468 ], [ -73.884047261493848, 40.629560118546536 ], [ -73.882632484334025, 40.628274273126927 ], [ -73.883692315715891, 40.627559373411451 ], [ -73.885129540237799, 40.628827258671421 ], [ -73.885721670373144, 40.628446715223774 ], [ -73.886306876078464, 40.628677705393798 ], [ -73.887526737062004, 40.628331824482522 ], [ -73.890422997435564, 40.62627859879774 ], [ -73.891487207483209, 40.624481722415204 ], [ -73.893005588643959, 40.623356468593443 ], [ -73.893518783167011, 40.623352692848783 ], [ -73.895187978575777, 40.622501020503002 ], [ -73.895484679720354, 40.622485568374472 ], [ -73.895620431002769, 40.622676284616119 ], [ -73.901461611683857, 40.625231418853446 ] ] ] } },
{ "type": "Feature", "properties": { "NTA2020": "BK5591" }, "geometry": { "type": "Polygon", "coordinates": [ [ [ -73.962571230847274, 40.671622244887324 ], [ -73.960955953876251, 40.663285054834041 ], [ -73.962249738351389, 40.663198678195023 ], [ -73.962930497642262, 40.6625690431568 ], [ -73.963081453915635, 40.662196726690411 ], [ -73.961880864397983, 40.654881192052272 ], [ -73.966213219592746, 40.653189404546609 ], [ -73.964654386307345, 40.650887728458599 ], [ -73.971396316881751, 40.64825778561152 ], [ -73.972088461074037, 40.650656908753824 ], [ -73.972442022311753, 40.650698175640734 ], [ -73.9726887491978, 40.650967127714416 ], [ -73.972591595521891, 40.651276461412401 ], [ -73.972328462880782, 40.651397929082904 ], [ -73.974367012924731, 40.658187904014824 ], [ -73.975157381000088, 40.658722794114993 ], [ -73.979578700956409, 40.660853242153962 ], [ -73.980001138906857, 40.660757564209959 ], [ -73.980206450763362, 40.661105712951546 ], [ -73.979653534763273, 40.661243233731064 ], [ -73.979350599462464, 40.661594821602563 ], [ -73.971815946547864, 40.670629475305226 ], [ -73.970407344616874, 40.672647219428178 ], [ -73.969663940805731, 40.672642367867319 ], [ -73.968774440508611, 40.672942367714569 ], [ -73.967679783260593, 40.672889486940399 ], [ -73.962571230847274, 40.671622244887324 ] ] ] } },
{ "type": "Feature", "properties": { "NTA2020": "BK5691" }, "geometry": { "type": "Polygon", "coordinates": [ [ [ -73.887693958369084, 40.578063238844635 ], [ -73.888124178732866, 40.578728291808488 ], [ -73.889243396301211, 40.579767519144859 ], [ -73.897673043060578, 40.587113996951125 ], [ -73.918527608333875, 40.606113366640507 ], [ -73.9179498050121, 40.606209252342204 ], [ -73.915600861043274, 40.603936252654513 ], [ -73.915416007354025, 40.603950005930244 ], [ -73.914768531639453, 40.603360221672702 ], [ -73.914893581025126, 40.603288883760072 ], [ -73.914428134622838, 40.602863919563269 ], [ -73.913894347993619, 40.602703578271289 ], [ -73.913820201628283, 40.602888180050115 ], [ -73.913687185100429, 40.602850421012683 ], [ -73.913855243920978, 40.602690251506793 ], [ -73.913640756674027, 40.602524181704304 ], [ -73.913327003990261, 40.602763777769852 ], [ -73.913470726490075, 40.602911690689986 ], [ -73.913296510304789, 40.602765614677935 ], [ -73.913660893389221, 40.602468910027447 ], [ -73.913498264136706, 40.602366975565218 ], [ -73.913271175111049, 40.602552721097723 ], [ -73.9133869327257, 40.602634611550599 ], [ -73.913198916287627, 40.602785062012103 ], [ -73.913356439760904, 40.602636447972522 ], [ -73.913249203472574, 40.602566647465821 ], [ -73.913017232418667, 40.602754248717631 ], [ -73.913475115442381, 40.602349295873395 ], [ -73.913298546357339, 40.602250351749049 ], [ -73.9131165873372, 40.602220255928849 ], [ -73.912738668623376, 40.602708677016466 ], [ -73.912853197950824, 40.602507405574656 ], [ -73.912723986223568, 40.602453262946142 ], [ -73.912886934853987, 40.602484703640584 ], [ -73.913096913068856, 40.602214453423038 ], [ -73.911584276893379, 40.602135488403427 ], [ -73.911578365567124, 40.602217871191186 ], [ -73.912309399772838, 40.602275084477945 ], [ -73.912541701824324, 40.602364439955444 ], [ -73.911651892306637, 40.602278257844326 ], [ -73.911544111829869, 40.602439323103944 ], [ -73.912610986765316, 40.602532006593897 ], [ -73.912572904075986, 40.602683299532146 ], [ -73.912518892580465, 40.60254030930362 ], [ -73.912488828204317, 40.602674150269252 ], [ -73.911515059230169, 40.602460243059916 ], [ -73.910940079824556, 40.602497814322 ], [ -73.910946343467089, 40.602364642186579 ], [ -73.910865365857788, 40.60249048328847 ], [ -73.910876833781984, 40.602342354836615 ], [ -73.911519571944012, 40.6023968685694 ], [ -73.911542343691764, 40.602224540785663 ], [ -73.910916267630569, 40.60220676550793 ], [ -73.910939996399165, 40.602128474222482 ], [ -73.91155529140805, 40.602155464729812 ], [ -73.910758308465049, 40.602027500983418 ], [ -73.910751239722586, 40.602437299862558 ], [ -73.909036895305334, 40.602677343220179 ], [ -73.909018485670813, 40.602524827669249 ], [ -73.910711544570347, 40.602419493178324 ], [ -73.91070633053954, 40.602144515265365 ], [ -73.909409343045951, 40.602190766257927 ], [ -73.910731230132669, 40.602021376027665 ], [ -73.909847028937278, 40.602039609089388 ], [ -73.909040832215439, 40.601625205886002 ], [ -73.90784279095395, 40.60226974077176 ], [ -73.906796134053437, 40.602316603506267 ], [ -73.905674111166846, 40.602602875179173 ], [ -73.904905859498683, 40.602483487836352 ], [ -73.904299666781256, 40.602670772320892 ], [ -73.903727744988871, 40.602415084369092 ], [ -73.90360249395323, 40.602597937681736 ], [ -73.903319819129308, 40.60258691705247 ], [ -73.901928682834168, 40.603182721623298 ], [ -73.900419589977602, 40.603242399073494 ], [ -73.899326207123849, 40.603550746274955 ], [ -73.898330446578186, 40.603207768568055 ], [ -73.89776531129958, 40.60330506660096 ], [ -73.89562281394231, 40.603008911590031 ], [ -73.894973754927491, 40.603214833372597 ], [ -73.8940634207042, 40.603086155664087 ], [ -73.893515802540591, 40.603386457996201 ], [ -73.892412725241741, 40.603298953109629 ], [ -73.89135659455124, 40.603517883229273 ], [ -73.890978674424019, 40.603916563172127 ], [ -73.889099498637094, 40.604510116955055 ], [ -73.888921102311244, 40.604779518919443 ], [ -73.887730897046424, 40.605268270578101 ], [ -73.884775655526781, 40.605141388609745 ], [ -73.883964348820768, 40.605549140426454 ], [ -73.882717772104684, 40.604178837179369 ], [ -73.883008972430218, 40.603743154584635 ], [ -73.88294848341674, 40.603457208390218 ], [ -73.883391452732894, 40.603016322524638 ], [ -73.883363679447399, 40.602877458094873 ], [ -73.882700289338729, 40.601700351908093 ], [ -73.882300568059065, 40.600168552386265 ], [ -73.881806183522855, 40.599365277862638 ], [ -73.881642499938124, 40.597796018446033 ], [ -73.880844531432274, 40.596342922554882 ], [ -73.880799818979355, 40.594788843141778 ], [ -73.879907132590034, 40.592047994322463 ], [ -73.87941617176989, 40.592132005798064 ], [ -73.879899028519333, 40.592020638852105 ], [ -73.87971492228003, 40.591398891829037 ], [ -73.879357292058955, 40.590843735297526 ], [ -73.878968904387406, 40.590896773117592 ], [ -73.878924119311549, 40.590712780281521 ], [ -73.879293263773903, 40.590661431368062 ], [ -73.879234397664305, 40.59026640945595 ], [ -73.878968312590857, 40.58990093504832 ], [ -73.879139011613574, 40.589373200231286 ], [ -73.878787603634677, 40.588030460869021 ], [ -73.87820200235987, 40.586867942827027 ], [ -73.876716724820739, 40.584914430200826 ], [ -73.879702316640007, 40.580135100698172 ], [ -73.881742900221894, 40.579591700262078 ], [ -73.881867245267415, 40.579454625787662 ], [ -73.881746769838941, 40.579158807212487 ], [ -73.882069582036465, 40.579073978696591 ], [ -73.883066661574574, 40.579041151102579 ], [ -73.883905779924476, 40.578629212044255 ], [ -73.886138105995556, 40.578134398662669 ], [ -73.887693958369084, 40.578063238844635 ] ] ] } },
{ "type": "Feature", "properties": { "NTA2020": "BK5692" }, "geometry": { "type": "MultiPolygon", "coordinates": [ [ [ [ -73.86327471071958, 40.583876848531844 ], [ -73.863812394619657, 40.583604003588682 ], [ -73.864492453356917, 40.583614938178769 ], [ -73.866376193126726, 40.582538657867545 ], [ -73.867002329912836, 40.581977080275507 ], [ -73.867727969036807, 40.581663409428856 ], [ -73.868962922104117, 40.581693794788627 ], [ -73.869257580512951, 40.581909640570892 ], [ -73.870505979184486, 40.583341952511155 ], [ -73.870614977944228, 40.584915351060374 ], [ -73.871159226754315, 40.586873887967286 ], [ -73.869813564820987, 40.589460926788256 ], [ -73.86849671647208, 40.590089850289615 ], [ -73.86759275775205, 40.591005791690662 ], [ -73.866350521640953, 40.591892676564747 ], [ -73.864308266925434, 40.591414744326428 ], [ -73.863272734928287, 40.59090807569261 ], [ -73.862741560287674, 40.590366406597411 ], [ -73.862723484980748, 40.590074510753404 ], [ -73.861932162217443, 40.588898945374702 ], [ -73.861494011116406, 40.588542473099423 ], [ -73.861252993773746, 40.587988085921189 ], [ -73.861674478674615, 40.586144794993743 ], [ -73.86327471071958, 40.583876848531844 ] ] ], [ [ [ -73.869527075489316, 40.598713750354484 ], [ -73.869670707114977, 40.596688563622116 ], [ -73.870208998362287, 40.596954232789372 ], [ -73.869527075489316, 40.598713750354484 ] ] ], [ [ [ -73.8701949148995, 40.598996405901936 ], [ -73.871081418114812, 40.598901147470144 ], [ -73.87049411914775, 40.602604446204587 ], [ -73.870262805650157, 40.601681221756017 ], [ -73.8701949148995, 40.598996405901936 ] ] ], [ [ [ -73.852433358070172, 40.597333397795275 ], [ -73.85399559599405, 40.596683486346748 ], [ -73.85465863090117, 40.59657838892759 ], [ -73.854926485815611, 40.596301663870641 ], [ -73.856733643949752, 40.596075764354019 ], [ -73.860444205339647, 40.596471906098955 ], [ -73.860549779851922, 40.597063020191648 ], [ -73.86274820792741, 40.599071205422028 ], [ -73.863286631341481, 40.599810042163242 ], [ -73.863359991475079, 40.600322203273755 ], [ -73.862975062609721, 40.601018272615633 ], [ -73.861871898472373, 40.60216432581592 ], [ -73.86112814224542, 40.602550331074291 ], [ -73.860781691668649, 40.602608400256329 ], [ -73.860488842135155, 40.602339347394697 ], [ -73.859059143278714, 40.602061431071448 ], [ -73.854825957829718, 40.601867195353677 ], [ -73.854712007291781, 40.601649025827669 ], [ -73.854273873608165, 40.601430436697107 ], [ -73.853720903406909, 40.601400665178559 ], [ -73.852768381558363, 40.600948854025916 ], [ -73.851760453056087, 40.599697513812615 ], [ -73.850767480015591, 40.598839443837363 ], [ -73.851531228937773, 40.598433936220466 ], [ -73.852433358070172, 40.597333397795275 ] ] ], [ [ [ -73.867029051855667, 40.603743388853935 ], [ -73.867681941542145, 40.603070766677362 ], [ -73.86830808464714, 40.603139160643593 ], [ -73.867935053727052, 40.603961135452948 ], [ -73.867026072870345, 40.604171584008242 ], [ -73.867029051855667, 40.603743388853935 ] ] ], [ [ [ -73.846736514710997, 40.604853014851699 ], [ -73.846408506655763, 40.604484573370648 ], [ -73.846080590378847, 40.604544593837048 ], [ -73.846413681099023, 40.604187416605782 ], [ -73.846069993664912, 40.604312297559595 ], [ -73.84578322472349, 40.604821614382054 ], [ -73.845444664490643, 40.604713000158711 ], [ -73.845266948420587, 40.604854720522589 ], [ -73.844892981279884, 40.604716312671293 ], [ -73.845228117446709, 40.60477084477575 ], [ -73.845571000633768, 40.604544171595812 ], [ -73.845186242765408, 40.604469294568872 ], [ -73.845175066594209, 40.604699117514748 ], [ -73.844855798577527, 40.604686519329292 ], [ -73.844592954750837, 40.60482001110185 ], [ -73.844454899826815, 40.604687328922864 ], [ -73.844815149733293, 40.604621568617247 ], [ -73.844962952824858, 40.604375706045303 ], [ -73.844921990951448, 40.603682079177666 ], [ -73.845216035802849, 40.603860937529504 ], [ -73.845501644678365, 40.603853210387413 ], [ -73.845533811870226, 40.603750502020347 ], [ -73.845154251912945, 40.603731063632154 ], [ -73.845623037924582, 40.603519431253446 ], [ -73.846017934947767, 40.603810639151526 ], [ -73.846019133922425, 40.604059407573665 ], [ -73.846196239601611, 40.604181323949177 ], [ -73.846329300240427, 40.60417203787123 ], [ -73.846292336403678, 40.604047604953152 ], [ -73.846666321329835, 40.604177896347828 ], [ -73.846381969285389, 40.60441005939353 ], [ -73.846645884117393, 40.604580761851714 ], [ -73.847259611490216, 40.60459509940123 ], [ -73.847453281557804, 40.604456101393922 ], [ -73.847862483786258, 40.604702706326769 ], [ -73.847764554994725, 40.604907621473295 ], [ -73.846736514710997, 40.604853014851699 ] ] ], [ [ [ -73.848279826671558, 40.605433255230281 ], [ -73.847952771867526, 40.605354998631825 ], [ -73.847836822559771, 40.605084970384283 ], [ -73.848248684188235, 40.605142348738873 ], [ -73.848279826671558, 40.605433255230281 ] ] ], [ [ [ -73.848543408437806, 40.605963593520421 ], [ -73.84826110013671, 40.605779353068336 ], [ -73.84871964443029, 40.605890278758835 ], [ -73.848543408437806, 40.605963593520421 ] ] ], [ [ [ -73.834462656202433, 40.607192532942399 ], [ -73.835735875874335, 40.605793188452417 ], [ -73.835326126394477, 40.606852362979446 ], [ -73.83474777167514, 40.607264971745238 ], [ -73.834373865681229, 40.607851513920686 ], [ -73.834462656202433, 40.607192532942399 ] ] ], [ [ [ -73.867023994751619, 40.608068178769415 ], [ -73.868743175592712, 40.607035178776677 ], [ -73.868684688267521, 40.608241158183873 ], [ -73.867775015611372, 40.608539488778391 ], [ -73.867023994751619, 40.608068178769415 ] ] ], [ [ [ -73.869664429585015, 40.606540123412941 ], [ -73.871093307680809, 40.604694173994737 ], [ -73.871056566462357, 40.606285087991701 ], [ -73.872455798118807, 40.608185530348592 ], [ -73.873001227247684, 40.610555458459899 ], [ -73.871800828679909, 40.610280413580327 ], [ -73.871038701117101, 40.609723582526577 ], [ -73.87076008541186, 40.60870540141066 ], [ -73.869664429585015, 40.606540123412941 ] ] ], [ [ [ -73.850476249664396, 40.612342219057226 ], [ -73.849671450865372, 40.612109979401694 ], [ -73.849861393756015, 40.611959650252672 ], [ -73.849635191141033, 40.611746308204857 ], [ -73.849758051747926, 40.611590222930609 ], [ -73.849550381288907, 40.611456805463355 ], [ -73.849735322340365, 40.611214497277246 ], [ -73.849663581846173, 40.611104036741402 ], [ -73.849856880931938, 40.611012804217282 ], [ -73.849604702245003, 40.61088395098912 ], [ -73.849682635346667, 40.610397336530561 ], [ -73.849496183679051, 40.610329408563807 ], [ -73.850093297632881, 40.610162119881167 ], [ -73.849421488196711, 40.60982206041178 ], [ -73.849868758570452, 40.609823237203912 ], [ -73.849931736249076, 40.609428537839051 ], [ -73.850392488049891, 40.609646809202623 ], [ -73.850683971280546, 40.609402477962178 ], [ -73.851347751264669, 40.60926678729011 ], [ -73.851582371075693, 40.609062939540792 ], [ -73.851698684399452, 40.608611525189595 ], [ -73.85207814387779, 40.608689077111372 ], [ -73.852456999032142, 40.608238000235559 ], [ -73.852769089041203, 40.608296535257331 ], [ -73.852952543424351, 40.607962828551059 ], [ -73.853367545537779, 40.60801067854964 ], [ -73.853242210589855, 40.607730656631198 ], [ -73.853451118346612, 40.607921553369508 ], [ -73.853983595648074, 40.607789736208368 ], [ -73.854458784509205, 40.607895794709627 ], [ -73.854143791423851, 40.607542525724924 ], [ -73.853732363616089, 40.607483866881886 ], [ -73.853626406534758, 40.607264709614512 ], [ -73.854419570302497, 40.607168373281503 ], [ -73.854804111649273, 40.607354082554473 ], [ -73.85477543237154, 40.607490597397273 ], [ -73.855066426405457, 40.607459869435601 ], [ -73.854640167613411, 40.607694576871189 ], [ -73.854805211245932, 40.607785419302687 ], [ -73.854695282380817, 40.608060885575178 ], [ -73.854803447868932, 40.608596210302942 ], [ -73.855059387421747, 40.608856115506853 ], [ -73.855549523870394, 40.608982512465595 ], [ -73.855233736259635, 40.609261989635321 ], [ -73.855248689299813, 40.609543265717541 ], [ -73.855946783678277, 40.609537365358214 ], [ -73.85589039907795, 40.609910045475836 ], [ -73.856202088067221, 40.610067719285979 ], [ -73.856333078905024, 40.610651152713757 ], [ -73.856599993153964, 40.610834472451522 ], [ -73.856186851086633, 40.611045534577372 ], [ -73.855360965226737, 40.610414052786531 ], [ -73.855507623985972, 40.610255553258014 ], [ -73.855416949007164, 40.610115340432692 ], [ -73.853733064938027, 40.610245924246549 ], [ -73.853223380650633, 40.610138043940964 ], [ -73.852703862024441, 40.610418002161353 ], [ -73.85196381218816, 40.610243659191447 ], [ -73.851992057149261, 40.610557019234029 ], [ -73.852190067925548, 40.610814321120415 ], [ -73.852631760514754, 40.610984478904633 ], [ -73.852653295970853, 40.611173869613644 ], [ -73.852452235402836, 40.610940899411247 ], [ -73.852051822423959, 40.611055980864869 ], [ -73.851983293058368, 40.610909117295968 ], [ -73.851722751003436, 40.610949847417317 ], [ -73.851671638223777, 40.611048645807692 ], [ -73.851964693595363, 40.611196559362995 ], [ -73.851740335341759, 40.611568912733205 ], [ -73.851401855096682, 40.611654411417007 ], [ -73.851420547451355, 40.611774594043673 ], [ -73.851161229260072, 40.611712658739627 ], [ -73.851056989069747, 40.61146992520306 ], [ -73.850868665591548, 40.611791370896576 ], [ -73.850958090946449, 40.611964118669022 ], [ -73.850693601198444, 40.61198354905197 ], [ -73.850692084991692, 40.612214737012671 ], [ -73.850476249664396, 40.612342219057226 ] ] ], [ [ [ -73.844734926529597, 40.61396917180155 ], [ -73.843570024419165, 40.613671506715001 ], [ -73.843466505356986, 40.613557798600027 ], [ -73.84368650259411, 40.613365440094796 ], [ -73.843431296793256, 40.612971573746258 ], [ -73.842641848865611, 40.613172966306188 ], [ -73.842035436912354, 40.612690365988975 ], [ -73.841836578525303, 40.612688153049056 ], [ -73.84150944621463, 40.612319159989049 ], [ -73.841577900182784, 40.611825728049219 ], [ -73.840708152915028, 40.611634038603711 ], [ -73.840674688955019, 40.61144632213712 ], [ -73.840341055973923, 40.612041937204005 ], [ -73.839802021829612, 40.612361659543019 ], [ -73.839112111120627, 40.612466450773674 ], [ -73.838713753522285, 40.611994798841465 ], [ -73.838876487263391, 40.612520601230443 ], [ -73.838795922632258, 40.612796094593008 ], [ -73.838177060434418, 40.613080444154875 ], [ -73.837382437597483, 40.613008819232185 ], [ -73.836236211468957, 40.612270106413199 ], [ -73.836970750682653, 40.611111042647373 ], [ -73.837522239856298, 40.610858650994921 ], [ -73.837460871766012, 40.610156730594397 ], [ -73.837810227263134, 40.610050115433175 ], [ -73.838118504215288, 40.609481462505833 ], [ -73.838320283347258, 40.609507384523056 ], [ -73.83851857902539, 40.609235261703475 ], [ -73.838870804494945, 40.607905798542603 ], [ -73.839009575464218, 40.60790278816507 ], [ -73.83910109566169, 40.608313119981354 ], [ -73.839602086791359, 40.608063851952508 ], [ -73.839778171914006, 40.608282018632117 ], [ -73.840043198932264, 40.60823431708701 ], [ -73.84009612003635, 40.608961861964346 ], [ -73.84049656815607, 40.608555418914179 ], [ -73.840434183474741, 40.608266907726161 ], [ -73.839468137095878, 40.607810491671849 ], [ -73.839359278682025, 40.607614852162556 ], [ -73.839994414477388, 40.607535620234671 ], [ -73.839940095942524, 40.607391332205914 ], [ -73.840512996201241, 40.606959491060842 ], [ -73.841013201096104, 40.607033892937018 ], [ -73.841362776236039, 40.606794022014476 ], [ -73.841409874890473, 40.606438363166959 ], [ -73.841267352948975, 40.606252292322097 ], [ -73.840969222177335, 40.606078826103051 ], [ -73.840610099615176, 40.606272764159087 ], [ -73.840582194758014, 40.606072630625384 ], [ -73.840461235584115, 40.606211718009895 ], [ -73.840419715705309, 40.605770911346539 ], [ -73.840597983577027, 40.605403416954829 ], [ -73.840751741586956, 40.605642932837952 ], [ -73.841228450557807, 40.605527888574301 ], [ -73.841268151672523, 40.605335660292297 ], [ -73.841055405581258, 40.605211450026623 ], [ -73.841341613494095, 40.605092202902092 ], [ -73.841129528957055, 40.604690251158708 ], [ -73.84148878849291, 40.604498464068762 ], [ -73.841858105915222, 40.604793807201716 ], [ -73.842352298825475, 40.604439830556004 ], [ -73.84276147820151, 40.604474574777072 ], [ -73.842958311058496, 40.604214193215476 ], [ -73.843266164830027, 40.604423989103175 ], [ -73.843602841562031, 40.604296258988867 ], [ -73.843563898032812, 40.604168016562639 ], [ -73.844427294063578, 40.604156369842826 ], [ -73.844494002131398, 40.604359842068142 ], [ -73.84361933184951, 40.604397112138919 ], [ -73.843391607740188, 40.60468202258722 ], [ -73.842706335103472, 40.604639425080094 ], [ -73.842667458076136, 40.605078418653413 ], [ -73.842436747899043, 40.604844158282866 ], [ -73.841936178903552, 40.604929998004501 ], [ -73.842431499250949, 40.605286402702731 ], [ -73.84281423138566, 40.605245265083646 ], [ -73.842966018446333, 40.605069212964175 ], [ -73.842823863456843, 40.604726113425784 ], [ -73.843185207288542, 40.604838772257125 ], [ -73.843243441988903, 40.605108048033557 ], [ -73.843348402452619, 40.605175490349588 ], [ -73.843382483783657, 40.604986459017809 ], [ -73.843822948029256, 40.60542930881639 ], [ -73.843565473441132, 40.605848777560311 ], [ -73.843900532121765, 40.606416467895365 ], [ -73.8439393868358, 40.605983884284448 ], [ -73.843708497396534, 40.605823333956693 ], [ -73.844054174113467, 40.605445646965023 ], [ -73.843647105761093, 40.605105393046962 ], [ -73.84360600408634, 40.60470154237187 ], [ -73.843795682635701, 40.604503108027032 ], [ -73.844068854744307, 40.604561163676522 ], [ -73.844605955645079, 40.605036189917627 ], [ -73.844517170572786, 40.605244376630068 ], [ -73.844722063542363, 40.605734975898791 ], [ -73.844561639254636, 40.606010365024304 ], [ -73.844691676182919, 40.606145139214597 ], [ -73.844330831081635, 40.605814564710506 ], [ -73.844112001510723, 40.605891181152408 ], [ -73.844577078919983, 40.606603258847144 ], [ -73.844623966399382, 40.606330921119444 ], [ -73.845296888369916, 40.606267734487744 ], [ -73.845297586416066, 40.605966491450047 ], [ -73.845049747505968, 40.605860402036917 ], [ -73.845100540060514, 40.605716258263463 ], [ -73.845394889919035, 40.605710244920196 ], [ -73.845050521040932, 40.605527111905026 ], [ -73.845307332277258, 40.605389655774118 ], [ -73.844983832959784, 40.605273849340684 ], [ -73.844939059705595, 40.605032534167087 ], [ -73.845398219983949, 40.605152127689074 ], [ -73.845598997160096, 40.605010438778649 ], [ -73.845815064484498, 40.605160799087251 ], [ -73.846044678422729, 40.605061730849336 ], [ -73.846069062267517, 40.604755929700168 ], [ -73.846270272973086, 40.604711683288109 ], [ -73.846746096274813, 40.605104777944305 ], [ -73.847467428352601, 40.605082477587992 ], [ -73.84742791242121, 40.605672759697661 ], [ -73.847176403796752, 40.605698091539914 ], [ -73.847272658308583, 40.605822702799863 ], [ -73.84667159949511, 40.606037930878379 ], [ -73.846831551831855, 40.605798160280685 ], [ -73.846584515844299, 40.605830770073212 ], [ -73.8466119783197, 40.606092606766552 ], [ -73.845909920906479, 40.606292296735539 ], [ -73.846249221155688, 40.606411245766346 ], [ -73.846110047685954, 40.606643770250656 ], [ -73.846177690709325, 40.606762355435166 ], [ -73.846634027957123, 40.606756120854463 ], [ -73.846353271139805, 40.607050057464036 ], [ -73.846531490190941, 40.607167079223089 ], [ -73.846464058077046, 40.607201211877118 ], [ -73.846402647268562, 40.607301656939214 ], [ -73.846555625541896, 40.607167111447339 ], [ -73.846399329280644, 40.607036002003518 ], [ -73.846689327624816, 40.606872549915003 ], [ -73.846633275632982, 40.606594847451532 ], [ -73.84684289060985, 40.606727738120107 ], [ -73.846890951350034, 40.606574230070805 ], [ -73.846662589462198, 40.606539702919839 ], [ -73.846224379605758, 40.606717929672506 ], [ -73.846444417134094, 40.606223283709177 ], [ -73.847661381109688, 40.605919167071185 ], [ -73.848844253875129, 40.606368220646374 ], [ -73.849193929847758, 40.606274040353782 ], [ -73.849274210769309, 40.606072699909717 ], [ -73.849646783486051, 40.60605020405702 ], [ -73.849622337598063, 40.606665327187102 ], [ -73.849347202055938, 40.606743382472942 ], [ -73.849214605420315, 40.606544465934682 ], [ -73.848756992813932, 40.606518177240559 ], [ -73.848506133758463, 40.606842324431923 ], [ -73.84824527029491, 40.606883891765925 ], [ -73.848061133317202, 40.606729521894962 ], [ -73.848021762441135, 40.606880893355694 ], [ -73.848234596359205, 40.607090822393765 ], [ -73.84754585891254, 40.606979708799763 ], [ -73.846980523989586, 40.607512993942521 ], [ -73.846824444950002, 40.608063189699941 ], [ -73.846204106854984, 40.607919658711928 ], [ -73.845597662496871, 40.608322639574517 ], [ -73.844862338121416, 40.608087704689773 ], [ -73.845500510391489, 40.608511587904474 ], [ -73.846278970223722, 40.608278687452717 ], [ -73.845828255168954, 40.608617784014704 ], [ -73.845953923855063, 40.608826258548419 ], [ -73.845721567298, 40.609293835811172 ], [ -73.845553270086199, 40.609335271464396 ], [ -73.845767237779626, 40.609547069635667 ], [ -73.84574157868046, 40.609732909224221 ], [ -73.845388235251335, 40.609783709973705 ], [ -73.845677991024473, 40.609953949219573 ], [ -73.845421066524054, 40.610133068327379 ], [ -73.845735766513855, 40.610428325302564 ], [ -73.845529613116312, 40.610472914940921 ], [ -73.845751801063827, 40.610768046992824 ], [ -73.845524659114744, 40.610796584284785 ], [ -73.845733426356276, 40.611441013978634 ], [ -73.844990236988053, 40.61095610114711 ], [ -73.844855501371171, 40.61102962769737 ], [ -73.845258124200527, 40.611491650082343 ], [ -73.845075346775928, 40.612334244784662 ], [ -73.845301618483347, 40.612683863473286 ], [ -73.845709081546062, 40.612876694091291 ], [ -73.845300719865961, 40.613071633685763 ], [ -73.845423299043873, 40.61315549616981 ], [ -73.845256712350633, 40.613269853105656 ], [ -73.845371071875462, 40.613300427117004 ], [ -73.845325261510027, 40.613546765379844 ], [ -73.845644265282161, 40.613692195883182 ], [ -73.844734926529597, 40.61396917180155 ] ] ], [ [ [ -73.833701522722507, 40.620978601344291 ], [ -73.834018882004457, 40.614381166420628 ], [ -73.835422886833229, 40.614610454435862 ], [ -73.835516494201315, 40.614948746412132 ], [ -73.835855726237611, 40.615208999052975 ], [ -73.836344034950315, 40.615119337102797 ], [ -73.836284436598419, 40.61523225501994 ], [ -73.8365081016467, 40.615295842085793 ], [ -73.836636263553302, 40.615145526978374 ], [ -73.837767021433663, 40.61552223141878 ], [ -73.837711540362989, 40.615704325318937 ], [ -73.837249930011424, 40.615789310913023 ], [ -73.836909891500014, 40.616150949617797 ], [ -73.836440297200753, 40.61617040232737 ], [ -73.835273783010877, 40.617247221955353 ], [ -73.834962226455829, 40.617780308811859 ], [ -73.834966999091876, 40.617962186462762 ], [ -73.835168923254201, 40.61803702429232 ], [ -73.835018657544936, 40.618135182840938 ], [ -73.834960797838235, 40.618532930696645 ], [ -73.835122006394499, 40.618730156167366 ], [ -73.835356507812065, 40.618713090179824 ], [ -73.835707332167615, 40.619729166951998 ], [ -73.835512362934878, 40.619958106145312 ], [ -73.83522937910513, 40.619958194933211 ], [ -73.834958150636979, 40.619839287733761 ], [ -73.835132703844067, 40.619513248306816 ], [ -73.834889226118861, 40.61960685655523 ], [ -73.834796521456056, 40.61992447145704 ], [ -73.835312018535063, 40.620145371311366 ], [ -73.834904367919719, 40.620469378561886 ], [ -73.834546057816183, 40.620373557968463 ], [ -73.834723210031598, 40.620220053759873 ], [ -73.834390586380536, 40.619853601887023 ], [ -73.833800755809236, 40.619645620689582 ], [ -73.834112105944129, 40.619846847329647 ], [ -73.834071637581289, 40.620025962638003 ], [ -73.834230388398765, 40.6198953055369 ], [ -73.834473304585501, 40.620121847656932 ], [ -73.834199313851585, 40.620320958355862 ], [ -73.834280217578822, 40.620647654711391 ], [ -73.833701522722507, 40.620978601344291 ] ] ], [ [ [ -73.835018271776008, 40.622681104535395 ], [ -73.834262609301106, 40.622523455008931 ], [ -73.834138653405333, 40.622352180992316 ], [ -73.833622420023275, 40.622602638829527 ], [ -73.833682149525899, 40.621381305686455 ], [ -73.834007425354073, 40.621034836832273 ], [ -73.834987160993549, 40.621011299888892 ], [ -73.834751050456362, 40.621261806544183 ], [ -73.83486060431099, 40.621526206066335 ], [ -73.834644247669345, 40.621996815923694 ], [ -73.835018271776008, 40.622681104535395 ] ] ], [ [ [ -73.850248040810584, 40.623584831578214 ], [ -73.850163645772795, 40.623134103659908 ], [ -73.849785144879235, 40.623051344946809 ], [ -73.849666734936605, 40.622680381490525 ], [ -73.849394855749125, 40.622479887287959 ], [ -73.848463715250105, 40.622365702732203 ], [ -73.849080806282359, 40.621688746051781 ], [ -73.848940774431753, 40.621618574709444 ], [ -73.849023262778417, 40.621482393018709 ], [ -73.849822926346178, 40.621299264718438 ], [ -73.850257064107836, 40.620999009046599 ], [ -73.850189756230705, 40.620834391263728 ], [ -73.850489342010633, 40.620892489501593 ], [ -73.850851079268352, 40.620247157757973 ], [ -73.851101636097738, 40.62037607516757 ], [ -73.851351476739737, 40.620139804277805 ], [ -73.852058561195975, 40.620285510411676 ], [ -73.852734267675146, 40.62013367176889 ], [ -73.853467087383379, 40.620197682042772 ], [ -73.854022117080945, 40.619868098662153 ], [ -73.854914447010131, 40.620033759074502 ], [ -73.855456376229228, 40.619797468087711 ], [ -73.856142740278827, 40.619831480695964 ], [ -73.85655155624741, 40.619567322497822 ], [ -73.856763490573059, 40.620405657901181 ], [ -73.857401708052009, 40.620303674128664 ], [ -73.857374386954845, 40.620647036681099 ], [ -73.857000614284942, 40.620747868931048 ], [ -73.857059519040661, 40.621021858478947 ], [ -73.856604435791397, 40.621142879590764 ], [ -73.856746308388423, 40.621299274245899 ], [ -73.856592263280433, 40.621292761483438 ], [ -73.856568161050362, 40.621478748410858 ], [ -73.856350243486418, 40.62141616943503 ], [ -73.855962860454326, 40.62179702964049 ], [ -73.855329815556928, 40.621688184739831 ], [ -73.855171309273018, 40.621959337739291 ], [ -73.85499897723507, 40.621918601943619 ], [ -73.854968953434522, 40.621645983336037 ], [ -73.854643564728562, 40.621594003766461 ], [ -73.854511558644248, 40.620795739810426 ], [ -73.85358897081754, 40.620461823546933 ], [ -73.852789365526704, 40.62062778862515 ], [ -73.852515715675565, 40.620499742228823 ], [ -73.851853296585972, 40.620565193782411 ], [ -73.85166422395281, 40.620809290553481 ], [ -73.851403194983249, 40.620802814510064 ], [ -73.851292929550624, 40.621836513928237 ], [ -73.852360382520203, 40.622974870516593 ], [ -73.851898303627834, 40.622793783456039 ], [ -73.85179555742954, 40.623346179897752 ], [ -73.85133280538092, 40.623467138427436 ], [ -73.850898148289417, 40.623273805285613 ], [ -73.850248040810584, 40.623584831578214 ] ] ], [ [ [ -73.833593392156175, 40.62359497941339 ], [ -73.833707574959277, 40.623693685546193 ], [ -73.833635825798993, 40.623955291911351 ], [ -73.833559238804597, 40.623936034499977 ], [ -73.833593392156175, 40.62359497941339 ] ] ], [ [ [ -73.861969580178766, 40.62427302002471 ], [ -73.862234270909795, 40.623815594687912 ], [ -73.862490482851271, 40.623916381264436 ], [ -73.862772033326209, 40.623570619983454 ], [ -73.862711280446419, 40.62342540992249 ], [ -73.863038767708048, 40.623302991769407 ], [ -73.863507427410042, 40.623409611386322 ], [ -73.863557968889566, 40.623772515608159 ], [ -73.863777391000298, 40.623951407558188 ], [ -73.863433168296638, 40.623897037599875 ], [ -73.863434981749265, 40.624204061984294 ], [ -73.863149774998902, 40.62395066218 ], [ -73.862649133377133, 40.623957507282157 ], [ -73.862445538579735, 40.624228884386149 ], [ -73.862064722312823, 40.624321513387365 ], [ -73.861969580178766, 40.62427302002471 ] ] ], [ [ [ -73.845999591346967, 40.625035650032245 ], [ -73.844765453980713, 40.624854569573323 ], [ -73.844778573391594, 40.624237379023683 ], [ -73.844179023157622, 40.624153482473879 ], [ -73.843835986775787, 40.624292482223893 ], [ -73.843891632798844, 40.623811847088589 ], [ -73.843222164169433, 40.623653666388627 ], [ -73.84293864765408, 40.623323903976683 ], [ -73.843339663950161, 40.623368961249369 ], [ -73.844283234408863, 40.622954973775151 ], [ -73.84536704025804, 40.623048565731004 ], [ -73.845450221418872, 40.623137629287733 ], [ -73.84508710660171, 40.623302336058153 ], [ -73.845099335112508, 40.623423073598616 ], [ -73.845490384832871, 40.623798466896076 ], [ -73.845539777227089, 40.62407491874162 ], [ -73.845210396926618, 40.624074475734652 ], [ -73.84520557917331, 40.624354032070542 ], [ -73.845801244980635, 40.62459627297514 ], [ -73.845999591346967, 40.625035650032245 ] ] ], [ [ [ -73.857334864307987, 40.625145639546247 ], [ -73.857901333124232, 40.624846004607988 ], [ -73.857841339038259, 40.625190913217729 ], [ -73.857655087602254, 40.625309560955891 ], [ -73.857334864307987, 40.625145639546247 ] ] ], [ [ [ -73.840669043908207, 40.627413644401194 ], [ -73.839731613877859, 40.627324764357077 ], [ -73.839773770911478, 40.627497543115851 ], [ -73.839467008878785, 40.62729384076286 ], [ -73.839651936117221, 40.626975028543235 ], [ -73.84014683702847, 40.62679119394874 ], [ -73.840721221153117, 40.62586474512171 ], [ -73.840843900341795, 40.626137895264335 ], [ -73.84168672317135, 40.626396531175324 ], [ -73.841790665487508, 40.626589253987277 ], [ -73.841507230384053, 40.626781443330657 ], [ -73.842381786479947, 40.627440786271706 ], [ -73.841754907746761, 40.627294320386447 ], [ -73.840446456516645, 40.626586224836842 ], [ -73.840145370162674, 40.626986387434641 ], [ -73.840669043908207, 40.627413644401194 ] ] ], [ [ [ -73.866848674420396, 40.617809314107902 ], [ -73.869562389657673, 40.617247092464709 ], [ -73.870759063528936, 40.616756619571113 ], [ -73.871758859060549, 40.616575862566407 ], [ -73.872162142021082, 40.616303497089923 ], [ -73.873953062068892, 40.615839415733042 ], [ -73.877980708646405, 40.615798292878367 ], [ -73.878621887572208, 40.615935378690466 ], [ -73.879515773166148, 40.616561519796456 ], [ -73.879723896081117, 40.616959593184092 ], [ -73.879780555336524, 40.61863064242975 ], [ -73.879375563211553, 40.619857884714492 ], [ -73.878508221080395, 40.621016434532123 ], [ -73.877790988889217, 40.621652242057962 ], [ -73.876626297178959, 40.622230728717291 ], [ -73.874813868650435, 40.623587189183681 ], [ -73.866454840552464, 40.628255386807091 ], [ -73.865470784329915, 40.627935956198058 ], [ -73.865187862762994, 40.627662809918398 ], [ -73.864727660454264, 40.626525541913544 ], [ -73.864981934959218, 40.625660706041025 ], [ -73.865535890613927, 40.625241988216438 ], [ -73.865865821541533, 40.62438982754567 ], [ -73.866269062323099, 40.624174319365437 ], [ -73.866508603225455, 40.623754008017954 ], [ -73.866375836494981, 40.623003613142039 ], [ -73.865497066466645, 40.622297818038739 ], [ -73.865229361818308, 40.621888282031236 ], [ -73.864932560717449, 40.621114958884853 ], [ -73.865008301200689, 40.620546683157677 ], [ -73.865173431468719, 40.620035349282475 ], [ -73.865418559602347, 40.619836027892731 ], [ -73.865338766919194, 40.619421710280946 ], [ -73.86575831319405, 40.618501449957975 ], [ -73.866848674420396, 40.617809314107902 ] ] ], [ [ [ -73.848139770226638, 40.628542704588213 ], [ -73.84840686666027, 40.628568977809238 ], [ -73.848468482496344, 40.628793141161523 ], [ -73.848125936743159, 40.628840444805377 ], [ -73.848139770226638, 40.628542704588213 ] ] ], [ [ [ -73.848693742667379, 40.630612705936656 ], [ -73.848432741012672, 40.630459413510685 ], [ -73.848684378015335, 40.630459040161263 ], [ -73.848693742667379, 40.630612705936656 ] ] ], [ [ [ -73.853000146444998, 40.632022842253392 ], [ -73.852566527655625, 40.631244050350872 ], [ -73.851667399518703, 40.630870507386902 ], [ -73.851879793072058, 40.630508319429296 ], [ -73.852466650465985, 40.630342507146992 ], [ -73.853662305171937, 40.630876083264916 ], [ -73.855092696440366, 40.630110151173625 ], [ -73.856796764288447, 40.629841473365765 ], [ -73.857759967929269, 40.629941398696566 ], [ -73.858558363479801, 40.630458288195634 ], [ -73.85809624947116, 40.631249905981839 ], [ -73.858163666720856, 40.631973860553352 ], [ -73.857584867429992, 40.632716175536359 ], [ -73.855354717935583, 40.632812259424355 ], [ -73.85496742335603, 40.633416554525809 ], [ -73.854346172158401, 40.633722631304892 ], [ -73.8532781866585, 40.633851843651293 ], [ -73.852412474541381, 40.633643498142916 ], [ -73.852313353770569, 40.633220253960651 ], [ -73.853000146444998, 40.632022842253392 ] ] ], [ [ [ -73.845592274913486, 40.635409999302261 ], [ -73.846624403494431, 40.635194229202085 ], [ -73.846762722472377, 40.634361488293145 ], [ -73.84759945272117, 40.633487289683998 ], [ -73.847615320896935, 40.633092782845914 ], [ -73.847826534807766, 40.632779736654776 ], [ -73.849136924984791, 40.63210938926786 ], [ -73.850050002804011, 40.63217364309552 ], [ -73.849881876769629, 40.634096584758481 ], [ -73.848855308000495, 40.635435435681501 ], [ -73.848279835621923, 40.637471560402638 ], [ -73.847645558887436, 40.638279691418454 ], [ -73.846679148402288, 40.63873171175711 ], [ -73.846049820952715, 40.638465930307511 ], [ -73.845447544369193, 40.637370220553954 ], [ -73.844272653334073, 40.636692345929575 ], [ -73.845018041349704, 40.635680821431443 ], [ -73.845592274913486, 40.635409999302261 ] ] ] ] } },
{ "type": "Feature", "properties": { "NTA2020": "BK5693" }, "geometry": { "type": "MultiPolygon", "coordinates": [ [ [ [ -73.873270312552407, 40.643903214344931 ], [ -73.8729732073257, 40.643839231065286 ], [ -73.87275635704988, 40.643248964654809 ], [ -73.871948801165544, 40.642394084538765 ], [ -73.870845034222739, 40.640556620183176 ], [ -73.87008544224426, 40.639844181366286 ], [ -73.870079584070155, 40.639211694017021 ], [ -73.869895833861491, 40.638934529422166 ], [ -73.869524351893631, 40.638645701918705 ], [ -73.867997096681293, 40.638115265209656 ], [ -73.869609721365649, 40.637085534608758 ], [ -73.869695498189529, 40.637147389615066 ], [ -73.869208461106396, 40.63746580926103 ], [ -73.869559024903026, 40.637947484327526 ], [ -73.871672443003419, 40.637080424393019 ], [ -73.872553371202102, 40.636493365117389 ], [ -73.873479391544066, 40.636285546301409 ], [ -73.875150141765971, 40.637049704402642 ], [ -73.877114284846257, 40.638641486593009 ], [ -73.878350765626507, 40.638871613745145 ], [ -73.87569004932358, 40.643952941176025 ], [ -73.873860340090999, 40.646314406099037 ], [ -73.873185933309543, 40.645445013361638 ], [ -73.873443445104527, 40.644671914240782 ], [ -73.873270312552407, 40.643903214344931 ] ] ], [ [ [ -73.858376053176727, 40.647274415313511 ], [ -73.857169782982126, 40.643678558886016 ], [ -73.858940975635491, 40.643217036227647 ], [ -73.862013010277479, 40.642887041020131 ], [ -73.862894632243879, 40.642550679682486 ], [ -73.865311736651265, 40.640751191443833 ], [ -73.86670411973779, 40.640021763495454 ], [ -73.866199280742478, 40.639536833303815 ], [ -73.866284767770694, 40.639472883693159 ], [ -73.86681528201251, 40.639963527666751 ], [ -73.867322910727125, 40.639871983952858 ], [ -73.868672828950878, 40.640925079203434 ], [ -73.869912393394344, 40.643278202993585 ], [ -73.870017082735814, 40.644071372405477 ], [ -73.870614924610607, 40.64485674188677 ], [ -73.87119172949545, 40.645305356815072 ], [ -73.872570431028919, 40.645575612359664 ], [ -73.873425088565298, 40.646781230515842 ], [ -73.872123319877971, 40.647904208744379 ], [ -73.870096995378631, 40.649295985709891 ], [ -73.860540778824813, 40.654623996610503 ], [ -73.857223309843661, 40.650278670541418 ], [ -73.857552680671205, 40.649932575965366 ], [ -73.857834694163287, 40.648302338287685 ], [ -73.858376053176727, 40.647274415313511 ] ] ] ] } },
{ "type": "Feature", "properties": { "NTA2020": "BX0101" }, "geometry": { "type": "Polygon", "coordinates": [ [ [ -73.926627182117187, 40.81611895967692 ], [ -73.923999513431212, 40.815438912952686 ], [ -73.923092998383694, 40.816697728138607 ], [ -73.921245196809053, 40.81621939729785 ], [ -73.921583921508315, 40.815550632066483 ], [ -73.921303833666386, 40.815477247776975 ], [ -73.920481174157942, 40.814563686870343 ], [ -73.917645029086373, 40.81606591751445 ], [ -73.914954936718175, 40.814936466010892 ], [ -73.910947789573257, 40.813620921239945 ], [ -73.904465514105055, 40.812281960415767 ], [ -73.903417203736424, 40.811506882855667 ], [ -73.902191857004894, 40.804823261148016 ], [ -73.902292319927724, 40.804564776141724 ], [ -73.904529540957398, 40.803170235651947 ], [ -73.905521532406141, 40.80201995540115 ], [ -73.906814016888774, 40.800890639606251 ], [ -73.906701300447921, 40.800820030328893 ], [ -73.907470305029008, 40.80000345791543 ], [ -73.908177144880412, 40.799390091479054 ], [ -73.908380802337689, 40.799487044751658 ], [ -73.908550266762504, 40.799307425389003 ], [ -73.908255795664061, 40.799092868683701 ], [ -73.908303036082913, 40.798959135418144 ], [ -73.910892222652663, 40.797017795538899 ], [ -73.91168831241184, 40.796623769888825 ], [ -73.913722559735135, 40.796789439261318 ], [ -73.919031820392178, 40.798984946746771 ], [ -73.92024068092735, 40.799613687869908 ], [ -73.921327307785205, 40.801284591631436 ], [ -73.922927100657844, 40.802373294642969 ], [ -73.924227068411582, 40.802545011358184 ], [ -73.926657947884948, 40.802409803914742 ], [ -73.927627886587871, 40.802695665984196 ], [ -73.927282719435851, 40.803508264417076 ], [ -73.927645003525271, 40.803988633348681 ], [ -73.928109596354759, 40.804012934337855 ], [ -73.928340561855279, 40.804239890783983 ], [ -73.928726074898293, 40.804103625227341 ], [ -73.930517588391609, 40.806590563566871 ], [ -73.931887100315862, 40.807894024396994 ], [ -73.932527087198224, 40.808823281775005 ], [ -73.932594346472527, 40.810053557369422 ], [ -73.932863970833182, 40.81012443688595 ], [ -73.932874120019648, 40.810414043429034 ], [ -73.932565033020197, 40.810885975692329 ], [ -73.932632292552015, 40.811904622263242 ], [ -73.932423076611514, 40.814151715176031 ], [ -73.93027812663226, 40.813248024650377 ], [ -73.928856420525307, 40.81487986697843 ], [ -73.927316530665053, 40.818559634324664 ], [ -73.925184864525178, 40.818012668874886 ], [ -73.926627182117187, 40.81611895967692 ] ] ] } },
{ "type": "Feature", "properties": { "NTA2020": "BX0102" }, "geometry": { "type": "Polygon", "coordinates": [ [ [ -73.901292776270324, 40.82047544261421 ], [ -73.904465514105055, 40.812281960415767 ], [ -73.910947789573257, 40.813620921239945 ], [ -73.914954936718175, 40.814936466010892 ], [ -73.917645029086373, 40.81606591751445 ], [ -73.920481174157942, 40.814563686870343 ], [ -73.921303833666386, 40.815477247776975 ], [ -73.921583921508315, 40.815550632066483 ], [ -73.921245196809053, 40.81621939729785 ], [ -73.923092998383694, 40.816697728138607 ], [ -73.923999513431212, 40.815438912952686 ], [ -73.926627182117187, 40.81611895967692 ], [ -73.925184864525178, 40.818012668874886 ], [ -73.922652611735558, 40.820494315280634 ], [ -73.916774005196984, 40.824387087373225 ], [ -73.915877358172068, 40.824103732029883 ], [ -73.916215886271218, 40.823467930225924 ], [ -73.911816157567245, 40.82203502241255 ], [ -73.909908941379342, 40.822551108117423 ], [ -73.901292776270324, 40.82047544261421 ] ] ] } },
{ "type": "Feature", "properties": { "NTA2020": "BX0201" }, "geometry": { "type": "Polygon", "coordinates": [ [ [ -73.882447795528918, 40.819268322511547 ], [ -73.878062832621268, 40.81618263244409 ], [ -73.876634599637086, 40.815711508099191 ], [ -73.876731855068172, 40.815386496486603 ], [ -73.872501108859709, 40.813888128234098 ], [ -73.872394379000909, 40.81397433560587 ], [ -73.872436672350773, 40.813850934001628 ], [ -73.872097169610029, 40.813738021521033 ], [ -73.872129311473614, 40.813621168692627 ], [ -73.871657776833985, 40.81325426197602 ], [ -73.87095753684099, 40.812146180609489 ], [ -73.870568069279329, 40.812087317622456 ], [ -73.870553421916341, 40.811243380722964 ], [ -73.868112191400797, 40.806751832831864 ], [ -73.868463469591447, 40.805936548939073 ], [ -73.871698819308065, 40.801805271920479 ], [ -73.87160336192531, 40.801751811446493 ], [ -73.871745093739193, 40.801547366116182 ], [ -73.873550965725059, 40.800853302771884 ], [ -73.874677163140589, 40.800979422864209 ], [ -73.874730604526988, 40.80125663762864 ], [ -73.875265170373225, 40.801398152548487 ], [ -73.875857885813303, 40.801455987586415 ], [ -73.875929980716066, 40.801084223091173 ], [ -73.878142188199234, 40.801319290306488 ], [ -73.877968803753745, 40.801711115128207 ], [ -73.878234649218001, 40.802646805768234 ], [ -73.879213484076857, 40.80279532683511 ], [ -73.883695424224769, 40.802162123602926 ], [ -73.883964625196128, 40.801965148862259 ], [ -73.883690369965407, 40.80194525580518 ], [ -73.883723266659231, 40.801862843941073 ], [ -73.885051723367084, 40.802130906798055 ], [ -73.885365445988697, 40.802260639744695 ], [ -73.885155171266732, 40.802272453543893 ], [ -73.885914246725292, 40.802798517495603 ], [ -73.886163770565631, 40.803175684976864 ], [ -73.887270973471189, 40.803947002336706 ], [ -73.887380956242168, 40.804110681283916 ], [ -73.887247384583347, 40.804186140616835 ], [ -73.887958972239545, 40.804997925920702 ], [ -73.888592177064027, 40.804789275097832 ], [ -73.889064420260723, 40.805021912402012 ], [ -73.889366403769358, 40.805380780298201 ], [ -73.889224160911539, 40.805845351192033 ], [ -73.889995981708523, 40.804886286250195 ], [ -73.890147562438628, 40.804960609786647 ], [ -73.889374392536951, 40.805925273115307 ], [ -73.890059326924288, 40.805704324681308 ], [ -73.891499037300775, 40.805931238240525 ], [ -73.891441042772101, 40.805661899067374 ], [ -73.891786181356039, 40.805622892086198 ], [ -73.891979295342736, 40.806384708976232 ], [ -73.892706810664308, 40.806343948595504 ], [ -73.892531771394246, 40.80565655156834 ], [ -73.89227315843533, 40.805702433124843 ], [ -73.89216364547643, 40.805302592565461 ], [ -73.891267106228895, 40.805010489424149 ], [ -73.891732409956148, 40.805049363420331 ], [ -73.892197396715616, 40.805284687919404 ], [ -73.892300203275781, 40.805660605670205 ], [ -73.892566677384124, 40.805620710004675 ], [ -73.892748140374039, 40.806340261302019 ], [ -73.89463252351014, 40.806232332424699 ], [ -73.894573939134162, 40.806045773007234 ], [ -73.894726019096197, 40.806026246583535 ], [ -73.894853605358762, 40.806214908158722 ], [ -73.894729705266798, 40.805741101461706 ], [ -73.894842959836325, 40.805723997012166 ], [ -73.895098364873178, 40.806863639676145 ], [ -73.895506339685667, 40.806595305303674 ], [ -73.895279628740099, 40.805766184067949 ], [ -73.895591090918231, 40.80658134334751 ], [ -73.895722737787651, 40.806559657308263 ], [ -73.895670251387585, 40.806290130456958 ], [ -73.895838380731007, 40.806540607571947 ], [ -73.895977946877494, 40.806517615839624 ], [ -73.895874815993196, 40.805808511582413 ], [ -73.896108245178823, 40.806496150951254 ], [ -73.896230407370183, 40.806210471902183 ], [ -73.897260149991467, 40.806040959847287 ], [ -73.897496819538205, 40.806214400705102 ], [ -73.897414726985716, 40.805800059478102 ], [ -73.897638187411516, 40.806201320838838 ], [ -73.897761266487493, 40.80618993350155 ], [ -73.897728272510705, 40.805967494137306 ], [ -73.89801340896237, 40.806166603859268 ], [ -73.897871279906568, 40.805534981759628 ], [ -73.898161107527002, 40.806138070099919 ], [ -73.89829494887951, 40.806097570698356 ], [ -73.898125361839618, 40.805650760302917 ], [ -73.898526565166037, 40.805434309097954 ], [ -73.900972988815354, 40.804876097891182 ], [ -73.902049522778896, 40.804784141024136 ], [ -73.902222847656091, 40.804948113190136 ], [ -73.903089465303268, 40.809856399702291 ], [ -73.897591237796732, 40.81377687334902 ], [ -73.895428588386636, 40.815844672428753 ], [ -73.897044666559438, 40.81680185968613 ], [ -73.892836530133565, 40.82097405461527 ], [ -73.891614990505559, 40.8209852400066 ], [ -73.89082377996219, 40.820306482437339 ], [ -73.887446505517829, 40.822527685680967 ], [ -73.884385041060995, 40.822951369498448 ], [ -73.882447795528918, 40.819268322511547 ] ] ] } },
{ "type": "Feature", "properties": { "NTA2020": "BX0202" }, "geometry": { "type": "Polygon", "coordinates": [ [ [ -73.887732196760751, 40.822377259936921 ], [ -73.89082377996219, 40.820306482437339 ], [ -73.891614990505559, 40.8209852400066 ], [ -73.892836530133565, 40.82097405461527 ], [ -73.897044666559438, 40.81680185968613 ], [ -73.895428588386636, 40.815844672428753 ], [ -73.897591237796732, 40.81377687334902 ], [ -73.903089465303268, 40.809856399702291 ], [ -73.903417203736481, 40.811506882855667 ], [ -73.904465514105169, 40.812281960415717 ], [ -73.903009832142914, 40.816317792457326 ], [ -73.900611410808281, 40.822108807929567 ], [ -73.901987585974297, 40.822440423105647 ], [ -73.900505404703154, 40.826007622430048 ], [ -73.90164895560514, 40.826256978347111 ], [ -73.900935107008564, 40.82792810175723 ], [ -73.899797567567646, 40.827684354294547 ], [ -73.895485227645921, 40.828248541384959 ], [ -73.895110208607406, 40.828036899454936 ], [ -73.894835229239746, 40.826246841714827 ], [ -73.892932261010628, 40.826787036532387 ], [ -73.887895109675839, 40.826743185297218 ], [ -73.886096241671609, 40.827655777357968 ], [ -73.886454261412908, 40.825286311678312 ], [ -73.887066603659335, 40.823190276466626 ], [ -73.887732196760751, 40.822377259936921 ] ] ] } },
{ "type": "Feature", "properties": { "NTA2020": "BX0291" }, "geometry": { "type": "MultiPolygon", "coordinates": [ [ [ [ -73.89678526341234, 40.796329166487133 ], [ -73.896938729987923, 40.795635872853602 ], [ -73.897968397837417, 40.79564483916203 ], [ -73.899194342499811, 40.79650245601826 ], [ -73.898520520714712, 40.796936194189819 ], [ -73.89788253240107, 40.797116532649653 ], [ -73.897131497956423, 40.796798077728354 ], [ -73.89678526341234, 40.796329166487133 ] ] ], [ [ [ -73.908380802337689, 40.799487044751658 ], [ -73.908131524698717, 40.79943130077649 ], [ -73.907960765422786, 40.799283449268444 ], [ -73.908026332767122, 40.799237872162166 ], [ -73.908380802337689, 40.799487044751658 ] ] ], [ [ [ -73.907951306580387, 40.799544777783289 ], [ -73.907682228008937, 40.799388313925313 ], [ -73.908102099681017, 40.799539646862378 ], [ -73.907951306580387, 40.799544777783289 ] ] ], [ [ [ -73.906520422131734, 40.801175510519805 ], [ -73.906451711255201, 40.801036915201713 ], [ -73.90658587833812, 40.801107478948552 ], [ -73.906520422131734, 40.801175510519805 ] ] ], [ [ [ -73.898330362704797, 40.802412821442637 ], [ -73.896466688345711, 40.80079047089135 ], [ -73.898640387149186, 40.799101165123943 ], [ -73.900210049930706, 40.799264156398593 ], [ -73.899787388009216, 40.799509553871992 ], [ -73.899715638174442, 40.800798808502819 ], [ -73.900037358157419, 40.800908742050225 ], [ -73.899489194236708, 40.800901115929598 ], [ -73.899387485710506, 40.801935665070317 ], [ -73.898330362704797, 40.802412821442637 ] ] ], [ [ [ -73.90407055303406, 40.803520977650784 ], [ -73.904097749800115, 40.803416598628168 ], [ -73.904148989009386, 40.803455652587331 ], [ -73.90407055303406, 40.803520977650784 ] ] ], [ [ [ -73.903927327704494, 40.803634390799637 ], [ -73.903872360170155, 40.803558744700652 ], [ -73.9039484244053, 40.803621310449905 ], [ -73.903927327704494, 40.803634390799637 ] ] ], [ [ [ -73.903742013356108, 40.803767808790894 ], [ -73.903689979464374, 40.803687705042201 ], [ -73.903765994538844, 40.803753454679075 ], [ -73.903742013356108, 40.803767808790894 ] ] ], [ [ [ -73.903338652615858, 40.803855412435844 ], [ -73.903338771212873, 40.803773744176716 ], [ -73.903356337877582, 40.803861123610666 ], [ -73.903338652615858, 40.803855412435844 ] ] ], [ [ [ -73.903059667337146, 40.804017434850415 ], [ -73.903002831710793, 40.803917352770057 ], [ -73.903086098464058, 40.803997088399449 ], [ -73.903059667337146, 40.804017434850415 ] ] ], [ [ [ -73.902709731025453, 40.804163663467229 ], [ -73.902904693884409, 40.804139054437741 ], [ -73.902877605668252, 40.804157582146182 ], [ -73.902709731025453, 40.804163663467229 ] ] ] ] } },
{ "type": "Feature", "properties": { "NTA2020": "BX0301" }, "geometry": { "type": "Polygon", "coordinates": [ [ [ -73.896965890848577, 40.834342145895278 ], [ -73.896301999655876, 40.833543217997345 ], [ -73.897172210353702, 40.83036883289553 ], [ -73.896696324722996, 40.830414504540251 ], [ -73.896395729739979, 40.828762879520667 ], [ -73.895485227645921, 40.828248541384959 ], [ -73.899797567567646, 40.827684354294547 ], [ -73.900935107008564, 40.82792810175723 ], [ -73.90164895560514, 40.826256978347111 ], [ -73.900505404703154, 40.826007622430048 ], [ -73.901987585974297, 40.822440423105647 ], [ -73.900611410808281, 40.822108807929567 ], [ -73.901292776270324, 40.82047544261421 ], [ -73.909908941379342, 40.822551108117423 ], [ -73.911816157567358, 40.822035022412507 ], [ -73.916215886271218, 40.823467930225924 ], [ -73.915877358172182, 40.82410373202984 ], [ -73.916774005197084, 40.824387087373225 ], [ -73.916087827917409, 40.824837851830864 ], [ -73.91661368442395, 40.82499230850744 ], [ -73.915411082354808, 40.825773909123221 ], [ -73.914751210647665, 40.825200473433739 ], [ -73.913511916760157, 40.824804944920338 ], [ -73.913166744370741, 40.825456455312356 ], [ -73.911309744733998, 40.824848558895056 ], [ -73.911793619507549, 40.826428155601526 ], [ -73.911694302385627, 40.827758715809445 ], [ -73.910307703207479, 40.828772485745326 ], [ -73.908959903099287, 40.830226233546661 ], [ -73.905531167850185, 40.829104132590409 ], [ -73.901225349875503, 40.835499911237406 ], [ -73.896965890848577, 40.834342145895278 ] ] ] } },
{ "type": "Feature", "properties": { "NTA2020": "BX0302" }, "geometry": { "type": "Polygon", "coordinates": [ [ [ -73.90483250014492, 40.844842071458814 ], [ -73.894790221123387, 40.843720321972178 ], [ -73.895378361806536, 40.842938779459168 ], [ -73.896661617333592, 40.843524607067941 ], [ -73.901225349875503, 40.835499911237406 ], [ -73.905531167850185, 40.829104132590409 ], [ -73.910490106815928, 40.830737373032754 ], [ -73.905979404417266, 40.838505195802611 ], [ -73.905383580073234, 40.839768983972114 ], [ -73.90570581111858, 40.839722800696357 ], [ -73.905159607178447, 40.841011637139644 ], [ -73.90483250014492, 40.844842071458814 ] ] ] } },
{ "type": "Feature", "properties": { "NTA2020": "BX0303" }, "geometry": { "type": "Polygon", "coordinates": [ [ [ -73.880051885033851, 40.834702058698383 ], [ -73.883900947886829, 40.829802816910465 ], [ -73.883520187580388, 40.829260181989575 ], [ -73.884387053537296, 40.826817283532861 ], [ -73.88461336010316, 40.825276503822181 ], [ -73.884644507004893, 40.823814273701593 ], [ -73.884385041060995, 40.822951369498448 ], [ -73.88725980332589, 40.822581987888043 ], [ -73.887732196760751, 40.822377259936921 ], [ -73.887066603659335, 40.823190276466626 ], [ -73.886454261412908, 40.825286311678312 ], [ -73.886096241671609, 40.827655777357968 ], [ -73.887895109675839, 40.826743185297218 ], [ -73.892932261010628, 40.826787036532387 ], [ -73.894835229239746, 40.826246841714827 ], [ -73.895110208607406, 40.828036899454936 ], [ -73.896395729739979, 40.828762879520667 ], [ -73.896696324722996, 40.830414504540251 ], [ -73.897172210353702, 40.83036883289553 ], [ -73.896301999655876, 40.833543217997345 ], [ -73.896965890848577, 40.834342145895278 ], [ -73.895831077688968, 40.834878551220925 ], [ -73.894694342684332, 40.835913574527524 ], [ -73.893856243218266, 40.836395102232046 ], [ -73.890573632649378, 40.836901048030832 ], [ -73.888740679152548, 40.837968459877253 ], [ -73.888411871614238, 40.838553391565128 ], [ -73.887297440113684, 40.838135388535015 ], [ -73.886184321004237, 40.840105044973484 ], [ -73.884648981306185, 40.839174632601093 ], [ -73.884181432413911, 40.839335307145248 ], [ -73.882710047267793, 40.83862612220873 ], [ -73.882853650974425, 40.838495335975082 ], [ -73.882291510647249, 40.838075270156978 ], [ -73.882008447012481, 40.837443821716924 ], [ -73.882139322414673, 40.836888939415537 ], [ -73.882068216709484, 40.835950270369011 ], [ -73.882226987279694, 40.835452457608355 ], [ -73.880051885033851, 40.834702058698383 ] ] ] } },
{ "type": "Feature", "properties": { "NTA2020": "BX0391" }, "geometry": { "type": "Polygon", "coordinates": [ [ [ -73.895378361806536, 40.842938779459168 ], [ -73.88941724869116, 40.83942273388282 ], [ -73.88869040830879, 40.83915802646802 ], [ -73.888137521593379, 40.839862002384784 ], [ -73.886598023451214, 40.839279050108516 ], [ -73.887297440113684, 40.838135388535015 ], [ -73.888411871614238, 40.838553391565128 ], [ -73.888740679152548, 40.837968459877253 ], [ -73.890573632649378, 40.836901048030832 ], [ -73.893856243218266, 40.836395102232046 ], [ -73.894694342684332, 40.835913574527524 ], [ -73.895831077688968, 40.834878551220925 ], [ -73.896965890848577, 40.834342145895278 ], [ -73.901215784313763, 40.835410141021384 ], [ -73.896661617333592, 40.843524607067941 ], [ -73.895378361806536, 40.842938779459168 ] ] ] } },
{ "type": "Feature", "properties": { "NTA2020": "BX0401" }, "geometry": { "type": "Polygon", "coordinates": [ [ [ -73.920479811508201, 40.837139536484379 ], [ -73.916474334044111, 40.835779030896489 ], [ -73.915870675322424, 40.836393594243184 ], [ -73.908691312293755, 40.833938346774609 ], [ -73.910490106815971, 40.830737373032754 ], [ -73.908959903099287, 40.830226233546703 ], [ -73.910307703207479, 40.828772485745361 ], [ -73.911694302385627, 40.82775871580948 ], [ -73.911793619507449, 40.826428155601569 ], [ -73.911309744733842, 40.824848558895056 ], [ -73.913166744370741, 40.825456455312427 ], [ -73.913511916760157, 40.824804944920338 ], [ -73.914751210647665, 40.825200473433775 ], [ -73.915411082354808, 40.825773909123257 ], [ -73.91661368442395, 40.82499230850744 ], [ -73.916087827917409, 40.8248378518309 ], [ -73.922652611735558, 40.820494315280634 ], [ -73.925184864525178, 40.818012668874886 ], [ -73.927316530665053, 40.818559634324664 ], [ -73.928856420525307, 40.81487986697843 ], [ -73.93027812663226, 40.813248024650377 ], [ -73.932423076611514, 40.814151715176031 ], [ -73.932399825585406, 40.821145566927278 ], [ -73.933072510681114, 40.828156152538867 ], [ -73.930959392804624, 40.828337089461577 ], [ -73.930685615618316, 40.82706059905707 ], [ -73.929760692765157, 40.826582418813643 ], [ -73.927152913298301, 40.825723914255136 ], [ -73.922217361395184, 40.834162941071149 ], [ -73.923177258892693, 40.834540099469649 ], [ -73.922372231038779, 40.836108742814069 ], [ -73.920017994965107, 40.837656129168543 ], [ -73.920479811508201, 40.837139536484379 ] ] ] } },
{ "type": "Feature", "properties": { "NTA2020": "BX0402" }, "geometry": { "type": "Polygon", "coordinates": [ [ [ -73.923459663093425, 40.844439464567742 ], [ -73.922726993350835, 40.844227957896429 ], [ -73.922818744177874, 40.842751156028164 ], [ -73.921318489106397, 40.839903341414647 ], [ -73.921447480479188, 40.839242989484283 ], [ -73.922244175806426, 40.837849564442216 ], [ -73.922372231038722, 40.836108742814027 ], [ -73.924031570516988, 40.835060873724885 ], [ -73.925375399974797, 40.832628095503978 ], [ -73.928257301692966, 40.829530514857588 ], [ -73.929171967225898, 40.828939959249197 ], [ -73.930339330734043, 40.828495554900663 ], [ -73.933072510681058, 40.828156152538824 ], [ -73.933605920367057, 40.832789530520813 ], [ -73.933143067092104, 40.835194128119078 ], [ -73.932656203539807, 40.836473476525953 ], [ -73.930515723860793, 40.839933642686816 ], [ -73.930483245209942, 40.840460061069699 ], [ -73.929194080071838, 40.842818415739593 ], [ -73.929184586730997, 40.8432037576477 ], [ -73.928615748223535, 40.844676865030003 ], [ -73.928274547067929, 40.844975761156981 ], [ -73.928047484018393, 40.845464595954567 ], [ -73.925642056978518, 40.844900946698438 ], [ -73.923925880690973, 40.844786781335372 ], [ -73.923459663093425, 40.844439464567742 ] ] ] } },
{ "type": "Feature", "properties": { "NTA2020": "BX0403" }, "geometry": { "type": "Polygon", "coordinates": [ [ [ -73.904834941324921, 40.844752618500216 ], [ -73.90501514957927, 40.842404698319598 ], [ -73.90514893975093, 40.842547195738341 ], [ -73.905960618233735, 40.842628704622378 ], [ -73.908657157384354, 40.84271937080814 ], [ -73.908624946371489, 40.8430171649849 ], [ -73.909534280308193, 40.843062816475516 ], [ -73.909624554892474, 40.842109625011297 ], [ -73.908877599334389, 40.838902893121549 ], [ -73.909100921536819, 40.837733516166615 ], [ -73.909320835371858, 40.837327133743578 ], [ -73.909634491641441, 40.837125318114055 ], [ -73.909162558837295, 40.836964597025961 ], [ -73.907928376770897, 40.837239642757154 ], [ -73.906723456602009, 40.838347506885079 ], [ -73.90570581111858, 40.839722800696357 ], [ -73.905383580073234, 40.839768983972114 ], [ -73.905979404417266, 40.838505195802611 ], [ -73.908691312293868, 40.833938346774609 ], [ -73.915870675322523, 40.836393594243148 ], [ -73.916474334044167, 40.83577903089644 ], [ -73.920479811508201, 40.837139536484379 ], [ -73.920017994965164, 40.837656129168543 ], [ -73.922372231038722, 40.836108742814027 ], [ -73.922244175806426, 40.837849564442216 ], [ -73.921447480479188, 40.839242989484283 ], [ -73.921314754503655, 40.839813370039742 ], [ -73.922818744177874, 40.842751156028164 ], [ -73.922726993350835, 40.844227957896429 ], [ -73.922858334499452, 40.844266063295798 ], [ -73.922651854223872, 40.844745159315792 ], [ -73.913376308846566, 40.845143391806786 ], [ -73.904834941324921, 40.844752618500216 ] ] ] } },
{ "type": "Feature", "properties": { "NTA2020": "BX0491" }, "geometry": { "type": "Polygon", "coordinates": [ [ [ -73.930959392804624, 40.828337089461577 ], [ -73.929171967225898, 40.828939959249197 ], [ -73.928027249269661, 40.829719539373912 ], [ -73.925375399974797, 40.832628095503978 ], [ -73.924031570516988, 40.835060873724885 ], [ -73.922372231038722, 40.836108742814027 ], [ -73.923177258892622, 40.834540099469606 ], [ -73.922217361395184, 40.834162941071149 ], [ -73.927152913298357, 40.825723914255079 ], [ -73.929760692765157, 40.826582418813587 ], [ -73.930685615618316, 40.82706059905702 ], [ -73.930959392804624, 40.828337089461577 ] ] ] } },
{ "type": "Feature", "properties": { "NTA2020": "BX0492" }, "geometry": { "type": "Polygon", "coordinates": [ [ [ -73.90501514957927, 40.842404698319598 ], [ -73.905357876804217, 40.840348928373231 ], [ -73.905806717933984, 40.839504143412647 ], [ -73.906723456602009, 40.838347506885079 ], [ -73.908026660265421, 40.837186960449706 ], [ -73.909162558837295, 40.836964597025961 ], [ -73.909634491641441, 40.837125318114055 ], [ -73.909320835371858, 40.837327133743578 ], [ -73.909100921536819, 40.837733516166615 ], [ -73.908877599334389, 40.838902893121549 ], [ -73.909624554892474, 40.842109625011297 ], [ -73.909534280308193, 40.843062816475516 ], [ -73.908624946371489, 40.8430171649849 ], [ -73.908657157384354, 40.84271937080814 ], [ -73.905960618233735, 40.842628704622378 ], [ -73.90514893975093, 40.842547195738341 ], [ -73.90501514957927, 40.842404698319598 ] ] ] } },
{ "type": "Feature", "properties": { "NTA2020": "BX0501" }, "geometry": { "type": "Polygon", "coordinates": [ [ [ -73.904868472155215, 40.858693224708851 ], [ -73.905659535153333, 40.857398734663754 ], [ -73.904683713447639, 40.857060301724317 ], [ -73.905221700283633, 40.856203595305232 ], [ -73.910581698631674, 40.850181595822612 ], [ -73.914185022226263, 40.84513494698826 ], [ -73.922651854223872, 40.844745159315792 ], [ -73.922858334499452, 40.844266063295798 ], [ -73.923459663093425, 40.844439464567742 ], [ -73.923925880690973, 40.844786781335372 ], [ -73.925642056978518, 40.844900946698438 ], [ -73.928047484018393, 40.845464595954567 ], [ -73.926935458882923, 40.846924144672975 ], [ -73.926830232167958, 40.84728976018858 ], [ -73.9246537993034, 40.849785043513101 ], [ -73.923847789458279, 40.851182608716002 ], [ -73.92394789501428, 40.851221785119151 ], [ -73.922561789464766, 40.853188912029914 ], [ -73.921740354030078, 40.85422123784052 ], [ -73.921542618039197, 40.854116883381742 ], [ -73.92134207683867, 40.854317435657698 ], [ -73.921515437055263, 40.854510063891361 ], [ -73.920800702893359, 40.855380814394543 ], [ -73.920300272134298, 40.855246371341501 ], [ -73.92056655954363, 40.855513898313639 ], [ -73.920526531328505, 40.855686668401844 ], [ -73.919023691252164, 40.857396538413759 ], [ -73.91752824397291, 40.856895855081866 ], [ -73.917406568556842, 40.8570514090936 ], [ -73.917452340574243, 40.856293587777863 ], [ -73.917188211160592, 40.855918821828375 ], [ -73.917208011392617, 40.856838300416619 ], [ -73.916159415703788, 40.858784566385076 ], [ -73.915081817857256, 40.859191798438289 ], [ -73.915425445936364, 40.85872864146679 ], [ -73.913284370513381, 40.859618601833198 ], [ -73.910567993391226, 40.858620593736653 ], [ -73.909667478309132, 40.85748494865318 ], [ -73.907774842908836, 40.859609519622111 ], [ -73.904868472155215, 40.858693224708851 ] ] ] } },
{ "type": "Feature", "properties": { "NTA2020": "BX0502" }, "geometry": { "type": "Polygon", "coordinates": [ [ [ -73.897099267731775, 40.855172291444894 ], [ -73.895608833461822, 40.854570370097903 ], [ -73.901317298869088, 40.844473941535476 ], [ -73.90483250014492, 40.844842071458814 ], [ -73.914185022226263, 40.84513494698826 ], [ -73.910581698631674, 40.850181595822612 ], [ -73.90557007307396, 40.85578732289671 ], [ -73.90396404624093, 40.854960102190518 ], [ -73.901859960529663, 40.854586150265092 ], [ -73.900779227475368, 40.856047109729033 ], [ -73.898165774545561, 40.855146376392547 ], [ -73.898635437441371, 40.853906975436153 ], [ -73.897099267731775, 40.855172291444894 ] ] ] } },
{ "type": "Feature", "properties": { "NTA2020": "BX0503" }, "geometry": { "type": "Polygon", "coordinates": [ [ [ -73.891771886667271, 40.861871717251461 ], [ -73.891380233802607, 40.861700588263098 ], [ -73.893215207578095, 40.859874206155709 ], [ -73.896440525001069, 40.854907759155061 ], [ -73.897099267731775, 40.855172291444894 ], [ -73.898635437441371, 40.853906975436153 ], [ -73.898165774545561, 40.855146376392547 ], [ -73.900779227475368, 40.856047109729033 ], [ -73.901859960529663, 40.854586150265092 ], [ -73.90396404624093, 40.854960102190518 ], [ -73.90557007307396, 40.85578732289671 ], [ -73.904683713447639, 40.857060301724317 ], [ -73.905659535153333, 40.857398734663754 ], [ -73.903513905641404, 40.860917510150827 ], [ -73.902544793263999, 40.860578255335739 ], [ -73.901079669515269, 40.862756383422415 ], [ -73.899436708404068, 40.862116912065574 ], [ -73.896938996851361, 40.862442929751076 ], [ -73.892851690891007, 40.861832193495182 ], [ -73.891771886667271, 40.861871717251461 ] ] ] } },
{ "type": "Feature", "properties": { "NTA2020": "BX0601" }, "geometry": { "type": "Polygon", "coordinates": [ [ [ -73.872834538622399, 40.839754863390226 ], [ -73.873928180722629, 40.835990312618428 ], [ -73.876733234277779, 40.836205618054912 ], [ -73.878085020366171, 40.83547984251512 ], [ -73.879252394978181, 40.834424789995396 ], [ -73.882226987279694, 40.835452457608355 ], [ -73.882068216709484, 40.835950270369011 ], [ -73.882139322414673, 40.836888939415537 ], [ -73.882008447012481, 40.837443821716924 ], [ -73.882291510647249, 40.838075270156978 ], [ -73.882853650974425, 40.838495335975082 ], [ -73.882710047267793, 40.83862612220873 ], [ -73.884181432413911, 40.839335307145248 ], [ -73.884648981306185, 40.839174632601093 ], [ -73.886184321004237, 40.840105044973484 ], [ -73.885202862966068, 40.844982740102353 ], [ -73.883517223422572, 40.847168258349392 ], [ -73.88311982569914, 40.848221092379937 ], [ -73.882844455085419, 40.84781722695358 ], [ -73.877339072382398, 40.843991755057971 ], [ -73.878175468924013, 40.842617696546924 ], [ -73.87459175436959, 40.841520647539404 ], [ -73.874014690516546, 40.842537677316173 ], [ -73.873111496600686, 40.843250651715188 ], [ -73.872110017377807, 40.843700098340705 ], [ -73.87185298768577, 40.844504169534801 ], [ -73.871168874715337, 40.844778117716274 ], [ -73.870955529303473, 40.845976232858781 ], [ -73.870539663888692, 40.846257574321356 ], [ -73.870355386643297, 40.846623815688595 ], [ -73.869874311013874, 40.846617457417956 ], [ -73.86942321371609, 40.847512345182864 ], [ -73.868892432746065, 40.848112322125743 ], [ -73.869562590804946, 40.848018713239313 ], [ -73.869523629516948, 40.848686977587846 ], [ -73.869209446360514, 40.849238372873245 ], [ -73.867859929937637, 40.848864931890915 ], [ -73.86835465962794, 40.847080233387167 ], [ -73.868926527594084, 40.846881740610506 ], [ -73.868661938199224, 40.846260153941969 ], [ -73.86863721744794, 40.845309843267835 ], [ -73.868042003918404, 40.844813839306944 ], [ -73.870995181335019, 40.843111392044499 ], [ -73.873597136338276, 40.839798555936007 ], [ -73.872834538622399, 40.839754863390226 ] ] ] } },
{ "type": "Feature", "properties": { "NTA2020": "BX0602" }, "geometry": { "type": "Polygon", "coordinates": [ [ [ -73.88311982569914, 40.848221092379937 ], [ -73.883517223422572, 40.847168258349392 ], [ -73.885202862966068, 40.844982740102353 ], [ -73.886184321004237, 40.840105044973484 ], [ -73.886598023451214, 40.839279050108516 ], [ -73.888137521593379, 40.839862002384784 ], [ -73.88869040830879, 40.83915802646802 ], [ -73.88941724869116, 40.83942273388282 ], [ -73.895378361806536, 40.842938779459168 ], [ -73.894790221123387, 40.843720321972178 ], [ -73.901317298869088, 40.844473941535476 ], [ -73.895608833461822, 40.854570370097903 ], [ -73.89544565267262, 40.854518293078705 ], [ -73.895344057800116, 40.854696550090168 ], [ -73.894000335720889, 40.854251933496677 ], [ -73.894205453096333, 40.853854929543658 ], [ -73.892166874032299, 40.852769462390711 ], [ -73.890389540095029, 40.85468905858778 ], [ -73.889609780779566, 40.853621880548758 ], [ -73.889970284005102, 40.852103229953627 ], [ -73.888239740301088, 40.851035366410841 ], [ -73.887356620033643, 40.850873897618065 ], [ -73.88311982569914, 40.848221092379937 ] ] ] } },
{ "type": "Feature", "properties": { "NTA2020": "BX0603" }, "geometry": { "type": "Polygon", "coordinates": [ [ [ -73.883625181295798, 40.867257588007035 ], [ -73.882676247333052, 40.866089141481098 ], [ -73.883767492227236, 40.865314753169059 ], [ -73.883969222675475, 40.864817741303078 ], [ -73.883923957625242, 40.864417761870811 ], [ -73.882007941383705, 40.86204685336228 ], [ -73.880739954503824, 40.861126229637769 ], [ -73.880505480889596, 40.860477561199566 ], [ -73.881006789592476, 40.858268023159617 ], [ -73.880730428198163, 40.85667660541359 ], [ -73.88311982569914, 40.848221092379937 ], [ -73.887356620033643, 40.850873897618065 ], [ -73.888239740301088, 40.851035366410841 ], [ -73.889970284005102, 40.852103229953627 ], [ -73.889609780779566, 40.853621880548758 ], [ -73.890389540095029, 40.85468905858778 ], [ -73.892166874032299, 40.852769462390711 ], [ -73.894205453096333, 40.853854929543658 ], [ -73.894000335720889, 40.854251933496677 ], [ -73.895344057800116, 40.854696550090168 ], [ -73.89544565267262, 40.854518293078705 ], [ -73.896440525001069, 40.854907759155061 ], [ -73.893215207578095, 40.859874206155709 ], [ -73.891380233802607, 40.861700588263098 ], [ -73.891771886667271, 40.861871717251461 ], [ -73.888895660102236, 40.864754153236582 ], [ -73.888122787760238, 40.864254571080266 ], [ -73.8868331704345, 40.865389993860596 ], [ -73.883625181295798, 40.867257588007035 ] ] ] } },
{ "type": "Feature", "properties": { "NTA2020": "BX0701" }, "geometry": { "type": "Polygon", "coordinates": [ [ [ -73.906146688583718, 40.87326020472841 ], [ -73.904520704503767, 40.872495211204779 ], [ -73.90442003143589, 40.870361276000608 ], [ -73.903186673996245, 40.869148991490611 ], [ -73.901941550250498, 40.868533630777577 ], [ -73.899424361874068, 40.867880837716207 ], [ -73.899603003606387, 40.868728208256321 ], [ -73.898918542982656, 40.869658574486692 ], [ -73.896560605974685, 40.868565200084397 ], [ -73.897403232987216, 40.867474189711189 ], [ -73.89412285023333, 40.865940006032943 ], [ -73.89386222614246, 40.865753662838095 ], [ -73.893715985094801, 40.865293099000191 ], [ -73.893231922395827, 40.865272878181095 ], [ -73.890161636347784, 40.863476362823484 ], [ -73.891771886667271, 40.861871717251461 ], [ -73.892851690891007, 40.861832193495182 ], [ -73.896938996851361, 40.862442929751076 ], [ -73.899436708404068, 40.862116912065574 ], [ -73.901079669515269, 40.862756383422415 ], [ -73.902544793263999, 40.860578255335739 ], [ -73.903513905641404, 40.860917510150827 ], [ -73.904868472155215, 40.858693224708851 ], [ -73.907774842908836, 40.859609519622111 ], [ -73.909667478309132, 40.85748494865318 ], [ -73.910567993391226, 40.858620593736653 ], [ -73.913284370513381, 40.859618601833198 ], [ -73.915425445936364, 40.85872864146679 ], [ -73.915081817857256, 40.859191798438289 ], [ -73.916159415703788, 40.858784566385076 ], [ -73.917208011392617, 40.856838300416619 ], [ -73.917188211160592, 40.855918821828375 ], [ -73.917452340574243, 40.856293587777863 ], [ -73.917406568556842, 40.8570514090936 ], [ -73.91752824397291, 40.856895855081866 ], [ -73.919023691252164, 40.857396538413759 ], [ -73.917760412511058, 40.858708097958313 ], [ -73.917206646469864, 40.858928923237151 ], [ -73.915805280085493, 40.860469735856128 ], [ -73.914809343254831, 40.86171418964576 ], [ -73.914818174053025, 40.861899088982938 ], [ -73.913414621936553, 40.863367493700743 ], [ -73.912762719954614, 40.863029174157617 ], [ -73.912272789769773, 40.863632148996714 ], [ -73.912797621289414, 40.863898875432874 ], [ -73.912526045168065, 40.863795223837791 ], [ -73.912676340203845, 40.864021111602462 ], [ -73.91044282741953, 40.866527868348079 ], [ -73.909496643123177, 40.868831156640397 ], [ -73.908937149298978, 40.871019840308861 ], [ -73.908649431775828, 40.871385783803326 ], [ -73.908932352415874, 40.872157347970656 ], [ -73.908463678462624, 40.872620792206646 ], [ -73.907742707845614, 40.872845952111604 ], [ -73.907464897281031, 40.873547354235903 ], [ -73.906146688583718, 40.87326020472841 ] ] ] } },
{ "type": "Feature", "properties": { "NTA2020": "BX0702" }, "geometry": { "type": "Polygon", "coordinates": [ [ [ -73.887128506625487, 40.882815425045848 ], [ -73.887165052652819, 40.882576511395463 ], [ -73.885950717304169, 40.88050741213322 ], [ -73.885675180256683, 40.878872510808506 ], [ -73.885276832077338, 40.879217668991153 ], [ -73.883455793292072, 40.876056095136349 ], [ -73.883400352871661, 40.873946626765921 ], [ -73.882553915484948, 40.872457287713218 ], [ -73.88146889662579, 40.86857364626276 ], [ -73.8868331704345, 40.865389993860596 ], [ -73.888122787760238, 40.864254571080266 ], [ -73.888895660102236, 40.864754153236582 ], [ -73.890161636347784, 40.863476362823484 ], [ -73.893231922395827, 40.865272878181095 ], [ -73.893715985094801, 40.865293099000191 ], [ -73.89386222614246, 40.865753662838095 ], [ -73.89412285023333, 40.865940006032943 ], [ -73.897403232987216, 40.867474189711189 ], [ -73.896560605974685, 40.868565200084397 ], [ -73.898918542982656, 40.869658574486692 ], [ -73.897789622704778, 40.870856643398554 ], [ -73.897820785336165, 40.871960049676403 ], [ -73.898112995186509, 40.873110358204535 ], [ -73.898435000989792, 40.873756796492572 ], [ -73.898734745706591, 40.874006054645186 ], [ -73.90021706211445, 40.874389512688161 ], [ -73.90041699394169, 40.875117675888795 ], [ -73.899811089502919, 40.876398825081289 ], [ -73.899049571258928, 40.877106989285565 ], [ -73.898269176993281, 40.878282499703744 ], [ -73.89702627526836, 40.879521219835404 ], [ -73.896689629870835, 40.880155906621475 ], [ -73.896376322063844, 40.881821328597425 ], [ -73.895529418791966, 40.882456156416701 ], [ -73.894196642631982, 40.883020601452664 ], [ -73.89163185904323, 40.882339110848015 ], [ -73.887969507354867, 40.88289675227653 ], [ -73.887128506625487, 40.882815425045848 ] ] ] } },
{ "type": "Feature", "properties": { "NTA2020": "BX0703" }, "geometry": { "type": "Polygon", "coordinates": [ [ [ -73.870835677740359, 40.880454114278464 ], [ -73.8701531853105, 40.880350827057256 ], [ -73.87160718628833, 40.876921572509275 ], [ -73.872552509003341, 40.875175183325936 ], [ -73.875188500963958, 40.871575756811403 ], [ -73.876192574839891, 40.870476956700386 ], [ -73.876943520250762, 40.869954681572139 ], [ -73.883093824383437, 40.866602185024398 ], [ -73.883625181295798, 40.867257588007035 ], [ -73.88146889662579, 40.86857364626276 ], [ -73.882553915484948, 40.872457287713218 ], [ -73.883400352871661, 40.873946626765921 ], [ -73.883455793292072, 40.876056095136349 ], [ -73.885276832077338, 40.879217668991153 ], [ -73.885675180256683, 40.878872510808506 ], [ -73.885950717304169, 40.88050741213322 ], [ -73.887165052652819, 40.882576511395463 ], [ -73.887051426023376, 40.884349575846649 ], [ -73.884216964431815, 40.883197728058498 ], [ -73.883683368565244, 40.883157615331456 ], [ -73.882748332946548, 40.88339738680105 ], [ -73.881244225415543, 40.882709633005597 ], [ -73.878035624264854, 40.887118321756198 ], [ -73.87783125904194, 40.886772760181465 ], [ -73.877606766124003, 40.884523044123043 ], [ -73.877728177277305, 40.883454195085235 ], [ -73.878125752277896, 40.882153684974497 ], [ -73.874702554902811, 40.881553823555954 ], [ -73.874792407319035, 40.880075128890404 ], [ -73.874945897554952, 40.879947669295348 ], [ -73.870835677740359, 40.880454114278464 ] ] ] } },
{ "type": "Feature", "properties": { "NTA2020": "BX0801" }, "geometry": { "type": "Polygon", "coordinates": [ [ [ -73.887051426023376, 40.884349575846649 ], [ -73.887128506625487, 40.882815425045848 ], [ -73.887969507354867, 40.88289675227653 ], [ -73.89163185904323, 40.882339110848015 ], [ -73.89433200268499, 40.883008532997422 ], [ -73.895529418791966, 40.882456156416701 ], [ -73.896376322063844, 40.881821328597425 ], [ -73.896896623448058, 40.879728126260254 ], [ -73.898269176993281, 40.878282499703744 ], [ -73.899049571258928, 40.877106989285565 ], [ -73.899811089502919, 40.876398825081289 ], [ -73.90041699394169, 40.875117675888795 ], [ -73.900360537060706, 40.874594695481406 ], [ -73.900113861899101, 40.87431248469715 ], [ -73.898864696257263, 40.874066698459828 ], [ -73.898435000989792, 40.873756796492572 ], [ -73.898011170349875, 40.872827280909938 ], [ -73.897820785336165, 40.871960049676403 ], [ -73.897789622704778, 40.870856643398554 ], [ -73.899213876947925, 40.869381386784873 ], [ -73.899603003606387, 40.868728208256321 ], [ -73.899424361874068, 40.867880837716207 ], [ -73.902358048464379, 40.868696120953459 ], [ -73.903749758939639, 40.869595627140143 ], [ -73.90442003143589, 40.870361276000608 ], [ -73.904469013868876, 40.872415520678139 ], [ -73.906146688583718, 40.87326020472841 ], [ -73.904527940853228, 40.877064178108895 ], [ -73.90339439735574, 40.87899419537402 ], [ -73.898600564181706, 40.88440476607385 ], [ -73.897822124699161, 40.885076770420518 ], [ -73.896682430808013, 40.885964590854371 ], [ -73.887586126087527, 40.884255620165597 ], [ -73.887051426023376, 40.884349575846649 ] ] ] } },
{ "type": "Feature", "properties": { "NTA2020": "BX0802" }, "geometry": { "type": "Polygon", "coordinates": [ [ [ -73.89791462688234, 40.890546693004062 ], [ -73.899904254799424, 40.886559723084964 ], [ -73.896682430808013, 40.885964590854371 ], [ -73.898600564181706, 40.88440476607385 ], [ -73.903765703446609, 40.878528638056686 ], [ -73.906146688583718, 40.87326020472841 ], [ -73.907464897281031, 40.873547354235903 ], [ -73.907742707845614, 40.872845952111604 ], [ -73.908463678462624, 40.872620792206646 ], [ -73.908932352415874, 40.872157347970656 ], [ -73.909716900726579, 40.873204611417606 ], [ -73.910921179433643, 40.874146396542194 ], [ -73.915785156381062, 40.875716945064845 ], [ -73.914846241563808, 40.876666710276517 ], [ -73.912058300302405, 40.878119320048675 ], [ -73.911489131904446, 40.879018858809559 ], [ -73.910331935664232, 40.879038047307276 ], [ -73.909678683889766, 40.879514588338928 ], [ -73.910339762903078, 40.880052398007457 ], [ -73.91049490431142, 40.880525277666898 ], [ -73.90938209985265, 40.881363326675242 ], [ -73.908022402770243, 40.883201333955483 ], [ -73.907585328209194, 40.88438930151387 ], [ -73.906807285785561, 40.884838529229278 ], [ -73.90607414979803, 40.885632904918403 ], [ -73.905888233440194, 40.885587525425258 ], [ -73.90413642362445, 40.887080709031565 ], [ -73.903373144505366, 40.888132345033483 ], [ -73.902859489960662, 40.889164744005242 ], [ -73.901847691580969, 40.889147745451922 ], [ -73.900867992925029, 40.888917553008483 ], [ -73.898539119255645, 40.890389074043156 ], [ -73.898451295993922, 40.890708966148914 ], [ -73.89791462688234, 40.890546693004062 ] ] ] } },
{ "type": "Feature", "properties": { "NTA2020": "BX0803" }, "geometry": { "type": "Polygon", "coordinates": [ [ [ -73.896633338632356, 40.911417375348883 ], [ -73.896357859714925, 40.903200131583823 ], [ -73.897157171654328, 40.899371826677253 ], [ -73.896431707170763, 40.893655279926847 ], [ -73.896757900749378, 40.892645443571737 ], [ -73.89791462688234, 40.890546693004062 ], [ -73.898451295993922, 40.890708966148914 ], [ -73.898539119255645, 40.890389074043156 ], [ -73.900867992925029, 40.888917553008483 ], [ -73.901847691580969, 40.889147745451922 ], [ -73.902859489960662, 40.889164744005242 ], [ -73.903373144505366, 40.888132345033483 ], [ -73.90413642362445, 40.887080709031565 ], [ -73.905888233440194, 40.885587525425258 ], [ -73.90607414979803, 40.885632904918403 ], [ -73.906807285785561, 40.884838529229278 ], [ -73.907585328209194, 40.88438930151387 ], [ -73.908022402770243, 40.883201333955483 ], [ -73.90938209985265, 40.881363326675242 ], [ -73.91049490431142, 40.880525277666898 ], [ -73.910339762903078, 40.880052398007457 ], [ -73.909678683889766, 40.879514588338928 ], [ -73.910331935664232, 40.879038047307276 ], [ -73.911489131904446, 40.879018858809559 ], [ -73.912058300302405, 40.878119320048675 ], [ -73.914846241563808, 40.876666710276517 ], [ -73.915785156381062, 40.875716945064845 ], [ -73.91726028337294, 40.875809003580606 ], [ -73.917756693959191, 40.87566362786071 ], [ -73.919083262908103, 40.876064881825869 ], [ -73.92002897596285, 40.876592647123196 ], [ -73.922067236518856, 40.878572414802974 ], [ -73.922737882875282, 40.878905445427932 ], [ -73.924517958510364, 40.879058659561935 ], [ -73.924903274730823, 40.878888367853186 ], [ -73.923805256054976, 40.880324901636079 ], [ -73.9203928019909, 40.887648500226902 ], [ -73.917817837900273, 40.894416425567982 ], [ -73.917899631246584, 40.894669009536855 ], [ -73.917634882074879, 40.894941905352219 ], [ -73.916941610784022, 40.896644551702401 ], [ -73.91518455871676, 40.901584282862181 ], [ -73.915431729584284, 40.901812683688362 ], [ -73.915014495860447, 40.903081299106447 ], [ -73.914590392433155, 40.904119002196403 ], [ -73.914185435298819, 40.904140390968699 ], [ -73.912868578766094, 40.907535475893454 ], [ -73.913110222641222, 40.907845833944798 ], [ -73.912649321728779, 40.90807081195539 ], [ -73.911491907037444, 40.912233769312046 ], [ -73.911432130278484, 40.912823826219707 ], [ -73.9116547240221, 40.913417851896739 ], [ -73.911107904745904, 40.914364577888044 ], [ -73.910712044770492, 40.914659161161275 ], [ -73.910332568489778, 40.915532776502673 ], [ -73.902456640049408, 40.91295893342599 ], [ -73.900603860585264, 40.912607265899261 ], [ -73.896633338632356, 40.911417375348883 ] ] ] } },
{ "type": "Feature", "properties": { "NTA2020": "BX0901" }, "geometry": { "type": "Polygon", "coordinates": [ [ [ -73.862722733990779, 40.832920683003813 ], [ -73.86366561257752, 40.832695324571596 ], [ -73.86264225702611, 40.828170145264785 ], [ -73.860673241164903, 40.82841898633739 ], [ -73.859703333137332, 40.826277348535591 ], [ -73.873568085305237, 40.824419846968112 ], [ -73.872468341823847, 40.820150090860928 ], [ -73.879814642975688, 40.819162449263359 ], [ -73.880980295932673, 40.818235623127272 ], [ -73.882447795528918, 40.819268322511547 ], [ -73.88429488211122, 40.822718205770592 ], [ -73.884644507004893, 40.823814273701593 ], [ -73.884387053537296, 40.826817283532861 ], [ -73.883520187580388, 40.829260181989575 ], [ -73.883900947886829, 40.829802816910465 ], [ -73.880051885033851, 40.834702058698383 ], [ -73.879252394978181, 40.834424789995396 ], [ -73.878085020366171, 40.83547984251512 ], [ -73.876733234277779, 40.836205618054912 ], [ -73.873928180722629, 40.835990312618428 ], [ -73.872834538622399, 40.839754863390226 ], [ -73.869207668160328, 40.839600046711105 ], [ -73.867822581813499, 40.840166499016902 ], [ -73.864480117177877, 40.841087797386869 ], [ -73.863937481034412, 40.84004456590268 ], [ -73.862722733990779, 40.832920683003813 ] ] ] } },
{ "type": "Feature", "properties": { "NTA2020": "BX0902" }, "geometry": { "type": "Polygon", "coordinates": [ [ [ -73.845765617682574, 40.811582279345451 ], [ -73.846173028720543, 40.810676664430446 ], [ -73.847196845096477, 40.810580487614203 ], [ -73.848214865157075, 40.812462908995741 ], [ -73.849385561479764, 40.813236865345075 ], [ -73.850410668200027, 40.813584024391083 ], [ -73.850602462039618, 40.813930199539492 ], [ -73.851593250079944, 40.814304386750301 ], [ -73.852437076728947, 40.814302674495075 ], [ -73.852258322492844, 40.814493132563975 ], [ -73.852800042436044, 40.814440299471535 ], [ -73.853013282871274, 40.814584423623565 ], [ -73.852842087074123, 40.814343337083564 ], [ -73.85265496045065, 40.814338079557544 ], [ -73.852618151909525, 40.814058692123147 ], [ -73.852979627047873, 40.813873484495403 ], [ -73.852913985455999, 40.81368940370163 ], [ -73.853368578688205, 40.813593903136315 ], [ -73.854346555849716, 40.813863857914136 ], [ -73.855315117898286, 40.814412141687292 ], [ -73.855319658957498, 40.814161567150244 ], [ -73.854710082109094, 40.813844401415444 ], [ -73.853467740586339, 40.81347771110606 ], [ -73.85255739434929, 40.813735334655199 ], [ -73.851199977251852, 40.813553144376179 ], [ -73.849212438135709, 40.812384199501103 ], [ -73.849045360522183, 40.811986324291269 ], [ -73.849384202558241, 40.811287074767606 ], [ -73.849173584248518, 40.810924340784048 ], [ -73.849798045220211, 40.810032877885085 ], [ -73.849908923063097, 40.809660122089433 ], [ -73.849767051037546, 40.809669120008678 ], [ -73.849760116340775, 40.809645213220485 ], [ -73.84991938701836, 40.809626665926892 ], [ -73.850020123245443, 40.80925403953006 ], [ -73.849846625180788, 40.80925232875304 ], [ -73.850042416129071, 40.809215408487667 ], [ -73.849967329053797, 40.808875512454456 ], [ -73.849728653586411, 40.808875111638848 ], [ -73.849951169380105, 40.80871472017224 ], [ -73.84955076934942, 40.808720867510914 ], [ -73.849953556063809, 40.808693406076394 ], [ -73.849966968027047, 40.808578019346236 ], [ -73.849611664203877, 40.80812418505122 ], [ -73.848760077459843, 40.808337457793073 ], [ -73.848709624792349, 40.808240470419058 ], [ -73.849522182568492, 40.808055277217669 ], [ -73.848416409616505, 40.807368775795346 ], [ -73.848280240182959, 40.806852405047749 ], [ -73.848379537214143, 40.806360186334594 ], [ -73.847536219755966, 40.80592640279518 ], [ -73.847488226419102, 40.805448909149192 ], [ -73.847902986527416, 40.805002179397292 ], [ -73.848647846062136, 40.804699371480375 ], [ -73.84874317212855, 40.804896259686139 ], [ -73.848946040059957, 40.804762168994742 ], [ -73.849333823079363, 40.805051218261795 ], [ -73.849410363377174, 40.804667976275638 ], [ -73.849428527277098, 40.805059828140614 ], [ -73.849821071838477, 40.805094430843475 ], [ -73.849977227091827, 40.805059594981891 ], [ -73.85019839036417, 40.804510024973965 ], [ -73.852049225994875, 40.80459911624105 ], [ -73.85407120427061, 40.804457462419457 ], [ -73.855854463353879, 40.804514646139566 ], [ -73.856626137677125, 40.804830303717424 ], [ -73.856397852059004, 40.80494683571338 ], [ -73.855690470983774, 40.804676565575548 ], [ -73.855563584338228, 40.804784996332359 ], [ -73.855720727087544, 40.805122104179702 ], [ -73.85612542563311, 40.805281681250833 ], [ -73.857244919885687, 40.805307238116121 ], [ -73.856675796583886, 40.804995370320832 ], [ -73.856834210244529, 40.804909270715356 ], [ -73.858127056997731, 40.805466520049322 ], [ -73.858911212012742, 40.805912755734951 ], [ -73.858505600391553, 40.805819542792797 ], [ -73.858314877069702, 40.805998591514786 ], [ -73.858517041744932, 40.806637883757162 ], [ -73.858889088549105, 40.806688490338118 ], [ -73.859050393784528, 40.806563967742427 ], [ -73.858852976335811, 40.806008429951937 ], [ -73.858972320079559, 40.80596606723789 ], [ -73.859366023323204, 40.806675683207835 ], [ -73.859376563575111, 40.807568295172658 ], [ -73.859257752760755, 40.807542673007788 ], [ -73.859158681488196, 40.806878974649202 ], [ -73.858665051691929, 40.806832751495634 ], [ -73.858389962288143, 40.808258809148811 ], [ -73.858774526545318, 40.809233975135548 ], [ -73.858951412217777, 40.810271417586563 ], [ -73.859076625664173, 40.809975558102124 ], [ -73.860126952355841, 40.809605499891283 ], [ -73.859540598624818, 40.809019702446363 ], [ -73.859329192648829, 40.808996540463191 ], [ -73.85940147908336, 40.808165102602331 ], [ -73.859702733409208, 40.808951925439949 ], [ -73.860236254579647, 40.809450277309551 ], [ -73.862286045166115, 40.809945911226578 ], [ -73.86111126701573, 40.811150153570075 ], [ -73.864358464569889, 40.813008914610258 ], [ -73.864623227905, 40.814222515687675 ], [ -73.865128371606787, 40.814152046255344 ], [ -73.865217357348655, 40.814528563963165 ], [ -73.866577421678073, 40.814373434764484 ], [ -73.868908648492379, 40.815116617186909 ], [ -73.869544802961201, 40.816094753312171 ], [ -73.871459928312134, 40.824720208839103 ], [ -73.856356774764706, 40.826752086463316 ], [ -73.856196565338777, 40.82604099472448 ], [ -73.855971623905276, 40.82606387775791 ], [ -73.853620253153025, 40.816088386202679 ], [ -73.851635432910896, 40.816359189181703 ], [ -73.851144723268504, 40.814396548876807 ], [ -73.850926593816709, 40.814335960508004 ], [ -73.847053820954386, 40.81482646960432 ], [ -73.846636388502674, 40.813033085499185 ], [ -73.846106604578466, 40.813099989205462 ], [ -73.846467159525119, 40.812306040384676 ], [ -73.846324119498462, 40.811687423569815 ], [ -73.845765617682574, 40.811582279345451 ] ] ] } },
{ "type": "Feature", "properties": { "NTA2020": "BX0903" }, "geometry": { "type": "MultiPolygon", "coordinates": [ [ [ [ -73.836028954783558, 40.82388096989709 ], [ -73.836042475706648, 40.817782611595923 ], [ -73.836436747801997, 40.817815868859398 ], [ -73.836396387246211, 40.818891366653368 ], [ -73.836960702706691, 40.816340540534782 ], [ -73.839743559437593, 40.816406071502847 ], [ -73.840190205231607, 40.817188273056395 ], [ -73.840077112128171, 40.817860895656835 ], [ -73.839210221008869, 40.818888357126845 ], [ -73.838927332952935, 40.819001210107139 ], [ -73.838683477008658, 40.819591381016842 ], [ -73.839063989238625, 40.819802432341653 ], [ -73.839011680675924, 40.821950171032221 ], [ -73.838882316467391, 40.822140489856054 ], [ -73.839070594730103, 40.822252848957575 ], [ -73.839049044811944, 40.822688748145872 ], [ -73.839527777142365, 40.823038159151878 ], [ -73.839449348732501, 40.823265355083478 ], [ -73.839611866385653, 40.823863426519061 ], [ -73.839740138772328, 40.824110493036713 ], [ -73.840131135285006, 40.824317089177434 ], [ -73.842292373890587, 40.82869980753307 ], [ -73.83701656804422, 40.829053409690573 ], [ -73.836559454600788, 40.827225789814442 ], [ -73.836028954783558, 40.82388096989709 ] ] ], [ [ [ -73.848486152739369, 40.834524495834401 ], [ -73.847278815812828, 40.829314745683959 ], [ -73.845045695346926, 40.828799398699573 ], [ -73.84543367962543, 40.828481486466529 ], [ -73.845320225202329, 40.828426538313948 ], [ -73.843986683249994, 40.828434143065337 ], [ -73.842915480740672, 40.82862246917874 ], [ -73.84175457615963, 40.825755420396746 ], [ -73.840449703163088, 40.823345566496677 ], [ -73.840466035261542, 40.823080023583813 ], [ -73.839829262416927, 40.821571501496067 ], [ -73.840100691358614, 40.820322761727716 ], [ -73.839998604073017, 40.81993494731568 ], [ -73.840289119448954, 40.819807704553881 ], [ -73.840365285256141, 40.819577750024273 ], [ -73.841986848340454, 40.818774373908177 ], [ -73.842093663118547, 40.818059542951616 ], [ -73.843063790337368, 40.81655864502676 ], [ -73.843169927637192, 40.816051055013411 ], [ -73.8437405300036, 40.815321699542032 ], [ -73.845207368851092, 40.811887022009543 ], [ -73.845765617682574, 40.811582279345451 ], [ -73.846324119498462, 40.811687423569815 ], [ -73.846467159525119, 40.812306040384676 ], [ -73.846106604578466, 40.813099989205462 ], [ -73.846636388502674, 40.813033085499185 ], [ -73.847053820954386, 40.81482646960432 ], [ -73.850926593816709, 40.814335960508004 ], [ -73.851144723268504, 40.814396548876807 ], [ -73.851635432910896, 40.816359189181703 ], [ -73.853620253153025, 40.816088386202679 ], [ -73.855971623905276, 40.82606387775791 ], [ -73.856196565338777, 40.82604099472448 ], [ -73.856356774764706, 40.826752086463316 ], [ -73.859703333137332, 40.826277348535591 ], [ -73.860673241164903, 40.82841898633739 ], [ -73.86264225702611, 40.828170145264785 ], [ -73.86366561257752, 40.832695324571596 ], [ -73.86085019682676, 40.833613538099918 ], [ -73.860338458461456, 40.833253166486074 ], [ -73.848486152739369, 40.834524495834401 ] ] ] ] } },
{ "type": "Feature", "properties": { "NTA2020": "BX0904" }, "geometry": { "type": "Polygon", "coordinates": [ [ [ -73.851684597478283, 40.83420105235033 ], [ -73.860338458461456, 40.833253166486074 ], [ -73.86085019682676, 40.833613538099918 ], [ -73.862722733990779, 40.832920683003813 ], [ -73.863937481034412, 40.84004456590268 ], [ -73.864480117177877, 40.841087797386869 ], [ -73.853335250082239, 40.842470155155659 ], [ -73.851684597478283, 40.83420105235033 ] ] ] } },
{ "type": "Feature", "properties": { "NTA2020": "BX0991" }, "geometry": { "type": "Polygon", "coordinates": [ [ [ -73.862286045166115, 40.809945911226578 ], [ -73.867656462844664, 40.810583761937188 ], [ -73.869769558500366, 40.813423699757202 ], [ -73.870778048859364, 40.814486895487818 ], [ -73.8717160645012, 40.814922335490216 ], [ -73.876519960336296, 40.816131063424187 ], [ -73.876634599637086, 40.815711508099191 ], [ -73.878062832621268, 40.81618263244409 ], [ -73.880980295932673, 40.818235623127272 ], [ -73.879814642975688, 40.819162449263359 ], [ -73.872468341823847, 40.820150090860928 ], [ -73.873568085305237, 40.824419846968112 ], [ -73.871459928312134, 40.824720208839103 ], [ -73.869544802961201, 40.816094753312171 ], [ -73.868908648492379, 40.815116617186909 ], [ -73.868182184662359, 40.814807717843401 ], [ -73.866577421678073, 40.814373434764484 ], [ -73.865217357348655, 40.814528563963165 ], [ -73.865128371606787, 40.814152046255344 ], [ -73.864623227905, 40.814222515687675 ], [ -73.864358464569889, 40.813008914610258 ], [ -73.86111126701573, 40.811150153570075 ], [ -73.862286045166115, 40.809945911226578 ] ] ] } },
{ "type": "Feature", "properties": { "NTA2020": "BX1001" }, "geometry": { "type": "Polygon", "coordinates": [ [ [ -73.84504985945216, 40.849191585551949 ], [ -73.84460522265951, 40.846253697620966 ], [ -73.844910342553177, 40.845427460749001 ], [ -73.843276558603719, 40.843541805945129 ], [ -73.841461019712469, 40.840956095619759 ], [ -73.842018280161142, 40.840658278209347 ], [ -73.841363093362446, 40.840589688880485 ], [ -73.83936794316827, 40.840882973482735 ], [ -73.839567003330529, 40.840547227887441 ], [ -73.839720144492304, 40.839565406487836 ], [ -73.840302825371907, 40.839524313945098 ], [ -73.840108738709148, 40.838852118208919 ], [ -73.840028088690332, 40.838947871008024 ], [ -73.840135315333669, 40.838614177420091 ], [ -73.839920264165073, 40.837820663259379 ], [ -73.839841796470324, 40.837904938380227 ], [ -73.83995029818, 40.837583897090141 ], [ -73.839842355562951, 40.836116241463934 ], [ -73.839759429015899, 40.83629627837049 ], [ -73.839659028527279, 40.83606711375888 ], [ -73.839825565693118, 40.836054400070232 ], [ -73.839711590804171, 40.836017398314439 ], [ -73.839799928255673, 40.835811398353698 ], [ -73.839651734815874, 40.835829115991778 ], [ -73.839680015672599, 40.836063159880091 ], [ -73.839600986114846, 40.835670719202113 ], [ -73.839655733467239, 40.835802235937777 ], [ -73.839796050876316, 40.835788489403441 ], [ -73.839658497405367, 40.835743489736281 ], [ -73.839794884297689, 40.83561920774234 ], [ -73.839614873046187, 40.835610568869278 ], [ -73.83959437645332, 40.835088907695585 ], [ -73.839457775327205, 40.835032068331124 ], [ -73.839566669061924, 40.834980293233116 ], [ -73.839461327351614, 40.834847968747511 ], [ -73.839619863535148, 40.8348293056561 ], [ -73.839412203108594, 40.834600065107445 ], [ -73.839592667550377, 40.834560475645574 ], [ -73.839591085183443, 40.834041688594127 ], [ -73.840181517651658, 40.833043425474678 ], [ -73.842213347308672, 40.831550507278138 ], [ -73.842758842937684, 40.830818484142853 ], [ -73.843099509595859, 40.829960011795237 ], [ -73.842915480740672, 40.82862246917874 ], [ -73.843986683249881, 40.828434143065337 ], [ -73.845320225202229, 40.828426538313948 ], [ -73.845433679625373, 40.828481486466565 ], [ -73.845045695346869, 40.828799398699609 ], [ -73.847278815812828, 40.829314745683959 ], [ -73.848486152739369, 40.834524495834422 ], [ -73.851684597478126, 40.83420105235033 ], [ -73.853335250082239, 40.842470155155659 ], [ -73.848063453941549, 40.843067998652081 ], [ -73.846234800715138, 40.844490217805088 ], [ -73.847884920413463, 40.845988980526201 ], [ -73.846570528410908, 40.847067481811962 ], [ -73.845783505614008, 40.847966357829641 ], [ -73.845370269648001, 40.848712628556171 ], [ -73.845346569288182, 40.849449488454212 ], [ -73.844885764907332, 40.850202725465877 ], [ -73.84504985945216, 40.849191585551949 ] ] ] } },
{ "type": "Feature", "properties": { "NTA2020": "BX1002" }, "geometry": { "type": "Polygon", "coordinates": [ [ [ -73.82624132976035, 40.84299359414544 ], [ -73.825986868952782, 40.840675752386652 ], [ -73.825849859606294, 40.837060867103062 ], [ -73.825404825812782, 40.835659274740074 ], [ -73.825603503616463, 40.835030147717006 ], [ -73.826220878047408, 40.834354708293304 ], [ -73.826012526369041, 40.834020778206344 ], [ -73.825158838689532, 40.834614471597014 ], [ -73.824633464908629, 40.833855808217244 ], [ -73.823793832346581, 40.834300146960352 ], [ -73.81606068234538, 40.836030196959506 ], [ -73.815850506095899, 40.835904355610836 ], [ -73.815525009225141, 40.83597630692605 ], [ -73.816063395742177, 40.835772927473727 ], [ -73.816007730707014, 40.835512597838644 ], [ -73.815573970601008, 40.835525081831143 ], [ -73.816081883135979, 40.835361182400234 ], [ -73.816084014011125, 40.834590346265237 ], [ -73.815663581392556, 40.83449084930696 ], [ -73.816028295232385, 40.834349781181039 ], [ -73.8160119668146, 40.833980805210828 ], [ -73.815698772217303, 40.833462280861184 ], [ -73.81581632050586, 40.833301259852796 ], [ -73.81573931591339, 40.832917569023287 ], [ -73.815286869875308, 40.831875700533224 ], [ -73.815031252541161, 40.831682117017898 ], [ -73.814879373885901, 40.831030086491459 ], [ -73.814470336880305, 40.831141458252048 ], [ -73.814843134324249, 40.83098612051365 ], [ -73.814763876919599, 40.830816799993542 ], [ -73.814520085777019, 40.83062287579429 ], [ -73.813914253888626, 40.830924257035534 ], [ -73.813897833604941, 40.830907554158266 ], [ -73.814510165214486, 40.830614047051135 ], [ -73.81429416266316, 40.830505169430872 ], [ -73.814309206815111, 40.830359271207463 ], [ -73.813856719772772, 40.830561442922686 ], [ -73.814299592950491, 40.830350103702635 ], [ -73.813903841214639, 40.830068161662076 ], [ -73.813867750153307, 40.82985736878269 ], [ -73.813702960018219, 40.829933033128576 ], [ -73.813668312847, 40.829891284853836 ], [ -73.813889712465709, 40.829777452202251 ], [ -73.813566699552723, 40.829589547888425 ], [ -73.813688818708357, 40.829534579120157 ], [ -73.813611104943377, 40.829376758458544 ], [ -73.81337687307213, 40.829391202710546 ], [ -73.813504204095807, 40.829220934676215 ], [ -73.813387663891248, 40.829023094473548 ], [ -73.812903219187675, 40.82895313166599 ], [ -73.813180114089249, 40.828802871229577 ], [ -73.812839028332377, 40.828646666695704 ], [ -73.812754699945216, 40.828248236251376 ], [ -73.809925159218068, 40.828179712454215 ], [ -73.810095781382472, 40.827819493091489 ], [ -73.81029679194134, 40.827990853012011 ], [ -73.81105446059631, 40.827984794835984 ], [ -73.811048801874676, 40.827840805154558 ], [ -73.810253570973046, 40.827833863912836 ], [ -73.81003792061874, 40.827781568423227 ], [ -73.811824405581532, 40.827828813635072 ], [ -73.811073307171853, 40.82784157654789 ], [ -73.811073267961476, 40.827984402314769 ], [ -73.811591393111527, 40.827999153548561 ], [ -73.812639752630872, 40.827836406561843 ], [ -73.812652064005093, 40.827558779614769 ], [ -73.813849748450608, 40.826803528724078 ], [ -73.813722076866128, 40.826271592515077 ], [ -73.812917761312278, 40.826350389120655 ], [ -73.813727878502249, 40.826261219220598 ], [ -73.813991116003322, 40.826069598740283 ], [ -73.81395054076151, 40.825729151443646 ], [ -73.813421021972061, 40.825925016768331 ], [ -73.813941619533907, 40.825717031728523 ], [ -73.813795235176613, 40.82529808600156 ], [ -73.813335226060858, 40.825170946707644 ], [ -73.812113505564412, 40.825552634659346 ], [ -73.813277355153062, 40.825161321707569 ], [ -73.813104167975524, 40.825039807005005 ], [ -73.813149130224829, 40.824871784174086 ], [ -73.814037458433518, 40.824483469493927 ], [ -73.813889347106823, 40.824087367430671 ], [ -73.813274173990294, 40.823966665819604 ], [ -73.812810286981176, 40.824339113674412 ], [ -73.812748349119389, 40.82477718702453 ], [ -73.812320055390103, 40.824411308419968 ], [ -73.811772848712053, 40.824339806172844 ], [ -73.811643556196159, 40.82460166226867 ], [ -73.811221362661414, 40.824585800688602 ], [ -73.811199030053331, 40.824791113883308 ], [ -73.811031475255987, 40.824708227041995 ], [ -73.810847286786512, 40.824872490964857 ], [ -73.810874962943842, 40.825113948446571 ], [ -73.810761925591876, 40.824901570714246 ], [ -73.810296873870456, 40.825164926310698 ], [ -73.809654811417516, 40.825275535621664 ], [ -73.80909234633549, 40.825873398164113 ], [ -73.807834213192891, 40.825767454803071 ], [ -73.807666047652503, 40.825896992059079 ], [ -73.80697771152208, 40.825388370897485 ], [ -73.806734283993251, 40.82468458298446 ], [ -73.806563615549763, 40.824606405431801 ], [ -73.806778662155267, 40.824382534817829 ], [ -73.806518194075338, 40.824197991912726 ], [ -73.806790494361806, 40.823993361689169 ], [ -73.806750580600252, 40.823828070658649 ], [ -73.806464806104742, 40.823799267499155 ], [ -73.80669197728993, 40.823679271064243 ], [ -73.806599757718971, 40.823336868686035 ], [ -73.806236306937009, 40.823307934650693 ], [ -73.806510186710284, 40.823152611720424 ], [ -73.806445390685965, 40.822996720660065 ], [ -73.806299823794461, 40.822835974237115 ], [ -73.805951691244516, 40.822882595349455 ], [ -73.806222647638805, 40.822663540128431 ], [ -73.805824655808479, 40.821767789793064 ], [ -73.805991598489385, 40.820823558490112 ], [ -73.805728029897338, 40.820177338695032 ], [ -73.804518004170021, 40.818927687960219 ], [ -73.803368401751158, 40.818251071676009 ], [ -73.802674076341631, 40.818238575091485 ], [ -73.802521634017722, 40.8185259883059 ], [ -73.802045607214595, 40.818545541212984 ], [ -73.801884936175625, 40.818358716045879 ], [ -73.800708597213202, 40.818043275795972 ], [ -73.800574651659829, 40.817698051361212 ], [ -73.800325401305628, 40.817560445161206 ], [ -73.797590327773278, 40.816507532070133 ], [ -73.797381125735356, 40.815763504895664 ], [ -73.79771465236783, 40.815513292743432 ], [ -73.798119452934756, 40.815698785003256 ], [ -73.798642206466056, 40.815464015935177 ], [ -73.799028163139994, 40.815541134938691 ], [ -73.799946781862644, 40.814449565689443 ], [ -73.800111468642797, 40.814024525560662 ], [ -73.800915932376412, 40.813761402506557 ], [ -73.80145800517316, 40.812940947203145 ], [ -73.801745612159635, 40.812865017415724 ], [ -73.801403809688509, 40.812363308658547 ], [ -73.801759321808206, 40.81286139698728 ], [ -73.802783282459458, 40.812467959270357 ], [ -73.803614249770746, 40.812523113660518 ], [ -73.80351997906503, 40.812921871251611 ], [ -73.803779120198826, 40.812809906043043 ], [ -73.803614292610376, 40.813044514928144 ], [ -73.804236532017555, 40.813646527993271 ], [ -73.804358103466939, 40.813608538673989 ], [ -73.804153653010474, 40.813730672865134 ], [ -73.804228995917924, 40.813663305211691 ], [ -73.803559211936431, 40.81304271217229 ], [ -73.803614558059451, 40.812972191191598 ], [ -73.803513706430749, 40.812935243289417 ], [ -73.80323543316922, 40.813296366370736 ], [ -73.803451771601644, 40.813352131169111 ], [ -73.803224493666292, 40.813358580521246 ], [ -73.803455192997646, 40.813402690990557 ], [ -73.803967044571252, 40.81396655325544 ], [ -73.804090734082621, 40.813951524759709 ], [ -73.804434658974245, 40.814293196487206 ], [ -73.804530816098335, 40.814254619924398 ], [ -73.804433675910687, 40.814318886098732 ], [ -73.803959553454021, 40.813988085558243 ], [ -73.803430421100003, 40.81342211984289 ], [ -73.803221762992962, 40.813374109942217 ], [ -73.803516673373679, 40.813951963648655 ], [ -73.80418033130357, 40.814589962811482 ], [ -73.80439172006534, 40.814537856201717 ], [ -73.804472820803682, 40.814889832153682 ], [ -73.805150179780469, 40.815667905755603 ], [ -73.805960264160205, 40.816042449239468 ], [ -73.806583587256966, 40.8165945881656 ], [ -73.806117613736177, 40.815952209326113 ], [ -73.805378787848255, 40.815482620282687 ], [ -73.805081034666912, 40.815197964012619 ], [ -73.804554405188711, 40.814629842237096 ], [ -73.804659428150359, 40.814544989122027 ], [ -73.804589245725751, 40.814621511144004 ], [ -73.805278788250845, 40.815377264776274 ], [ -73.806101417979065, 40.815919716953857 ], [ -73.80632932566165, 40.816137958817592 ], [ -73.806719679870668, 40.816575170746958 ], [ -73.806606031895114, 40.81666449454368 ], [ -73.806929331775464, 40.816568379076749 ], [ -73.806535724939479, 40.815891986386326 ], [ -73.806941995357519, 40.816564614220759 ], [ -73.807046001535085, 40.816533693875321 ], [ -73.806628734231552, 40.815683840207718 ], [ -73.806401778114562, 40.815702030649533 ], [ -73.806631563238966, 40.815594991460841 ], [ -73.805684429084195, 40.815033424911583 ], [ -73.805636224991844, 40.814760737343903 ], [ -73.805456122011023, 40.814686574062733 ], [ -73.805574149327825, 40.814540244856232 ], [ -73.805425597855802, 40.814400613740823 ], [ -73.805449211726526, 40.813376655608216 ], [ -73.805032265841831, 40.812607875053892 ], [ -73.804998347518392, 40.812206634566024 ], [ -73.804764889437749, 40.812033678062811 ], [ -73.803911860624751, 40.812110497881193 ], [ -73.803372764583713, 40.811539786196477 ], [ -73.80293001868931, 40.810541861352817 ], [ -73.802353402790033, 40.810037058959018 ], [ -73.802148164489282, 40.810026521740475 ], [ -73.801355527469184, 40.810710844894935 ], [ -73.80115707624914, 40.810587765615047 ], [ -73.801011729098477, 40.810713399647341 ], [ -73.801466700073277, 40.810141717963141 ], [ -73.800109499166368, 40.809710954078319 ], [ -73.798537659649611, 40.809587075529713 ], [ -73.792289073374292, 40.806849005579508 ], [ -73.791400598738889, 40.806997877908259 ], [ -73.791301575645946, 40.80717252058416 ], [ -73.791523590870071, 40.807489087806026 ], [ -73.790864757385634, 40.807341139937989 ], [ -73.790734799837793, 40.806588828856619 ], [ -73.790124632941016, 40.805771559885748 ], [ -73.790062563280458, 40.805408941834436 ], [ -73.790284108741716, 40.804817103688833 ], [ -73.791037175155807, 40.804263031702028 ], [ -73.792245292191652, 40.803996364314877 ], [ -73.793389822867255, 40.804204330036271 ], [ -73.795777693939954, 40.806162949029215 ], [ -73.796010375691068, 40.805921031867044 ], [ -73.796209034731959, 40.805968590461845 ], [ -73.79650268526504, 40.806104435487462 ], [ -73.79636945999799, 40.806277202766644 ], [ -73.797029455442285, 40.806345377718998 ], [ -73.797915789877422, 40.80671223002193 ], [ -73.801593931660278, 40.808986353887953 ], [ -73.802782362655179, 40.809120123399794 ], [ -73.803926734172038, 40.808527970811703 ], [ -73.804678083685047, 40.80922579878753 ], [ -73.807139878841909, 40.810661676453762 ], [ -73.808572163790188, 40.81216102727155 ], [ -73.810164771254094, 40.812987973839164 ], [ -73.810784778683413, 40.81277095135502 ], [ -73.811333186257116, 40.813014675039213 ], [ -73.811850657474437, 40.812939400040278 ], [ -73.813133817963106, 40.813331054243065 ], [ -73.813598063456453, 40.813326342085681 ], [ -73.814003190660586, 40.813551467265896 ], [ -73.814430673124292, 40.813518375715724 ], [ -73.814369384368703, 40.81293640140602 ], [ -73.814499941160079, 40.812908287604515 ], [ -73.814618608451269, 40.812966897238738 ], [ -73.81449745463847, 40.812964931466993 ], [ -73.814477271910107, 40.813518541841155 ], [ -73.815663263257861, 40.813512039743507 ], [ -73.815879190935718, 40.813767055363854 ], [ -73.816480155466792, 40.813853232381405 ], [ -73.817372016269985, 40.81357434380444 ], [ -73.817359884566244, 40.813375720037257 ], [ -73.817389420915248, 40.813570736250661 ], [ -73.817920841275736, 40.813544680100719 ], [ -73.817935463036733, 40.813297964232859 ], [ -73.817976088870239, 40.81329902414641 ], [ -73.81804229161196, 40.813532967856311 ], [ -73.819816384549583, 40.813179933155936 ], [ -73.820107593403051, 40.81286406966543 ], [ -73.820392072801241, 40.812844014509828 ], [ -73.820555215173201, 40.813017655076919 ], [ -73.820244361220574, 40.812430677574028 ], [ -73.821065120709562, 40.812203591964881 ], [ -73.820323555158893, 40.812439652194939 ], [ -73.820420879505988, 40.812638072505237 ], [ -73.821129698049162, 40.812449756866862 ], [ -73.820441796241454, 40.812657577836241 ], [ -73.820587091438568, 40.813019447110712 ], [ -73.821412534398988, 40.812872952478045 ], [ -73.821422599152569, 40.8127015873064 ], [ -73.821517185709141, 40.812847321235452 ], [ -73.821695305499048, 40.812664834272482 ], [ -73.821755990674973, 40.812768536024237 ], [ -73.822282908257463, 40.812661499787616 ], [ -73.822171452187419, 40.812354005276468 ], [ -73.822308635601317, 40.812658215078592 ], [ -73.823394680204885, 40.812355885495499 ], [ -73.823474335503491, 40.812191373779129 ], [ -73.82425634238227, 40.812110434210879 ], [ -73.825057821628988, 40.811829917886755 ], [ -73.824809053599978, 40.811439281600002 ], [ -73.825076591717988, 40.811823313387485 ], [ -73.825243504678369, 40.811761340240089 ], [ -73.824879389380826, 40.811272983828225 ], [ -73.825266643180854, 40.811752347898533 ], [ -73.825490753185676, 40.811659330423417 ], [ -73.825231374333129, 40.811209789296306 ], [ -73.82551303817354, 40.811649133409396 ], [ -73.82565070298233, 40.811592290413522 ], [ -73.825357668595487, 40.811027643923751 ], [ -73.825672290847962, 40.811584743730393 ], [ -73.825499793493776, 40.811027859126327 ], [ -73.825812557189124, 40.81153370452035 ], [ -73.825927149846578, 40.811486501396679 ], [ -73.825767241528013, 40.81121591023328 ], [ -73.825956410999368, 40.811474448435121 ], [ -73.826307847575734, 40.811284121706414 ], [ -73.828413972057035, 40.814875147708719 ], [ -73.823172374414582, 40.816679613163068 ], [ -73.825368296673787, 40.820211814063761 ], [ -73.826716615100452, 40.821818575682315 ], [ -73.828329216048814, 40.821040391912618 ], [ -73.829459208013247, 40.822377110501201 ], [ -73.824644280455232, 40.824763851295423 ], [ -73.831102267903987, 40.826824454841621 ], [ -73.831316526708804, 40.82671878814687 ], [ -73.835335506848736, 40.828192442733922 ], [ -73.836832204408395, 40.82844144171947 ], [ -73.83701656804422, 40.829053409690573 ], [ -73.842292373890587, 40.82869980753307 ], [ -73.842330774771568, 40.829073962956308 ], [ -73.842230136481135, 40.829830691248944 ], [ -73.841886437744449, 40.830713176534495 ], [ -73.839180951993043, 40.833156118752527 ], [ -73.838881646998473, 40.833601154233598 ], [ -73.838814383326394, 40.83395811930351 ], [ -73.839263103192621, 40.837204885477625 ], [ -73.839192552355897, 40.838713628560384 ], [ -73.839589537655769, 40.838798486328287 ], [ -73.839720144492404, 40.839565406487814 ], [ -73.839567003330529, 40.840547227887441 ], [ -73.83936794316827, 40.840882973482735 ], [ -73.838390562250737, 40.840676814134227 ], [ -73.837621243015946, 40.840283566825562 ], [ -73.837670016171899, 40.841121907655612 ], [ -73.836826397649631, 40.843462446765926 ], [ -73.832940764916458, 40.843519160470365 ], [ -73.830431863580927, 40.843857983630087 ], [ -73.826113007111559, 40.845338693771332 ], [ -73.82624132976035, 40.84299359414544 ] ] ] } },
{ "type": "Feature", "properties": { "NTA2020": "BX1003" }, "geometry": { "type": "MultiPolygon", "coordinates": [ [ [ [ -73.788333498345324, 40.834667129759389 ], [ -73.789312236066237, 40.834464886553477 ], [ -73.78951019872315, 40.835364042525747 ], [ -73.788457000152135, 40.835309914315417 ], [ -73.788333498345324, 40.834667129759389 ] ] ], [ [ [ -73.815633781106897, 40.848183122394239 ], [ -73.815866660299605, 40.84808851853996 ], [ -73.815897325106775, 40.847823605190349 ], [ -73.815604513919894, 40.84765868316213 ], [ -73.815974499278795, 40.847652422096736 ], [ -73.816128629934823, 40.847388856119842 ], [ -73.816026851150468, 40.846400458267475 ], [ -73.81571903834562, 40.846293443498851 ], [ -73.815458676154719, 40.846603028771568 ], [ -73.814627277887396, 40.847142794760948 ], [ -73.814645946975475, 40.847219613528978 ], [ -73.81451106769596, 40.847106078026776 ], [ -73.815703531894542, 40.846291340423797 ], [ -73.814922657393097, 40.846483488692265 ], [ -73.813686347381989, 40.847274325509076 ], [ -73.813563728616714, 40.847151411278531 ], [ -73.814908582031933, 40.846468764879077 ], [ -73.814656957934346, 40.846205545301409 ], [ -73.814423525798261, 40.846187825072455 ], [ -73.815085938559065, 40.845595002916035 ], [ -73.815026276043014, 40.845499995058454 ], [ -73.814205731291068, 40.846010180888392 ], [ -73.813990421323993, 40.845826919193819 ], [ -73.813188650725024, 40.846229536475214 ], [ -73.814031982193811, 40.845589297867939 ], [ -73.813685890935119, 40.845659062254796 ], [ -73.813942791289165, 40.845511589111254 ], [ -73.81372892648767, 40.845485068172266 ], [ -73.813842588693447, 40.845399390439169 ], [ -73.813632582327045, 40.845280769031376 ], [ -73.813359055850242, 40.84584549933107 ], [ -73.813289326928768, 40.845951022731647 ], [ -73.813212952442512, 40.84592293984187 ], [ -73.813618582670472, 40.845275042388543 ], [ -73.813259977246943, 40.845233990458219 ], [ -73.812849399585232, 40.846318799498299 ], [ -73.812724576767664, 40.846286619947136 ], [ -73.813243263510643, 40.845235907850025 ], [ -73.813100506392075, 40.845172414685038 ], [ -73.812877035974282, 40.845134668448473 ], [ -73.813155970442551, 40.84521210037633 ], [ -73.812855369576383, 40.845186285461416 ], [ -73.812414453281335, 40.846559380748801 ], [ -73.812277909005047, 40.846543458279243 ], [ -73.812841435515367, 40.845180170174871 ], [ -73.812613787872934, 40.845109507865914 ], [ -73.812857743379553, 40.845129544589135 ], [ -73.812544578156135, 40.844979598008329 ], [ -73.812035016296562, 40.846532605401485 ], [ -73.81188458844791, 40.846594967061257 ], [ -73.812436250606751, 40.846737712075601 ], [ -73.811699718236596, 40.846681700813676 ], [ -73.812661413490531, 40.844207649500831 ], [ -73.812783953039926, 40.844228348196054 ], [ -73.812712423017189, 40.844466536296473 ], [ -73.812821219379273, 40.844259615546939 ], [ -73.812761235298183, 40.844473304438083 ], [ -73.812991203050899, 40.844522507055551 ], [ -73.81270337280489, 40.844485312432418 ], [ -73.812648893366699, 40.844659467667327 ], [ -73.813117950237086, 40.844787603067118 ], [ -73.812640958098825, 40.844681662260328 ], [ -73.812549091207089, 40.844952275146099 ], [ -73.813678487530012, 40.845056980515793 ], [ -73.81416729043147, 40.844780906032021 ], [ -73.813699792878126, 40.844848456863424 ], [ -73.814183345924263, 40.844682199083451 ], [ -73.813465970945487, 40.84426318843186 ], [ -73.813360270946845, 40.843893821912026 ], [ -73.813479565981794, 40.843651119551296 ], [ -73.814999550397843, 40.843504452641888 ], [ -73.815215408651582, 40.844078199571996 ], [ -73.815672926134553, 40.844428775759042 ], [ -73.816305719238699, 40.844399210430325 ], [ -73.816262147977483, 40.844184844743104 ], [ -73.816435837546237, 40.844064906747683 ], [ -73.816993520713879, 40.844089021194023 ], [ -73.817088517986534, 40.844264512496373 ], [ -73.81750072974441, 40.844367444910347 ], [ -73.818237227462021, 40.844355041712674 ], [ -73.818190890506102, 40.844113148000048 ], [ -73.817689945192384, 40.844268495550047 ], [ -73.817187041796132, 40.843915964417597 ], [ -73.816626773250945, 40.843944898560274 ], [ -73.816202178527746, 40.843073323130746 ], [ -73.815723001320023, 40.842536565986954 ], [ -73.815171136648729, 40.842577161623865 ], [ -73.815702078464128, 40.842519721689619 ], [ -73.815415038964133, 40.842391327783439 ], [ -73.815584921633317, 40.841841264603559 ], [ -73.815262633976772, 40.841259839423053 ], [ -73.814733458175397, 40.841375728310894 ], [ -73.815220261793243, 40.841202676499691 ], [ -73.815234048872455, 40.841009641496534 ], [ -73.815053991094416, 40.840538085896576 ], [ -73.814904770861133, 40.84055936014461 ], [ -73.815049126282062, 40.840517619551306 ], [ -73.814806466961485, 40.839804366886433 ], [ -73.814365965024919, 40.839865363764986 ], [ -73.814796978807465, 40.839787957406919 ], [ -73.814723196844824, 40.839588886600062 ], [ -73.814315787999462, 40.839649527012021 ], [ -73.814309001336881, 40.839622416379278 ], [ -73.814719990837105, 40.839571879092034 ], [ -73.814782777402755, 40.839076487957655 ], [ -73.815919032765578, 40.838612210959617 ], [ -73.816283781133322, 40.838230828584635 ], [ -73.816478902911498, 40.837661159370896 ], [ -73.81606068234538, 40.836030196959506 ], [ -73.823793832346581, 40.834300146960352 ], [ -73.824633464908629, 40.833855808217244 ], [ -73.825158838689532, 40.834614471597014 ], [ -73.826012526369041, 40.834020778206344 ], [ -73.826220878047408, 40.834354708293304 ], [ -73.825603503616463, 40.835030147717006 ], [ -73.825404825812782, 40.835659274740074 ], [ -73.825849859606294, 40.837060867103062 ], [ -73.825986868952782, 40.840675752386652 ], [ -73.82624132976035, 40.84299359414544 ], [ -73.825179990047687, 40.842700059478204 ], [ -73.824956976631441, 40.846105444802028 ], [ -73.820484056172688, 40.848501026132787 ], [ -73.820140436806483, 40.848020598551699 ], [ -73.816301192183715, 40.848572172404602 ], [ -73.815141919185223, 40.849080613237632 ], [ -73.815633781106897, 40.848183122394239 ] ] ], [ [ [ -73.832940764916458, 40.843519160470365 ], [ -73.836826397649631, 40.843462446765926 ], [ -73.836153629804187, 40.846131175564679 ], [ -73.835559001324881, 40.851964013948212 ], [ -73.834639702160018, 40.853817993761027 ], [ -73.833905740792758, 40.854467780242757 ], [ -73.832281488638344, 40.855177449609108 ], [ -73.831291577055111, 40.855434105351897 ], [ -73.828601971651935, 40.855717848097299 ], [ -73.827217512100987, 40.853250513801484 ], [ -73.827378357662553, 40.852817959669359 ], [ -73.827131333253263, 40.851871081526987 ], [ -73.827855354698386, 40.849738686472975 ], [ -73.827999945364951, 40.848632351048693 ], [ -73.826450149408601, 40.846263395826462 ], [ -73.826113007111559, 40.845338693771332 ], [ -73.830431863580927, 40.843857983630087 ], [ -73.832940764916458, 40.843519160470365 ] ] ], [ [ [ -73.789222029618813, 40.858742515531354 ], [ -73.788766519965876, 40.85840216757849 ], [ -73.788784028545805, 40.857420690336561 ], [ -73.788043429758005, 40.857559917687169 ], [ -73.788028307018294, 40.857514681283746 ], [ -73.788778985440217, 40.857400925199691 ], [ -73.788710476880269, 40.857047033213625 ], [ -73.788896549571902, 40.85657338670984 ], [ -73.788536877353238, 40.856158504288004 ], [ -73.788359432223658, 40.855626489148293 ], [ -73.788415111841317, 40.855187637607052 ], [ -73.788553657248116, 40.855148736114273 ], [ -73.788294136466661, 40.854822651390116 ], [ -73.788477326533624, 40.854400520532209 ], [ -73.788347006836318, 40.854153518949822 ], [ -73.787562828152176, 40.854375848893305 ], [ -73.787347531464235, 40.854385885459507 ], [ -73.788345147840971, 40.854132012350156 ], [ -73.787314500662433, 40.854211942725705 ], [ -73.786907347026968, 40.854063972299208 ], [ -73.787928217073144, 40.853737797389179 ], [ -73.788000649496666, 40.853524636328054 ], [ -73.785881865064908, 40.851788672943449 ], [ -73.785292107190273, 40.851620649973547 ], [ -73.784131891679849, 40.851832806157269 ], [ -73.784314151660126, 40.851767545706934 ], [ -73.783871153581472, 40.851558961670079 ], [ -73.783961124883092, 40.851486933922999 ], [ -73.783381586103943, 40.851586733914374 ], [ -73.78360210541598, 40.851319519782699 ], [ -73.784600776976077, 40.851095692195223 ], [ -73.784454632885527, 40.850772873854517 ], [ -73.783841193079951, 40.850692899498334 ], [ -73.784065808373342, 40.850625233236435 ], [ -73.784012880418416, 40.850475289853073 ], [ -73.784257858262009, 40.850253180642369 ], [ -73.784200471343866, 40.850060644240628 ], [ -73.783534978085783, 40.849220967922875 ], [ -73.78317944898275, 40.849222360949526 ], [ -73.78303535537907, 40.84907190812789 ], [ -73.78244952709214, 40.849341154015718 ], [ -73.782218064743049, 40.849166804596159 ], [ -73.782094563045021, 40.84924730000975 ], [ -73.78215814152054, 40.849116173923889 ], [ -73.781574923799994, 40.849430631845379 ], [ -73.781544490884343, 40.849400435145903 ], [ -73.782141086978484, 40.849100662667702 ], [ -73.781615940690727, 40.848896204611144 ], [ -73.781613675352048, 40.848772386349935 ], [ -73.78150620325313, 40.848842528179127 ], [ -73.781574404406385, 40.848731808212413 ], [ -73.781432495222887, 40.848800005813331 ], [ -73.78149386587495, 40.848580475825806 ], [ -73.782674670788808, 40.84813967244402 ], [ -73.780978209389559, 40.848458347913578 ], [ -73.781306275173847, 40.848347686472657 ], [ -73.781106977754916, 40.848294757693999 ], [ -73.782637403978939, 40.848072649245829 ], [ -73.782504086335393, 40.847913273763261 ], [ -73.781584180815486, 40.8480370520398 ], [ -73.781484319505623, 40.847882193848662 ], [ -73.781429203479178, 40.847456345357266 ], [ -73.782078484501113, 40.847130807905373 ], [ -73.782233642027876, 40.846853372678325 ], [ -73.782163934355808, 40.846636337780858 ], [ -73.780636684111627, 40.846923334752439 ], [ -73.780676937040738, 40.847061485793525 ], [ -73.780462415984658, 40.847100233289602 ], [ -73.780403269585946, 40.846931134166098 ], [ -73.781060439728506, 40.846802552356927 ], [ -73.781151825785685, 40.846246304627122 ], [ -73.781106757608015, 40.84674699714121 ], [ -73.781687869378487, 40.84663887521193 ], [ -73.781742889032557, 40.846412290115936 ], [ -73.781714946227609, 40.846657474214723 ], [ -73.781093018851891, 40.846798491587421 ], [ -73.782156673968316, 40.846607578113698 ], [ -73.782513451168597, 40.846408771551211 ], [ -73.782357028105153, 40.84598158833267 ], [ -73.782579328656922, 40.845935893027779 ], [ -73.782495972589544, 40.845661561949065 ], [ -73.783094420486535, 40.845518285564722 ], [ -73.783146442273704, 40.845309942026049 ], [ -73.783074558306609, 40.845509764291918 ], [ -73.782424871555151, 40.84567633666704 ], [ -73.781816461043121, 40.845764978051015 ], [ -73.783050749408005, 40.845496823175893 ], [ -73.783060231265836, 40.845085708567055 ], [ -73.78181535900454, 40.845480582880349 ], [ -73.781887076726733, 40.845333885649396 ], [ -73.783074574466852, 40.8450563687339 ], [ -73.783152455057433, 40.845295983327823 ], [ -73.783222076139282, 40.845063444658216 ], [ -73.78297579244331, 40.844680948020418 ], [ -73.783365361353461, 40.84444472298172 ], [ -73.783060409518356, 40.844372064395451 ], [ -73.783011298293857, 40.844172690849831 ], [ -73.783269871388399, 40.84406939209164 ], [ -73.783094947061215, 40.843866094402273 ], [ -73.783484287488179, 40.843678545998479 ], [ -73.78290650949765, 40.843936125840138 ], [ -73.780527360485465, 40.844525140338206 ], [ -73.779927037444381, 40.84388308135587 ], [ -73.780533027143946, 40.844453022265242 ], [ -73.78039623282011, 40.843966408179796 ], [ -73.780584647288833, 40.844434572698248 ], [ -73.781062613642987, 40.84432831787673 ], [ -73.780876901987114, 40.843862220487836 ], [ -73.781089777978536, 40.844320127077644 ], [ -73.781546025233354, 40.844215889747716 ], [ -73.781376740983688, 40.843704486540069 ], [ -73.781575903026976, 40.844207703470474 ], [ -73.782007705366752, 40.84410960066969 ], [ -73.781833065993609, 40.84357551830491 ], [ -73.782037575862645, 40.844103474973501 ], [ -73.782436798954606, 40.844009431099892 ], [ -73.78224871668732, 40.843436168417519 ], [ -73.782469397062428, 40.843999187835081 ], [ -73.782822439713897, 40.843919481199492 ], [ -73.782572107239389, 40.843294581943297 ], [ -73.782784986356603, 40.843754545480941 ], [ -73.783091861123793, 40.843685054811246 ], [ -73.782873882431886, 40.843124102362374 ], [ -73.78313252568671, 40.843697496731778 ], [ -73.782806615065596, 40.843779316122053 ], [ -73.782841516176845, 40.843894787201947 ], [ -73.783474812492543, 40.843654738109763 ], [ -73.783191945186374, 40.842867864486465 ], [ -73.783045398154471, 40.842896332066722 ], [ -73.78321038850865, 40.843479338866516 ], [ -73.782910986787385, 40.842922355508172 ], [ -73.783139259686777, 40.842822319490075 ], [ -73.782917470851189, 40.84280644567913 ], [ -73.783123830203238, 40.842736202993692 ], [ -73.782887783014857, 40.842494828849645 ], [ -73.782733193767768, 40.842521705498513 ], [ -73.782815845260572, 40.842764522596674 ], [ -73.78270669982571, 40.842532475810351 ], [ -73.782299412709179, 40.842605896413367 ], [ -73.782444524045943, 40.843042034416754 ], [ -73.782266828747382, 40.842612018228266 ], [ -73.781800483624494, 40.842696145793688 ], [ -73.781933065936713, 40.843228088076465 ], [ -73.781771969277315, 40.842702273491994 ], [ -73.78124656634499, 40.842797107289478 ], [ -73.781427851886022, 40.84337087377898 ], [ -73.781216011192896, 40.84280477739572 ], [ -73.780674299250222, 40.842907304537711 ], [ -73.780829036813032, 40.843507297145706 ], [ -73.780643759933099, 40.842910337620886 ], [ -73.780295525319048, 40.842973045396569 ], [ -73.780227738726808, 40.843778181297751 ], [ -73.780226624182461, 40.842883268432921 ], [ -73.782864993049188, 40.842478101882747 ], [ -73.780597358224298, 40.842786600443596 ], [ -73.782368559535044, 40.84242849314969 ], [ -73.782151661393911, 40.842355228613926 ], [ -73.782311109105478, 40.842224178957203 ], [ -73.78162055021923, 40.842329494888048 ], [ -73.782306433177638, 40.842211115810031 ], [ -73.782332572158921, 40.841922844111409 ], [ -73.781440031078489, 40.842142133493432 ], [ -73.782323512859506, 40.841898330454619 ], [ -73.782037525339447, 40.841841916715055 ], [ -73.782263453262431, 40.841778115982464 ], [ -73.782015934356068, 40.841793189025189 ], [ -73.782166244189625, 40.841689144110127 ], [ -73.781299281155697, 40.84179444162362 ], [ -73.781338685713934, 40.841996218986779 ], [ -73.781248635025051, 40.841877807985355 ], [ -73.781132901012668, 40.841910626053618 ], [ -73.781197722388939, 40.842042029373026 ], [ -73.780979356609137, 40.84195293533557 ], [ -73.781023544248484, 40.842092994914168 ], [ -73.780846439969466, 40.841989198625811 ], [ -73.780887174486566, 40.842134467058649 ], [ -73.780696328021335, 40.842032383000685 ], [ -73.780720988304395, 40.842191532305804 ], [ -73.780655082842529, 40.842041868866325 ], [ -73.78056292706853, 40.842214705706226 ], [ -73.780348051582251, 40.842109098224483 ], [ -73.780425771815317, 40.842494394206881 ], [ -73.780298639761583, 40.842511540467321 ], [ -73.780195999552873, 40.842046210976186 ], [ -73.781850481977827, 40.841653946394317 ], [ -73.781660512136114, 40.841124175085639 ], [ -73.780842238023112, 40.841276324028151 ], [ -73.780892206101498, 40.841553084198281 ], [ -73.78079752923459, 40.841256146048416 ], [ -73.7816485529559, 40.841097763528843 ], [ -73.781391435687851, 40.841036610120746 ], [ -73.781610696515287, 40.840996240025724 ], [ -73.781374881949532, 40.840978871005078 ], [ -73.781593969372551, 40.840939796748074 ], [ -73.781418050718884, 40.840714755716206 ], [ -73.781542960605393, 40.840386661604477 ], [ -73.781491720069354, 40.840206224525261 ], [ -73.781253618345715, 40.840255500438872 ], [ -73.781488780892531, 40.840197323922084 ], [ -73.781362672453156, 40.839730189816322 ], [ -73.781179478024015, 40.839745862255825 ], [ -73.781359320106745, 40.839711708215802 ], [ -73.781341251457675, 40.839478563442931 ], [ -73.78113875725964, 40.839494278801752 ], [ -73.781339888494173, 40.839469699830289 ], [ -73.781567809835096, 40.838537405736339 ], [ -73.782004209890431, 40.83801557230715 ], [ -73.781884557202815, 40.837650276604791 ], [ -73.7823814255608, 40.837324106167401 ], [ -73.782727607386619, 40.837487959848872 ], [ -73.782906291908787, 40.837320006072765 ], [ -73.782703645836506, 40.836842801965581 ], [ -73.782681314355912, 40.836483677153581 ], [ -73.782822601397385, 40.836338155887923 ], [ -73.783029218627348, 40.836345852344785 ], [ -73.783381680593365, 40.836909271680682 ], [ -73.784101645913125, 40.836725529357992 ], [ -73.784484561400149, 40.837024222538567 ], [ -73.784980603280943, 40.836746426080587 ], [ -73.785082266427807, 40.836881907710534 ], [ -73.784503339653625, 40.837057765171146 ], [ -73.784850092226648, 40.837470489178536 ], [ -73.785125821754832, 40.837446041569443 ], [ -73.785639978454526, 40.837064434585365 ], [ -73.785830679641236, 40.837209980004559 ], [ -73.785652795723209, 40.83713210472601 ], [ -73.785165844286638, 40.837471334061803 ], [ -73.785277129484214, 40.837756718086965 ], [ -73.785577968509486, 40.837927113225383 ], [ -73.78553011511525, 40.838798277338412 ], [ -73.785735092986897, 40.839234231775848 ], [ -73.786525984964271, 40.839723115607008 ], [ -73.787407587460109, 40.839677623196927 ], [ -73.787639312190095, 40.840531895236694 ], [ -73.7873572424446, 40.840590771776661 ], [ -73.787491664125952, 40.840842341674048 ], [ -73.788181321445634, 40.840711080501393 ], [ -73.78815921166516, 40.84049077856708 ], [ -73.788254532834571, 40.840745863118514 ], [ -73.787523797335353, 40.840879612687758 ], [ -73.787786567951017, 40.840892222012798 ], [ -73.78786404049697, 40.841081725834925 ], [ -73.787612377825923, 40.841198005295865 ], [ -73.787844874993183, 40.841471479835853 ], [ -73.788366174749811, 40.841504610514001 ], [ -73.788020035503621, 40.841783841458792 ], [ -73.788293588438634, 40.841785373136695 ], [ -73.788055990707889, 40.841867030177589 ], [ -73.788384566136742, 40.842381978370639 ], [ -73.788838648951483, 40.842350395961212 ], [ -73.788527808673749, 40.842425576894804 ], [ -73.789058255013657, 40.843235331770067 ], [ -73.7896166032845, 40.843112654365015 ], [ -73.789924249244194, 40.843224154240723 ], [ -73.789930933880925, 40.843042264866256 ], [ -73.789999753090385, 40.843307817243634 ], [ -73.789861838582809, 40.843250954146725 ], [ -73.789889536038388, 40.843380934467312 ], [ -73.789734693267647, 40.843413247478729 ], [ -73.78989919889905, 40.843417146659064 ], [ -73.789804495020419, 40.843586656282419 ], [ -73.789337087257152, 40.843681498055567 ], [ -73.789471822140939, 40.844292978352087 ], [ -73.790665890010231, 40.845741558834426 ], [ -73.79098858375896, 40.845652832062527 ], [ -73.790697853648581, 40.845786012550874 ], [ -73.790973333106777, 40.846357311525004 ], [ -73.791490765135592, 40.846251004965289 ], [ -73.791127592466509, 40.846357590949559 ], [ -73.791181287853448, 40.8465556759298 ], [ -73.791413791144407, 40.846547847032866 ], [ -73.791324519471402, 40.846608732499206 ], [ -73.791480347256851, 40.846802052713741 ], [ -73.791793436254551, 40.846731672329327 ], [ -73.791367098584516, 40.846887642685843 ], [ -73.791486374168016, 40.846958803762853 ], [ -73.791440496881719, 40.847306043986165 ], [ -73.791772327008516, 40.847228253279113 ], [ -73.791919978100893, 40.847258218030753 ], [ -73.791429627564995, 40.8473599891744 ], [ -73.79154104882268, 40.847538017298248 ], [ -73.791267085672061, 40.847601867856682 ], [ -73.791329759700531, 40.848057923064303 ], [ -73.791617654314507, 40.848052924407853 ], [ -73.791335880632332, 40.848086238652456 ], [ -73.791111954078829, 40.848808127034197 ], [ -73.790919717279039, 40.84886687301583 ], [ -73.791013623388324, 40.848985210219418 ], [ -73.790887102072134, 40.848886563799127 ], [ -73.789757110706105, 40.849531469287662 ], [ -73.789858369521923, 40.849972559361895 ], [ -73.790947768576345, 40.849739179643841 ], [ -73.790988771248038, 40.8498283490296 ], [ -73.789866303138112, 40.849989390200619 ], [ -73.790017587890077, 40.850316331962532 ], [ -73.790357669817297, 40.850142334615967 ], [ -73.79040506054308, 40.85027276271402 ], [ -73.789891865858323, 40.850464180789331 ], [ -73.790070931707533, 40.850932020106811 ], [ -73.7902476483752, 40.850903510522841 ], [ -73.790086400219096, 40.850984473853515 ], [ -73.790268245072681, 40.850961088073845 ], [ -73.790090943857507, 40.850994764402898 ], [ -73.790124391718322, 40.851189912194585 ], [ -73.789513715161689, 40.851300771713163 ], [ -73.78956272464201, 40.851487336822117 ], [ -73.789785107026503, 40.851462293880751 ], [ -73.78966571913854, 40.851338643327438 ], [ -73.790057814269247, 40.851414530211109 ], [ -73.790017970535416, 40.851259470959533 ], [ -73.790089615699927, 40.851407163589833 ], [ -73.790345187979483, 40.851366793055021 ], [ -73.79033709518076, 40.851220143851094 ], [ -73.790379436533058, 40.851358503724015 ], [ -73.790824541989721, 40.851289706318433 ], [ -73.790817653529558, 40.851148627155844 ], [ -73.790987179842986, 40.85126401529908 ], [ -73.790890184356684, 40.851403977940315 ], [ -73.789664903445185, 40.85150038213213 ], [ -73.789725737120818, 40.851692670564987 ], [ -73.790892179300741, 40.851546903548929 ], [ -73.790195886672848, 40.851752904562943 ], [ -73.790463705280999, 40.85176700615402 ], [ -73.790083969041177, 40.85203452738223 ], [ -73.790155092610107, 40.852251285235837 ], [ -73.790160951500241, 40.852040235928371 ], [ -73.790274042357851, 40.852223271092555 ], [ -73.790532124206806, 40.852163415147757 ], [ -73.790452003361011, 40.851989720950314 ], [ -73.790574934103063, 40.852153284134381 ], [ -73.790806105877678, 40.852099875967781 ], [ -73.790743094993672, 40.851926212494405 ], [ -73.790560925243284, 40.851944443891412 ], [ -73.790794633548444, 40.851861341385785 ], [ -73.790853807177214, 40.852088824968412 ], [ -73.791111961505763, 40.852005767311091 ], [ -73.791010971184562, 40.851860805252933 ], [ -73.791173667311213, 40.851816553269465 ], [ -73.791187707645491, 40.852016112506739 ], [ -73.791462933388758, 40.851945149696711 ], [ -73.791320451175096, 40.851779696094184 ], [ -73.791517386779489, 40.851729935890923 ], [ -73.791495968142186, 40.851934072421344 ], [ -73.791769948830122, 40.851870530951331 ], [ -73.791727501887394, 40.851764653959201 ], [ -73.79249450978071, 40.851550725092736 ], [ -73.791767806059497, 40.851774007706084 ], [ -73.792057314578898, 40.851825573262403 ], [ -73.790170071263006, 40.852280661153422 ], [ -73.791137951709317, 40.852055852573685 ], [ -73.791334567532573, 40.852166067673622 ], [ -73.791226533851187, 40.852258010503228 ], [ -73.79136187979897, 40.852225977533934 ], [ -73.791236559717788, 40.852280289886551 ], [ -73.793182840758561, 40.851808571871324 ], [ -73.793118371838375, 40.851578295240841 ], [ -73.793237867876343, 40.85193117467449 ], [ -73.793128940739209, 40.851848072675928 ], [ -73.791245567837677, 40.852304681410757 ], [ -73.791380526955237, 40.852602038304781 ], [ -73.793409876311642, 40.852021883730409 ], [ -73.793507628319134, 40.852264043924862 ], [ -73.793424006690444, 40.852136302527612 ], [ -73.791391064686735, 40.85262807498593 ], [ -73.791446400277877, 40.852771571924194 ], [ -73.790420537801708, 40.853022978212536 ], [ -73.790498793628927, 40.853188722016057 ], [ -73.791005867402177, 40.853117691261971 ], [ -73.791454363037246, 40.853010847713577 ], [ -73.79143702716641, 40.852822727983522 ], [ -73.79150327251574, 40.853004748959684 ], [ -73.791702238960909, 40.852958085945644 ], [ -73.791655544362442, 40.852777338226538 ], [ -73.791729955246225, 40.852954423490161 ], [ -73.791963183111477, 40.852895448228765 ], [ -73.791916499462175, 40.852710988138462 ], [ -73.79198928164567, 40.852888070298043 ], [ -73.792224130637337, 40.852831572094317 ], [ -73.792175808378019, 40.852649584321625 ], [ -73.792251860974034, 40.852822960884779 ], [ -73.792486698814912, 40.852770173952216 ], [ -73.792436754733544, 40.852585708206057 ], [ -73.792509540480552, 40.852761552714419 ], [ -73.792830838848943, 40.8526804607679 ], [ -73.792815119669285, 40.852494819308909 ], [ -73.79290086687061, 40.852695435982334 ], [ -73.790807587299284, 40.853199060064306 ], [ -73.790862019868413, 40.853319781103529 ], [ -73.79111431429385, 40.853264451924716 ], [ -73.791265731658783, 40.853706864233196 ], [ -73.79252408728911, 40.85340992070492 ], [ -73.792409310369308, 40.853053336114762 ], [ -73.792555983925809, 40.853401178540807 ], [ -73.792979283110469, 40.853302944909458 ], [ -73.792876100485884, 40.852944181328482 ], [ -73.793039911702664, 40.853371249285217 ], [ -73.791273681281282, 40.853732207881691 ], [ -73.79105721254831, 40.85391841242668 ], [ -73.792458168448107, 40.853600708754954 ], [ -73.791070027659529, 40.853944956664641 ], [ -73.792537146048673, 40.853849327812924 ], [ -73.792567589446335, 40.854016434943105 ], [ -73.791793668094158, 40.854004829900397 ], [ -73.791918117363863, 40.85422235474293 ], [ -73.791338117915771, 40.854439011538346 ], [ -73.791292821606476, 40.854584025976855 ], [ -73.792076756675542, 40.855645167707138 ], [ -73.792503066854508, 40.855788666137052 ], [ -73.792487911573716, 40.855946993209798 ], [ -73.79211616948507, 40.856012615291668 ], [ -73.792017122285273, 40.856176948606297 ], [ -73.792568141259864, 40.856256118770006 ], [ -73.792010500090555, 40.856225127718453 ], [ -73.791937002797482, 40.856405157922154 ], [ -73.792088148199653, 40.856477642009409 ], [ -73.791901833402562, 40.856546911368056 ], [ -73.793094921523718, 40.856686441404136 ], [ -73.793030783612295, 40.856813917951591 ], [ -73.791894229588848, 40.85656888932963 ], [ -73.791828455068796, 40.856668143394664 ], [ -73.791961805914127, 40.856716856585194 ], [ -73.791792645352828, 40.856719852819175 ], [ -73.791929557142723, 40.856769001668475 ], [ -73.791785028176804, 40.856730857945152 ], [ -73.791707042573648, 40.856851842855065 ], [ -73.791860325529569, 40.856792803532031 ], [ -73.791735464765566, 40.85686642952826 ], [ -73.792202659502536, 40.857146000410367 ], [ -73.792427941306471, 40.85692854203424 ], [ -73.792221891863861, 40.857152298424722 ], [ -73.792827132379827, 40.857435789917929 ], [ -73.793012643830011, 40.857003026043216 ], [ -73.792884038888985, 40.857479202493671 ], [ -73.791859787152148, 40.857004107259449 ], [ -73.792683385754842, 40.857420393592726 ], [ -73.79260923020631, 40.857507704502304 ], [ -73.792112667836292, 40.857166931870381 ], [ -73.791894519130921, 40.857437121865296 ], [ -73.792465160652924, 40.857715331784078 ], [ -73.792569704405992, 40.857639625362317 ], [ -73.792395217232823, 40.857845547752198 ], [ -73.792443364035577, 40.857736741971884 ], [ -73.791742540823591, 40.857393950004166 ], [ -73.791872819639451, 40.857427183076759 ], [ -73.792093325040952, 40.857157989947197 ], [ -73.791843032173986, 40.857028702011377 ], [ -73.791603934613121, 40.857375312992495 ], [ -73.791293788521529, 40.857263238698117 ], [ -73.790942022603716, 40.857552748188844 ], [ -73.791636645879663, 40.857882812570935 ], [ -73.79178529423254, 40.857775425855593 ], [ -73.791436959081111, 40.858154685123097 ], [ -73.791618660758274, 40.857901342048109 ], [ -73.790932228005914, 40.857567787973139 ], [ -73.790235927387627, 40.858154084811254 ], [ -73.790061335632444, 40.858459548561271 ], [ -73.790201229757471, 40.858601589710489 ], [ -73.790045998377536, 40.858475404912127 ], [ -73.789222029618813, 40.858742515531354 ] ] ], [ [ [ -73.78457451654576, 40.860531997758351 ], [ -73.784369606939052, 40.859850203980464 ], [ -73.784713976572775, 40.859136078507362 ], [ -73.785140170417435, 40.858792612478105 ], [ -73.786075404885295, 40.859274602883382 ], [ -73.786608079707449, 40.859036142035741 ], [ -73.786542752863852, 40.858857329211148 ], [ -73.786693930874222, 40.858686064556991 ], [ -73.787275043794537, 40.85885463651929 ], [ -73.787733722734686, 40.858770991578112 ], [ -73.787156909852698, 40.85956570370768 ], [ -73.787001304846143, 40.860224388411559 ], [ -73.78457451654576, 40.860531997758351 ] ] ] ] } },
{ "type": "Feature", "properties": { "NTA2020": "BX1004" }, "geometry": { "type": "Polygon", "coordinates": [ [ [ -73.820239583941927, 40.885491051850728 ], [ -73.820054455793695, 40.882114129068583 ], [ -73.823295994304672, 40.873097418179341 ], [ -73.821265437595557, 40.869074543490939 ], [ -73.815787640660815, 40.865758061438711 ], [ -73.816997602664316, 40.864459031143099 ], [ -73.816844959081166, 40.864306793302141 ], [ -73.81992161818944, 40.861775373389577 ], [ -73.821856394225492, 40.86092194982259 ], [ -73.827217694733434, 40.859206577042379 ], [ -73.827499336224548, 40.859951227938524 ], [ -73.828020700585455, 40.860641539707537 ], [ -73.829547310914975, 40.862164087767141 ], [ -73.83369344359194, 40.870450888081756 ], [ -73.834458540284871, 40.872361504205358 ], [ -73.834802178989065, 40.873724509593181 ], [ -73.834892484853142, 40.875070936885251 ], [ -73.834693787415432, 40.876543948482038 ], [ -73.833769108819553, 40.878720128787691 ], [ -73.832459830160886, 40.880207138105945 ], [ -73.83144486841563, 40.881106608300328 ], [ -73.829861033392092, 40.882174937716812 ], [ -73.826063086642804, 40.884152836215229 ], [ -73.826611591296142, 40.884649244870559 ], [ -73.822058173193327, 40.88610821868776 ], [ -73.821185638632301, 40.885942828151734 ], [ -73.820818802239842, 40.885343317439542 ], [ -73.820239583941927, 40.885491051850728 ] ] ] } },
{ "type": "Feature", "properties": { "NTA2020": "BX1071" }, "geometry": { "type": "MultiPolygon", "coordinates": [ [ [ [ -73.780689452912611, 40.854928807935885 ], [ -73.781010027256755, 40.854876250190465 ], [ -73.781229552420498, 40.855111230755824 ], [ -73.781233226365316, 40.855398668146641 ], [ -73.780869947069533, 40.855531699899942 ], [ -73.780631074852167, 40.855258970662582 ], [ -73.780689452912611, 40.854928807935885 ] ] ], [ [ [ -73.782852131004006, 40.855485805307701 ], [ -73.782597115919131, 40.854822560971492 ], [ -73.783858619120267, 40.85483156741558 ], [ -73.783556667390201, 40.85507431055246 ], [ -73.78330379042221, 40.855848582320213 ], [ -73.782852131004006, 40.855485805307701 ] ] ], [ [ [ -73.767832056371674, 40.85444220574206 ], [ -73.76855660327054, 40.853238322959442 ], [ -73.769044389871283, 40.853290924693624 ], [ -73.769385291396986, 40.852536133996828 ], [ -73.768608176871012, 40.850788395378125 ], [ -73.769596743114704, 40.847594519098237 ], [ -73.76950321562758, 40.847217834235188 ], [ -73.767894926728275, 40.845289433017086 ], [ -73.769013891811241, 40.845097342721886 ], [ -73.771183780105758, 40.846944513312131 ], [ -73.771572188332428, 40.847500058580394 ], [ -73.770889202211762, 40.849751771338035 ], [ -73.772049636684542, 40.851618289757425 ], [ -73.772711174961444, 40.851826580933732 ], [ -73.772465941264954, 40.85183368450231 ], [ -73.772460522954333, 40.852059542173699 ], [ -73.772963566112878, 40.852159253958611 ], [ -73.77264837746921, 40.852224402629552 ], [ -73.772890757313021, 40.852398268998257 ], [ -73.772459401631949, 40.852106266579618 ], [ -73.772451494154836, 40.852435896893546 ], [ -73.771730604119099, 40.852476831319137 ], [ -73.771717159365451, 40.853004539281862 ], [ -73.772296805313829, 40.853086378252385 ], [ -73.772349174550001, 40.853851420234115 ], [ -73.77296285334873, 40.853800062246506 ], [ -73.772958175170444, 40.854137432923409 ], [ -73.772795977219516, 40.854131758701897 ], [ -73.772694480260554, 40.853906639013388 ], [ -73.772332722197376, 40.853900844675245 ], [ -73.772140368418178, 40.854412712600613 ], [ -73.772181529251483, 40.858868346783503 ], [ -73.772354327106541, 40.859673161980581 ], [ -73.772192230554225, 40.859986638596986 ], [ -73.770845623603975, 40.860101013359341 ], [ -73.769473054240137, 40.859330136668603 ], [ -73.768362772907892, 40.858358288851889 ], [ -73.768360859189798, 40.857655363203371 ], [ -73.7653324399529, 40.855043595124911 ], [ -73.767832056371674, 40.85444220574206 ] ] ] ] } },
{ "type": "Feature", "properties": { "NTA2020": "BX1091" }, "geometry": { "type": "Polygon", "coordinates": [ [ [ -73.826307847575734, 40.811284121706414 ], [ -73.827833511269375, 40.811458956379553 ], [ -73.829163970364732, 40.811265116655022 ], [ -73.830334585987217, 40.81074709205307 ], [ -73.83150276347726, 40.80971656369627 ], [ -73.831838687411604, 40.809261884569977 ], [ -73.832209109328488, 40.807836430544221 ], [ -73.832053289315695, 40.80720110108637 ], [ -73.831618229531401, 40.806645780055433 ], [ -73.831649331273283, 40.806159998524492 ], [ -73.831395487357526, 40.805170708059762 ], [ -73.831615744554497, 40.804938255993285 ], [ -73.834058922019125, 40.805110654368086 ], [ -73.836912256533594, 40.805929093724515 ], [ -73.837436120598639, 40.806202642679672 ], [ -73.838046959710226, 40.807011321051185 ], [ -73.838186996614141, 40.808056754711501 ], [ -73.840259528962591, 40.811443036782784 ], [ -73.84043199606981, 40.812541128740435 ], [ -73.84026867680393, 40.813280475023873 ], [ -73.839629017358348, 40.814009718052802 ], [ -73.839537667355842, 40.815819182725697 ], [ -73.839743559437593, 40.816406071502847 ], [ -73.836960702706691, 40.816340540534782 ], [ -73.836396387246211, 40.818891366653368 ], [ -73.836436747801997, 40.817815868859398 ], [ -73.836042475706648, 40.817782611595923 ], [ -73.83599894987762, 40.823602942958729 ], [ -73.836832204408395, 40.82844144171947 ], [ -73.835335506848736, 40.828192442733922 ], [ -73.831316526708804, 40.82671878814687 ], [ -73.831102267903987, 40.826824454841621 ], [ -73.824644280455232, 40.824763851295423 ], [ -73.829459208013247, 40.822377110501201 ], [ -73.828329216048814, 40.821040391912618 ], [ -73.826716615100452, 40.821818575682315 ], [ -73.825368296673787, 40.820211814063761 ], [ -73.823172374414582, 40.816679613163068 ], [ -73.828413972057035, 40.814875147708719 ], [ -73.826307847575734, 40.811284121706414 ] ] ] } },
{ "type": "Feature", "properties": { "NTA2020": "BX1101" }, "geometry": { "type": "Polygon", "coordinates": [ [ [ -73.861790694411411, 40.857982903862101 ], [ -73.862119538967534, 40.850806176448032 ], [ -73.863039381393108, 40.850611307233102 ], [ -73.86250923753488, 40.848362281172243 ], [ -73.861192409073084, 40.848603468112408 ], [ -73.86038660557, 40.848235571531376 ], [ -73.858653673348655, 40.845286390113046 ], [ -73.857381114214462, 40.84371626616921 ], [ -73.853335250082239, 40.842470155155659 ], [ -73.863472323790674, 40.841305932707257 ], [ -73.867248188894479, 40.840343804370313 ], [ -73.869207668160328, 40.839600046711105 ], [ -73.873597136338276, 40.839798555936007 ], [ -73.870995181335019, 40.843111392044499 ], [ -73.868042003918404, 40.844813839306944 ], [ -73.86863721744794, 40.845309843267835 ], [ -73.868661938199224, 40.846260153941969 ], [ -73.868926527594084, 40.846881740610506 ], [ -73.86835465962794, 40.847080233387167 ], [ -73.867859929937637, 40.848864931890915 ], [ -73.869209446360514, 40.849238372873245 ], [ -73.868250777405791, 40.850959586731989 ], [ -73.868547555144062, 40.851785611555805 ], [ -73.868469067971802, 40.85197065525027 ], [ -73.869859604210149, 40.855576728142466 ], [ -73.869888422205662, 40.855971068154737 ], [ -73.868188305587339, 40.85806383431089 ], [ -73.868020292147463, 40.857830595406639 ], [ -73.861790694411411, 40.857982903862101 ] ] ] } },
{ "type": "Feature", "properties": { "NTA2020": "BX1102" }, "geometry": { "type": "Polygon", "coordinates": [ [ [ -73.836819185270613, 40.857276809597273 ], [ -73.836912127592541, 40.857008107637917 ], [ -73.836675572647053, 40.856652663481064 ], [ -73.835239623378314, 40.856493234883622 ], [ -73.8384320699423, 40.855468867734643 ], [ -73.840501922862416, 40.854186986912516 ], [ -73.841491632939579, 40.853194286309275 ], [ -73.844940537306996, 40.848218220851322 ], [ -73.84504985945226, 40.849191585551949 ], [ -73.844885764907289, 40.850202725465827 ], [ -73.845346569288282, 40.849449488454177 ], [ -73.845370269648043, 40.848712628556136 ], [ -73.845783505614165, 40.847966357829605 ], [ -73.846570528411007, 40.847067481811912 ], [ -73.847884920413463, 40.845988980526165 ], [ -73.846234800715138, 40.844490217805088 ], [ -73.848063453941606, 40.843067998652081 ], [ -73.853335250082239, 40.842470155155659 ], [ -73.857381114214462, 40.84371626616921 ], [ -73.858653673348655, 40.845286390113046 ], [ -73.86038660557, 40.848235571531376 ], [ -73.861192409073084, 40.848603468112408 ], [ -73.86250923753488, 40.848362281172243 ], [ -73.863039381393108, 40.850611307233102 ], [ -73.862119538967534, 40.850806176448032 ], [ -73.861790694411411, 40.857982903862101 ], [ -73.856636641031244, 40.858115293956473 ], [ -73.849308934719744, 40.858717502858774 ], [ -73.847397470412261, 40.858682545856873 ], [ -73.843295532167915, 40.858290375630013 ], [ -73.836819185270613, 40.857276809597273 ] ] ] } },
{ "type": "Feature", "properties": { "NTA2020": "BX1103" }, "geometry": { "type": "Polygon", "coordinates": [ [ [ -73.856512923876267, 40.874217793159417 ], [ -73.848596760026837, 40.871670785135521 ], [ -73.835784367237679, 40.865016012000588 ], [ -73.831596200319424, 40.862644704424419 ], [ -73.829547310914975, 40.862164087767141 ], [ -73.828407589096471, 40.860948301199969 ], [ -73.829874886717235, 40.859740420127494 ], [ -73.836819185270613, 40.857276809597273 ], [ -73.843295532167915, 40.858290375630013 ], [ -73.847397470412261, 40.858682545856873 ], [ -73.849308934719744, 40.858717502858774 ], [ -73.856636641031244, 40.858115293956473 ], [ -73.857313106345856, 40.859454500573847 ], [ -73.857710283668354, 40.862278230997191 ], [ -73.858909567244723, 40.864636926125144 ], [ -73.85961281249196, 40.865512718615804 ], [ -73.858672981626, 40.865494957714773 ], [ -73.858487317007501, 40.871284060119578 ], [ -73.856613825165198, 40.871250167485535 ], [ -73.856512923876267, 40.874217793159417 ] ] ] } },
{ "type": "Feature", "properties": { "NTA2020": "BX1104" }, "geometry": { "type": "Polygon", "coordinates": [ [ [ -73.858487317007501, 40.871284060119578 ], [ -73.858672981626, 40.865494957714773 ], [ -73.85961281249196, 40.865512718615804 ], [ -73.858909567244723, 40.864636926125144 ], [ -73.857710283668354, 40.862278230997191 ], [ -73.857313106345856, 40.859454500573847 ], [ -73.856636641031244, 40.858115293956473 ], [ -73.867587524687679, 40.857830089651927 ], [ -73.86807772417572, 40.857846842846797 ], [ -73.868188305587339, 40.85806383431089 ], [ -73.86841539695935, 40.857780358143707 ], [ -73.86954868104695, 40.857726029679853 ], [ -73.871049450022994, 40.857304837660422 ], [ -73.870405317060644, 40.863966949339954 ], [ -73.870537386523964, 40.869674031412991 ], [ -73.864326165599053, 40.869656323717692 ], [ -73.864266044563379, 40.871389650236942 ], [ -73.858487317007501, 40.871284060119578 ] ] ] } },
{ "type": "Feature", "properties": { "NTA2020": "BX1161" }, "geometry": { "type": "Polygon", "coordinates": [ [ [ -73.831291577055111, 40.855434105351897 ], [ -73.83262464742576, 40.855056966781746 ], [ -73.83408232110321, 40.854362640867812 ], [ -73.834639702160018, 40.853817993761027 ], [ -73.835335890122579, 40.852554698289332 ], [ -73.835559001324881, 40.851964013948212 ], [ -73.836199071831032, 40.845827395720384 ], [ -73.836826397649631, 40.843462446765926 ], [ -73.837670016171899, 40.841121907655612 ], [ -73.837621243015946, 40.840283566825562 ], [ -73.838390562250737, 40.840676814134227 ], [ -73.83936794316827, 40.840882973482735 ], [ -73.841363093362602, 40.840589688880485 ], [ -73.842018280161255, 40.840658278209347 ], [ -73.841461019712412, 40.840956095619759 ], [ -73.843276558603833, 40.843541805945129 ], [ -73.844910342553277, 40.845427460748958 ], [ -73.844605222659553, 40.846253697620924 ], [ -73.844940537306996, 40.848218220851322 ], [ -73.841491632939579, 40.853194286309275 ], [ -73.840501922862416, 40.854186986912516 ], [ -73.839100786208789, 40.855142030031367 ], [ -73.83772116778978, 40.85573956287076 ], [ -73.835239623378314, 40.856493234883622 ], [ -73.836675572647053, 40.856652663481064 ], [ -73.836912127592541, 40.857008107637917 ], [ -73.836819185270613, 40.857276809597273 ], [ -73.829874886717235, 40.859740420127494 ], [ -73.828553526918341, 40.86075450706673 ], [ -73.83121095818079, 40.857498023349976 ], [ -73.832851112270689, 40.856089151620623 ], [ -73.832321003701011, 40.855736017470079 ], [ -73.831291577055111, 40.855434105351897 ] ] ] } },
{ "type": "Feature", "properties": { "NTA2020": "BX1201" }, "geometry": { "type": "Polygon", "coordinates": [ [ [ -73.847443968846406, 40.886978531167237 ], [ -73.85248305833818, 40.879463705041104 ], [ -73.852070117202231, 40.87929765708563 ], [ -73.850918960835486, 40.877893440635113 ], [ -73.85254854097191, 40.877091586764394 ], [ -73.851722361364466, 40.876843370663117 ], [ -73.850689556652881, 40.875486678386018 ], [ -73.8536363872702, 40.87330059920896 ], [ -73.856512923876267, 40.874217793159417 ], [ -73.856613825165198, 40.871250167485535 ], [ -73.864266044563379, 40.871389650236942 ], [ -73.864326165599053, 40.869656323717692 ], [ -73.870537386523964, 40.869674031412991 ], [ -73.870315083995592, 40.875617522732973 ], [ -73.869361487288117, 40.878111745821428 ], [ -73.870944146818573, 40.878509695413307 ], [ -73.8701531853105, 40.880350827057256 ], [ -73.870835677740359, 40.880454114278464 ], [ -73.870017317419922, 40.882344472565066 ], [ -73.869211050536123, 40.883324652080077 ], [ -73.868766325831984, 40.884223859499187 ], [ -73.867004654662821, 40.889073882153561 ], [ -73.863685278161043, 40.894324597520132 ], [ -73.863559157554221, 40.895377016702398 ], [ -73.861359278642993, 40.894662319355518 ], [ -73.862739721881042, 40.891838892825511 ], [ -73.847443968846406, 40.886978531167237 ] ] ] } },
{ "type": "Feature", "properties": { "NTA2020": "BX1202" }, "geometry": { "type": "Polygon", "coordinates": [ [ [ -73.793228708821573, 40.882822595407113 ], [ -73.80520113603194, 40.885999956350965 ], [ -73.806473243286717, 40.885774371849415 ], [ -73.807902171450351, 40.88578046028546 ], [ -73.812768868600017, 40.886683973782013 ], [ -73.814416702395903, 40.88672206890643 ], [ -73.815996920595708, 40.886557405971004 ], [ -73.820818802239671, 40.885343317439585 ], [ -73.821185638632187, 40.885942828151734 ], [ -73.822058173193383, 40.88610821868776 ], [ -73.826611591296142, 40.884649244870602 ], [ -73.826063086642762, 40.884152836215229 ], [ -73.829861033392092, 40.882174937716812 ], [ -73.83144486841563, 40.881106608300378 ], [ -73.832459830160829, 40.88020713810598 ], [ -73.833769108819553, 40.878720128787691 ], [ -73.834451706997811, 40.877274141717962 ], [ -73.834840984244096, 40.875792926459525 ], [ -73.834802178989065, 40.873724509593217 ], [ -73.834337210810432, 40.87202702303297 ], [ -73.832644034516846, 40.868236956296847 ], [ -73.829547310914904, 40.862164087767141 ], [ -73.831596200319254, 40.862644704424454 ], [ -73.835784367237679, 40.865016012000588 ], [ -73.848596760026794, 40.871670785135521 ], [ -73.853636387270086, 40.87330059920896 ], [ -73.850689556652881, 40.875486678386018 ], [ -73.851722361364423, 40.87684337066316 ], [ -73.852548540971853, 40.877091586764436 ], [ -73.850918960835429, 40.877893440635113 ], [ -73.852070117202189, 40.87929765708563 ], [ -73.852483058338066, 40.879463705041125 ], [ -73.847443968846477, 40.886978531167237 ], [ -73.845905685461474, 40.889741369883382 ], [ -73.850690840812163, 40.891302771625476 ], [ -73.838042772859311, 40.894142331387833 ], [ -73.823668481205374, 40.889903740797926 ], [ -73.822523776667467, 40.889428824419227 ], [ -73.822405932285065, 40.889612434723745 ], [ -73.822552901109063, 40.889806405150821 ], [ -73.823134612438707, 40.889766397131403 ], [ -73.823374431023993, 40.889921762435748 ], [ -73.823294653812198, 40.890392310757655 ], [ -73.823477416762316, 40.890642945882163 ], [ -73.823370039960821, 40.890967295878362 ], [ -73.822853350726845, 40.891206829096241 ], [ -73.818277381001479, 40.889847131031047 ], [ -73.794055173960956, 40.883699966781066 ], [ -73.793006526491865, 40.883358737382991 ], [ -73.793228708821573, 40.882822595407113 ] ] ] } },
{ "type": "Feature", "properties": { "NTA2020": "BX1203" }, "geometry": { "type": "Polygon", "coordinates": [ [ [ -73.851071161839428, 40.910371519719391 ], [ -73.853475223335934, 40.90753029352588 ], [ -73.850920593628331, 40.906616494489583 ], [ -73.85017317485854, 40.907507865650551 ], [ -73.847080329142585, 40.906156733032923 ], [ -73.844818869848964, 40.905529950177261 ], [ -73.844892649091378, 40.90419086729878 ], [ -73.841386893046604, 40.904172741534012 ], [ -73.840778588795828, 40.901627856691491 ], [ -73.839182855059562, 40.89924987722339 ], [ -73.839239498753415, 40.898742188371934 ], [ -73.839664332117167, 40.897885515608294 ], [ -73.839648127467655, 40.897330535339769 ], [ -73.838391991235156, 40.894067008048118 ], [ -73.850690840812263, 40.891302771625476 ], [ -73.845905685461588, 40.889741369883382 ], [ -73.847443968846406, 40.886978531167237 ], [ -73.862739721881042, 40.891838892825511 ], [ -73.861359278642993, 40.894662319355518 ], [ -73.864016376742256, 40.895523047446673 ], [ -73.870486726423067, 40.896640211013825 ], [ -73.874806181811394, 40.895725687639647 ], [ -73.87711974105801, 40.895468663643577 ], [ -73.876437430651123, 40.896870592957136 ], [ -73.875219796958689, 40.898147764882388 ], [ -73.873929643348106, 40.898957367393862 ], [ -73.871443529433222, 40.899994712770557 ], [ -73.869961536577421, 40.900833734957899 ], [ -73.868476856697086, 40.902072434259033 ], [ -73.867897985624978, 40.902940176904558 ], [ -73.859467787006608, 40.900517209769482 ], [ -73.859076922748073, 40.901007993099881 ], [ -73.859419840914299, 40.901393124509958 ], [ -73.859376965251585, 40.901565217661783 ], [ -73.859027041521173, 40.901444910256082 ], [ -73.85886401316354, 40.901711695049599 ], [ -73.859463899581186, 40.901933877633624 ], [ -73.859578829481535, 40.902440843273993 ], [ -73.859264324756438, 40.902669479895771 ], [ -73.858728247671138, 40.902288971072011 ], [ -73.858160000048542, 40.902305710202747 ], [ -73.858164602994592, 40.902595861061528 ], [ -73.857969322621273, 40.902850907686876 ], [ -73.857559676576471, 40.902917795958651 ], [ -73.857110904799725, 40.903649532695972 ], [ -73.857171763025534, 40.904082065436306 ], [ -73.856991573467496, 40.90458420956579 ], [ -73.857434576182428, 40.904841543700471 ], [ -73.85717766075966, 40.905286541661496 ], [ -73.856654368226643, 40.905055000782362 ], [ -73.85601023389269, 40.905305983626931 ], [ -73.856011608393445, 40.905482083440724 ], [ -73.85650251694365, 40.905563848795794 ], [ -73.856923981800776, 40.905974170111072 ], [ -73.856810136385377, 40.906155828326028 ], [ -73.855804637959466, 40.906264364126542 ], [ -73.855526977390781, 40.906380251459176 ], [ -73.85513792083087, 40.906866889141035 ], [ -73.85423776686882, 40.907032868254404 ], [ -73.853741036307596, 40.9077879167356 ], [ -73.853833609995874, 40.907974349819646 ], [ -73.854710782734159, 40.908006309942174 ], [ -73.854911096736316, 40.908354869834234 ], [ -73.854589405219983, 40.908939499297517 ], [ -73.853600617202829, 40.909606741450823 ], [ -73.852956184214321, 40.910353044179253 ], [ -73.852584747504096, 40.910310617064127 ], [ -73.852660358921014, 40.910015193660783 ], [ -73.852274516164869, 40.909854099643226 ], [ -73.851492424363471, 40.910271640498841 ], [ -73.851447539689374, 40.910449671705386 ], [ -73.851071161839428, 40.910371519719391 ] ] ] } },
{ "type": "Feature", "properties": { "NTA2020": "BX1271" }, "geometry": { "type": "Polygon", "coordinates": [ [ [ -73.870835677740402, 40.880454114278514 ], [ -73.874945897554838, 40.879947669295348 ], [ -73.874792407318978, 40.880075128890439 ], [ -73.874702554902811, 40.881553823555954 ], [ -73.878125752277896, 40.882153684974533 ], [ -73.877728177277191, 40.883454195085257 ], [ -73.877606766124003, 40.884523044123043 ], [ -73.87783125904194, 40.886772760181465 ], [ -73.878035624264797, 40.887118321756198 ], [ -73.878188916827654, 40.888049181049425 ], [ -73.880359396836553, 40.892552269420008 ], [ -73.880402279162908, 40.893277454353203 ], [ -73.880042131253035, 40.895222284587284 ], [ -73.874806181811394, 40.89572568763969 ], [ -73.870486726423067, 40.896640211013825 ], [ -73.864916324773546, 40.895749495366275 ], [ -73.863559157553198, 40.895377017205035 ], [ -73.8636852781611, 40.894324597520132 ], [ -73.867004654662821, 40.889073882153596 ], [ -73.868766325831871, 40.88422385949923 ], [ -73.869211050536052, 40.883324652080077 ], [ -73.870017317419922, 40.882344472565109 ], [ -73.870835677740402, 40.880454114278514 ] ] ] } },
{ "type": "Feature", "properties": { "NTA2020": "BX2691" }, "geometry": { "type": "Polygon", "coordinates": [ [ [ -73.867897985624978, 40.902940176904558 ], [ -73.868476856697086, 40.902072434259033 ], [ -73.869961536577421, 40.900833734957899 ], [ -73.871443529433222, 40.899994712770557 ], [ -73.873929643348106, 40.898957367393862 ], [ -73.875219796958689, 40.898147764882388 ], [ -73.876437430651123, 40.896870592957136 ], [ -73.87711974105801, 40.895468663643577 ], [ -73.880042131253148, 40.895222284587234 ], [ -73.880402279162865, 40.893277454353189 ], [ -73.880359396836539, 40.892552269420008 ], [ -73.879189418922692, 40.89030703199991 ], [ -73.878004800459834, 40.88733717540439 ], [ -73.878149445682027, 40.886873807866671 ], [ -73.881244225415543, 40.882709633005597 ], [ -73.882748332946548, 40.88339738680105 ], [ -73.883683368565244, 40.883157615331456 ], [ -73.884216964431815, 40.883197728058498 ], [ -73.886834866747009, 40.884342026065369 ], [ -73.887586126087527, 40.884255620165597 ], [ -73.899904254799424, 40.886559723084964 ], [ -73.896757900749378, 40.892645443571737 ], [ -73.896431707170763, 40.893655279926847 ], [ -73.897157171654328, 40.899371826677253 ], [ -73.896357859714925, 40.903200131583823 ], [ -73.896633338632356, 40.911417375348883 ], [ -73.867897985624978, 40.902940176904558 ] ] ] } },
{ "type": "Feature", "properties": { "NTA2020": "BX2791" }, "geometry": { "type": "Polygon", "coordinates": [ [ [ -73.870537386523964, 40.869674031412991 ], [ -73.870405317060644, 40.863966949339954 ], [ -73.871082625789811, 40.857377040135951 ], [ -73.870889838986429, 40.857272817811378 ], [ -73.86954868104695, 40.857726029679853 ], [ -73.86841539695935, 40.857780358143707 ], [ -73.869888422205662, 40.855971068154737 ], [ -73.869904215686631, 40.855773292693755 ], [ -73.868469067971802, 40.85197065525027 ], [ -73.868547555144062, 40.851785611555805 ], [ -73.868250777405791, 40.850959586731989 ], [ -73.869523629516948, 40.848686977587846 ], [ -73.869562590804946, 40.848018713239313 ], [ -73.868892432746065, 40.848112322125743 ], [ -73.86942321371609, 40.847512345182864 ], [ -73.869874311013874, 40.846617457417956 ], [ -73.870355386643297, 40.846623815688595 ], [ -73.870539663888692, 40.846257574321356 ], [ -73.870955529303473, 40.845976232858781 ], [ -73.871168874715337, 40.844778117716274 ], [ -73.87185298768577, 40.844504169534801 ], [ -73.872110017377807, 40.843700098340705 ], [ -73.873111496600686, 40.843250651715188 ], [ -73.874014690516546, 40.842537677316173 ], [ -73.87459175436959, 40.841520647539404 ], [ -73.878175468924013, 40.842617696546924 ], [ -73.877339072382398, 40.843991755057971 ], [ -73.882844455085419, 40.84781722695358 ], [ -73.88311982569914, 40.848221092379937 ], [ -73.880730428198163, 40.85667660541359 ], [ -73.881006789592476, 40.858268023159617 ], [ -73.880505480889596, 40.860477561199566 ], [ -73.880839006069408, 40.861237776164714 ], [ -73.882007941383705, 40.86204685336228 ], [ -73.883793711028048, 40.864171571731887 ], [ -73.883969222675475, 40.864817741303078 ], [ -73.88367321255312, 40.865425283236938 ], [ -73.882676247333052, 40.866089141481098 ], [ -73.883093824383437, 40.866602185024398 ], [ -73.876192574839891, 40.870476956700386 ], [ -73.875188500963958, 40.871575756811403 ], [ -73.872552509003341, 40.875175183325936 ], [ -73.870944146818573, 40.878509695413307 ], [ -73.869361487288117, 40.878111745821428 ], [ -73.870315083995592, 40.875617522732973 ], [ -73.870537386523964, 40.869674031412991 ] ] ] } },
{ "type": "Feature", "properties": { "NTA2020": "BX2891" }, "geometry": { "type": "MultiPolygon", "coordinates": [ [ [ [ -73.802222953552629, 40.841634813144132 ], [ -73.802638111563013, 40.841081152764545 ], [ -73.805294959106661, 40.841134924850238 ], [ -73.806946086417454, 40.841462446683799 ], [ -73.806808013723909, 40.842489139987542 ], [ -73.80393073307259, 40.84259407305251 ], [ -73.803675600265265, 40.842258492916045 ], [ -73.802222953552629, 40.841634813144132 ] ] ], [ [ [ -73.773336345906216, 40.860853860361004 ], [ -73.773262199587521, 40.860630611649675 ], [ -73.77339678514295, 40.860739484680003 ], [ -73.773336345906216, 40.860853860361004 ] ] ], [ [ [ -73.775137826681259, 40.86118467534822 ], [ -73.775301916041769, 40.861244293880503 ], [ -73.775273402324913, 40.861446670925474 ], [ -73.775138627333291, 40.861594281140661 ], [ -73.774931889675671, 40.861552302361503 ], [ -73.775137826681259, 40.86118467534822 ] ] ], [ [ [ -73.774601563509336, 40.862069047459762 ], [ -73.774633836772182, 40.8618168905831 ], [ -73.774849056694492, 40.861810388904388 ], [ -73.774856816247478, 40.861983634334358 ], [ -73.774601563509336, 40.862069047459762 ] ] ], [ [ [ -73.783280535060968, 40.862780706209968 ], [ -73.782927835983031, 40.862789613991893 ], [ -73.782881978311849, 40.862406433091316 ], [ -73.783145042881415, 40.862068678905644 ], [ -73.783235056875725, 40.862332198832583 ], [ -73.783120687704255, 40.862618063613112 ], [ -73.783280535060968, 40.862780706209968 ] ] ], [ [ [ -73.784286505000694, 40.86320508878056 ], [ -73.78354105299664, 40.863095506324868 ], [ -73.783801173436729, 40.862966574524492 ], [ -73.7836724235964, 40.862832869685569 ], [ -73.7837677034899, 40.862610608464387 ], [ -73.784033147603608, 40.862481686111117 ], [ -73.784691658507072, 40.862542789908233 ], [ -73.784516382116692, 40.862955779211731 ], [ -73.784167023638261, 40.863087579747997 ], [ -73.784286505000694, 40.86320508878056 ] ] ], [ [ [ -73.769635446224342, 40.865542561079749 ], [ -73.769940769301385, 40.865523409999241 ], [ -73.769447747667968, 40.865761350905998 ], [ -73.769635446224342, 40.865542561079749 ] ] ], [ [ [ -73.766680989442477, 40.867320683637416 ], [ -73.767228459215417, 40.866928667891123 ], [ -73.767123805843937, 40.867238188474012 ], [ -73.766680989442477, 40.867320683637416 ] ] ], [ [ [ -73.770848645309457, 40.871627763474358 ], [ -73.772235647215382, 40.871563993068101 ], [ -73.77263488154172, 40.871880208766989 ], [ -73.771158067847068, 40.871804980470394 ], [ -73.770848645309457, 40.871627763474358 ] ] ], [ [ [ -73.774544369199432, 40.874286311037991 ], [ -73.775049805639171, 40.873937718510739 ], [ -73.775136900285673, 40.874554446442453 ], [ -73.77467379743139, 40.874790557411259 ], [ -73.774544369199432, 40.874286311037991 ] ] ], [ [ [ -73.781928137028274, 40.875404605868567 ], [ -73.782035278000734, 40.874976350738166 ], [ -73.78213787496459, 40.875029086787457 ], [ -73.782126990633714, 40.874531222559845 ], [ -73.78259880880718, 40.874687397180494 ], [ -73.782440649831301, 40.875212326631733 ], [ -73.78213695926496, 40.875161514171324 ], [ -73.781928137028274, 40.875404605868567 ] ] ], [ [ [ -73.782200803798489, 40.876434202682212 ], [ -73.781668638575056, 40.876423681810365 ], [ -73.781719552690845, 40.876188758342991 ], [ -73.782067879638916, 40.876237942924767 ], [ -73.782200803798489, 40.876434202682212 ] ] ], [ [ [ -73.781205813794088, 40.876590078347668 ], [ -73.781422428812377, 40.875766339403988 ], [ -73.7815135709195, 40.876046023436956 ], [ -73.781364155928117, 40.87619577289292 ], [ -73.781395519373149, 40.87653905698275 ], [ -73.781205813794088, 40.876590078347668 ] ] ], [ [ [ -73.783528314395753, 40.877240867158349 ], [ -73.783417307821509, 40.877176104680849 ], [ -73.783560207953357, 40.876822150596006 ], [ -73.78384032438835, 40.876519766758378 ], [ -73.784004939470535, 40.876864365719186 ], [ -73.783638740124189, 40.877484395060819 ], [ -73.78344706652797, 40.877412860674198 ], [ -73.783528314395753, 40.877240867158349 ] ] ], [ [ [ -73.785426708166369, 40.880041244103261 ], [ -73.785012182898868, 40.879788015934054 ], [ -73.785675491073732, 40.879852036772284 ], [ -73.785426708166369, 40.880041244103261 ] ] ], [ [ [ -73.78483587809562, 40.880558274471653 ], [ -73.784512260572782, 40.880659209090872 ], [ -73.784265213106352, 40.880357075088021 ], [ -73.783822418234465, 40.880424429262099 ], [ -73.783701557787538, 40.87993192593823 ], [ -73.784066400873385, 40.879713414751905 ], [ -73.784121851731484, 40.88003754494104 ], [ -73.784328504332592, 40.880199944686382 ], [ -73.784692853914734, 40.880133913442087 ], [ -73.78479888799167, 40.88034854070451 ], [ -73.785091133701115, 40.880264784652645 ], [ -73.78534770673653, 40.880522577518896 ], [ -73.784957734702402, 40.880745811767959 ], [ -73.78483587809562, 40.880558274471653 ] ] ], [ [ [ -73.807902171450408, 40.88578046028546 ], [ -73.806473243286717, 40.885774371849415 ], [ -73.805201136031982, 40.885999956350965 ], [ -73.793228708821573, 40.882822595407113 ], [ -73.793587419298518, 40.882517523883273 ], [ -73.793792374904456, 40.881970326764971 ], [ -73.79491705586517, 40.880543791487476 ], [ -73.795545799088686, 40.880691015374921 ], [ -73.795025962328452, 40.879747797211749 ], [ -73.79625097535785, 40.87701199977856 ], [ -73.797127011746724, 40.876190400903937 ], [ -73.797438154572859, 40.875135332953178 ], [ -73.798553307877199, 40.874401428274517 ], [ -73.798912454636181, 40.874645893142905 ], [ -73.799813895803382, 40.874159849716264 ], [ -73.799877137935695, 40.873484667292608 ], [ -73.800476634374462, 40.872542776760241 ], [ -73.800805155649016, 40.871494061246366 ], [ -73.801785174043673, 40.871067849338417 ], [ -73.802091850746208, 40.870846798230318 ], [ -73.802212728692751, 40.870505278634432 ], [ -73.80211679577981, 40.870375095505651 ], [ -73.802672987672352, 40.870154470441392 ], [ -73.802759076035855, 40.86970074110625 ], [ -73.802604776235086, 40.86934309462886 ], [ -73.80297847593468, 40.868743329761749 ], [ -73.803350439892185, 40.868976874760435 ], [ -73.803617174520269, 40.868779100026572 ], [ -73.80392527661256, 40.869027410198733 ], [ -73.804071752678439, 40.868739846253398 ], [ -73.804479366939049, 40.868711974576378 ], [ -73.804551414729161, 40.868919743275896 ], [ -73.804992283107268, 40.869145297219497 ], [ -73.805944286590773, 40.868929802828916 ], [ -73.805991018073797, 40.869131212408234 ], [ -73.805656929401465, 40.869319931436777 ], [ -73.805659672613913, 40.869489552542653 ], [ -73.806434898516414, 40.87022401625115 ], [ -73.807111966837141, 40.870525351649029 ], [ -73.807105219932211, 40.870687354609437 ], [ -73.807857968042526, 40.870869683793039 ], [ -73.807863488384498, 40.871131774023887 ], [ -73.807964296057847, 40.87100328399108 ], [ -73.808327746756135, 40.871223083339295 ], [ -73.808673067633308, 40.871199830742157 ], [ -73.808697765420902, 40.871342824439495 ], [ -73.809244234529856, 40.871224601974944 ], [ -73.808410202828512, 40.870927784022861 ], [ -73.808417125716602, 40.870703835052922 ], [ -73.808725492560129, 40.870432735986498 ], [ -73.807695822491681, 40.870450477450539 ], [ -73.807536837755919, 40.87017762024314 ], [ -73.808153763695884, 40.86956871345614 ], [ -73.808489975220596, 40.869435849196805 ], [ -73.808432689008654, 40.869275170488152 ], [ -73.808709424983732, 40.869086931354907 ], [ -73.808377625216679, 40.869214085177546 ], [ -73.807853876532917, 40.869729751649764 ], [ -73.807155899555013, 40.869713338844619 ], [ -73.806729583927122, 40.869529646302986 ], [ -73.806781292138837, 40.869017007287667 ], [ -73.806949977016728, 40.868859088328001 ], [ -73.806595843565745, 40.868894710006956 ], [ -73.806741940963448, 40.868733894032381 ], [ -73.806553627731176, 40.868733578492936 ], [ -73.806260760321067, 40.868424308195557 ], [ -73.804872661700855, 40.86823330232972 ], [ -73.804703644250253, 40.867621401111883 ], [ -73.804735698367963, 40.866655065393822 ], [ -73.80448519104678, 40.866683157535554 ], [ -73.803852807814479, 40.867166484800073 ], [ -73.803152526308963, 40.867102301324671 ], [ -73.802913870885732, 40.866978246792371 ], [ -73.803098740033278, 40.866549702569152 ], [ -73.80300695884911, 40.865749007077191 ], [ -73.802052959405557, 40.865672035130878 ], [ -73.801772600008448, 40.865876849412267 ], [ -73.801752345612329, 40.866414830243954 ], [ -73.800700651139124, 40.868140937981565 ], [ -73.799963853676587, 40.868875289345603 ], [ -73.798392801944928, 40.871614750261799 ], [ -73.797740419852659, 40.872345177450867 ], [ -73.794790446814503, 40.873200484536596 ], [ -73.793973638377224, 40.874566594568357 ], [ -73.793572108835946, 40.876121058303426 ], [ -73.793596053305109, 40.876720732725971 ], [ -73.793167037787114, 40.877055639066505 ], [ -73.794221699909329, 40.877382370466364 ], [ -73.794402945862487, 40.877641842998983 ], [ -73.79384702788164, 40.878594459790826 ], [ -73.792998802201552, 40.879146862172099 ], [ -73.793038795219005, 40.879415356562951 ], [ -73.792893895206291, 40.879577109996092 ], [ -73.792190703420374, 40.879590140879543 ], [ -73.791730954847978, 40.880051526935482 ], [ -73.790952390677575, 40.880073944962888 ], [ -73.790631245250864, 40.880378329934203 ], [ -73.790761632550883, 40.880840780464546 ], [ -73.789558729443044, 40.881261284915453 ], [ -73.789059041973175, 40.881214123478514 ], [ -73.789110960480016, 40.880680527422832 ], [ -73.789318357806067, 40.880578669589326 ], [ -73.789120206369162, 40.880080210993491 ], [ -73.789477977704905, 40.879771063640568 ], [ -73.790063328607687, 40.879594661514894 ], [ -73.789523093688004, 40.878998127060562 ], [ -73.788273134709073, 40.878873573154252 ], [ -73.786114705109512, 40.879057892150527 ], [ -73.785236244456115, 40.878619624260466 ], [ -73.78443295380626, 40.87852758944468 ], [ -73.78421715885797, 40.878281783751682 ], [ -73.784182236617085, 40.877721363003836 ], [ -73.784497308280891, 40.876914324067336 ], [ -73.784810307330062, 40.876865273018588 ], [ -73.784679507213511, 40.876060918206917 ], [ -73.785253516482584, 40.875700057448434 ], [ -73.785403728538157, 40.875337687361792 ], [ -73.785695608892084, 40.875410202907879 ], [ -73.785962276318912, 40.875138653034504 ], [ -73.78624923906213, 40.874477928430252 ], [ -73.786106406626786, 40.874353762439483 ], [ -73.786539367496502, 40.87430660924376 ], [ -73.786627345874905, 40.874073749153062 ], [ -73.786910610205368, 40.873987517464066 ], [ -73.787136855542826, 40.872760466392705 ], [ -73.786248744526091, 40.872382846772176 ], [ -73.78528234706782, 40.873555654119201 ], [ -73.785081396587742, 40.873589962723145 ], [ -73.785534569587085, 40.872544029505349 ], [ -73.785547296499246, 40.872024035416338 ], [ -73.78521974032067, 40.871634753408998 ], [ -73.784015223020049, 40.873767903719092 ], [ -73.783406739495149, 40.873717171534821 ], [ -73.783237828444413, 40.873538162187529 ], [ -73.783361160300288, 40.873256061802721 ], [ -73.78395100413789, 40.872896330018172 ], [ -73.783749837724869, 40.872499550755613 ], [ -73.783068534260309, 40.872153575922766 ], [ -73.783286141786817, 40.870698916079803 ], [ -73.784296490618303, 40.869777569139977 ], [ -73.784884594576809, 40.869514043039132 ], [ -73.785602453054537, 40.86834165222372 ], [ -73.785583130927876, 40.869172226110678 ], [ -73.785951152137798, 40.869321756940899 ], [ -73.788583393769812, 40.869171141132057 ], [ -73.78914576185376, 40.869062046148628 ], [ -73.790255943884333, 40.868492199936 ], [ -73.791531281435425, 40.86731804428242 ], [ -73.79198182966995, 40.866468904169793 ], [ -73.792230254144698, 40.865257259154376 ], [ -73.792116240966095, 40.86383012236621 ], [ -73.791462911254456, 40.862274384097397 ], [ -73.791890708109008, 40.861071221861131 ], [ -73.7935953273781, 40.860517313187827 ], [ -73.793855376582684, 40.860146098679472 ], [ -73.793719421640304, 40.859967163777419 ], [ -73.794120374031763, 40.859696268701789 ], [ -73.794121712440756, 40.859317656800698 ], [ -73.794550474736255, 40.858888267800616 ], [ -73.794874691489653, 40.858075559886103 ], [ -73.794480521628131, 40.857004496312193 ], [ -73.794273336993442, 40.856800718139326 ], [ -73.794350059342833, 40.856527023803871 ], [ -73.795588801729508, 40.856513236766688 ], [ -73.796854617597674, 40.856264358715976 ], [ -73.797516169118239, 40.855600944957452 ], [ -73.797985334808487, 40.854848932595722 ], [ -73.798249502272299, 40.854795985612206 ], [ -73.798532741270222, 40.855005332601884 ], [ -73.798722556000854, 40.854914401172636 ], [ -73.799024193924467, 40.853957267652149 ], [ -73.798642743296142, 40.853357459926059 ], [ -73.797955833104041, 40.852988330213684 ], [ -73.797805229907496, 40.851949598094514 ], [ -73.798193659969982, 40.850592560904104 ], [ -73.799320431603604, 40.849912774873978 ], [ -73.800099127048981, 40.848298413900004 ], [ -73.800403875515983, 40.848108220768637 ], [ -73.800936284498562, 40.84830329377543 ], [ -73.801467352645503, 40.848770213725409 ], [ -73.801970647571807, 40.850382676068065 ], [ -73.804175579324095, 40.853340120189166 ], [ -73.804525267244074, 40.854851864448783 ], [ -73.804284205302963, 40.855130807661318 ], [ -73.803671165450069, 40.855307395949893 ], [ -73.803523598000396, 40.855556694872476 ], [ -73.804137847564022, 40.857841760375685 ], [ -73.804205857265345, 40.858959048932554 ], [ -73.80464293882288, 40.85996820157235 ], [ -73.804605277690257, 40.861217180992718 ], [ -73.804732342819079, 40.861479640118183 ], [ -73.805321616110689, 40.861820020382574 ], [ -73.806010851064755, 40.861773064999205 ], [ -73.806245719307682, 40.861427484442473 ], [ -73.805820412157786, 40.860034611966888 ], [ -73.806556299565372, 40.859817926100121 ], [ -73.807113043544717, 40.860121081598429 ], [ -73.807414324900691, 40.860114437158799 ], [ -73.808178704471004, 40.859486716178019 ], [ -73.808667315898944, 40.860044221346342 ], [ -73.809406281022959, 40.86054795222131 ], [ -73.810455565710384, 40.861918128702982 ], [ -73.810822700924831, 40.862068991764481 ], [ -73.810850227922614, 40.862331993972077 ], [ -73.812254953308496, 40.862745768762956 ], [ -73.812935579253619, 40.863216623962181 ], [ -73.813274239442933, 40.86322083889273 ], [ -73.813727805339326, 40.863871366435262 ], [ -73.814040896806205, 40.863860395032475 ], [ -73.814008777546704, 40.864086033146805 ], [ -73.814228804778494, 40.863863398033011 ], [ -73.814125721866517, 40.86372755631384 ], [ -73.814379977474374, 40.863254398345866 ], [ -73.814595792801455, 40.863088165393641 ], [ -73.815103153841548, 40.863057465367774 ], [ -73.816413921027277, 40.861180627703895 ], [ -73.815492937079213, 40.860955286737138 ], [ -73.815263214152807, 40.861117747125022 ], [ -73.814796297573508, 40.861128956746782 ], [ -73.814852060240966, 40.860900990309915 ], [ -73.813818025867334, 40.860548279173337 ], [ -73.812731464950446, 40.858877541947777 ], [ -73.812306027084162, 40.854162026473254 ], [ -73.816408709081571, 40.854082254612173 ], [ -73.81657711471442, 40.853822426701882 ], [ -73.817148406678967, 40.852302357246906 ], [ -73.817190396261537, 40.851769893611284 ], [ -73.816915423173143, 40.851673525567143 ], [ -73.817124090422126, 40.851269573444775 ], [ -73.816858738707495, 40.850957375998739 ], [ -73.815713784945146, 40.850816204347453 ], [ -73.816035681338235, 40.850602669116341 ], [ -73.815965285500297, 40.850389525697061 ], [ -73.816194724161249, 40.850377939341016 ], [ -73.816286190942336, 40.85019457644902 ], [ -73.815652790589141, 40.849349837125786 ], [ -73.815209651322988, 40.849230762978657 ], [ -73.815141919185223, 40.849080613237632 ], [ -73.816301192183715, 40.848572172404602 ], [ -73.820140436806483, 40.848020598551699 ], [ -73.820484056172688, 40.848501026132787 ], [ -73.824956976631441, 40.846105444802028 ], [ -73.825179990047687, 40.842700059478204 ], [ -73.82624132976035, 40.84299359414544 ], [ -73.826170140705031, 40.84557398847442 ], [ -73.826578402681619, 40.846483723299229 ], [ -73.827999945364951, 40.848632351048693 ], [ -73.827855354698386, 40.849738686472975 ], [ -73.827131333253263, 40.851871081526987 ], [ -73.827378357662553, 40.852817959669359 ], [ -73.827230261263594, 40.853350756948878 ], [ -73.828601971651935, 40.855717848097299 ], [ -73.831291577055111, 40.855434105351897 ], [ -73.832321003701011, 40.855736017470079 ], [ -73.832851112270689, 40.856089151620623 ], [ -73.83121095818079, 40.857498023349976 ], [ -73.828407589096471, 40.860948301199969 ], [ -73.827499336224548, 40.859951227938524 ], [ -73.827217694733434, 40.859206577042379 ], [ -73.821566653095232, 40.861025418706745 ], [ -73.820183515753243, 40.861635516142741 ], [ -73.819155967219132, 40.862298817925371 ], [ -73.816844959081166, 40.864306793302141 ], [ -73.816997602664316, 40.864459031143099 ], [ -73.815787640660815, 40.865758061438711 ], [ -73.821265437595557, 40.869074543490939 ], [ -73.823295994304672, 40.873097418179341 ], [ -73.820054455793695, 40.882114129068583 ], [ -73.820239583941927, 40.885491051850728 ], [ -73.816237293424507, 40.886513556549836 ], [ -73.8140819927237, 40.886734020251851 ], [ -73.812401248283493, 40.886631193040202 ], [ -73.807902171450408, 40.88578046028546 ] ] ] ] } },
{ "type": "Feature", "properties": { "NTA2020": "MN0101" }, "geometry": { "type": "MultiPolygon", "coordinates": [ [ [ [ -74.000268723117571, 40.694965802577954 ], [ -74.000958684169888, 40.694069083582249 ], [ -74.00301393829082, 40.694777844479169 ], [ -74.002398025837948, 40.695711654864517 ], [ -74.000268723117571, 40.694965802577954 ] ] ], [ [ [ -73.998377606857716, 40.698063296146117 ], [ -73.998871170976557, 40.697157577295854 ], [ -74.001049030575231, 40.697908236194849 ], [ -74.000487685625174, 40.698757777634562 ], [ -73.998377606857716, 40.698063296146117 ] ] ], [ [ [ -73.997498983100002, 40.699638869321269 ], [ -73.998021027251113, 40.698761736573822 ], [ -74.000018404336203, 40.69946604807366 ], [ -73.999474638389259, 40.700322778018347 ], [ -73.997498983100002, 40.699638869321269 ] ] ], [ [ [ -73.995138268406862, 40.702974114722885 ], [ -73.996697689314274, 40.700876976917066 ], [ -73.99813879899456, 40.701518787745826 ], [ -73.996192272287331, 40.703377140864163 ], [ -73.995138268406862, 40.702974114722885 ] ] ], [ [ [ -73.995021346491768, 40.703147869246763 ], [ -73.995445643120689, 40.703275305471806 ], [ -73.995293467009333, 40.703554065898011 ], [ -73.994800382748636, 40.70329195864462 ], [ -73.995021346491768, 40.703147869246763 ] ] ], [ [ [ -73.994769341915671, 40.703952894953602 ], [ -73.994882399024348, 40.70378802583744 ], [ -73.995029259164468, 40.703808200868039 ], [ -73.994882047264085, 40.704008653895201 ], [ -73.994769341915671, 40.703952894953602 ] ] ], [ [ [ -74.012291659512485, 40.719038948198509 ], [ -74.013724151149574, 40.713678309659173 ], [ -74.008347609790192, 40.711358545553992 ], [ -74.007967877133979, 40.711447332118169 ], [ -74.008216145700459, 40.711522109856375 ], [ -74.008079456729206, 40.711720889214561 ], [ -74.007506611733703, 40.711668963635418 ], [ -74.005275618925992, 40.712249440495391 ], [ -74.00429113825507, 40.712907825695943 ], [ -74.004489246754503, 40.712546722816057 ], [ -74.004416689749135, 40.712193872272799 ], [ -73.999134349189518, 40.707982396945958 ], [ -74.001186852628294, 40.706859825771794 ], [ -74.000982766917332, 40.706416712992961 ], [ -74.001406666919536, 40.706179388020665 ], [ -74.000592402093503, 40.705410078910958 ], [ -74.001454374188469, 40.704873303432088 ], [ -74.002061425638075, 40.705417005138216 ], [ -74.002569650594666, 40.705523579523536 ], [ -74.00268512768794, 40.70544924811869 ], [ -74.001970703979467, 40.704737867984647 ], [ -74.002171849419, 40.704606596463712 ], [ -74.002430710758645, 40.704677858004374 ], [ -74.002386707406785, 40.704795663674524 ], [ -74.003323072707872, 40.705628595220091 ], [ -74.003833275322577, 40.705303243026421 ], [ -74.002628964078284, 40.704222952781464 ], [ -74.002866897814997, 40.704075225511602 ], [ -74.00405666439265, 40.705147363438961 ], [ -74.006020486210957, 40.703874900101894 ], [ -74.006141067535523, 40.703980973435463 ], [ -74.006595919138704, 40.703685901949285 ], [ -74.005304125960791, 40.702559865633077 ], [ -74.005494278050989, 40.70243138145301 ], [ -74.005535461381768, 40.702645521106874 ], [ -74.005675222498539, 40.702584072197595 ], [ -74.006785021910474, 40.703568127402718 ], [ -74.007519052837949, 40.703121819734577 ], [ -74.007697986941764, 40.702849278546829 ], [ -74.009290726006057, 40.701930071319417 ], [ -74.008699643135671, 40.701139867542253 ], [ -74.007755491506444, 40.701548002174405 ], [ -74.007591362042206, 40.701328081048146 ], [ -74.008536115107745, 40.700919695745078 ], [ -74.008349275591002, 40.700669348388253 ], [ -74.008620361638691, 40.700552163713304 ], [ -74.009584830176053, 40.701837385563266 ], [ -74.011180883035408, 40.701451392253723 ], [ -74.011107753730414, 40.701275764473678 ], [ -74.011289839055252, 40.701249982244299 ], [ -74.010799593110065, 40.700207213007005 ], [ -74.011150335568388, 40.700898400100961 ], [ -74.011358362913541, 40.700851958636363 ], [ -74.0113340941042, 40.700568353682307 ], [ -74.01150291143712, 40.700815058974236 ], [ -74.011729268174761, 40.700770118059708 ], [ -74.011631479186491, 40.700458218248144 ], [ -74.011853785495887, 40.700738921450188 ], [ -74.012086682146929, 40.700681308739206 ], [ -74.011856725569942, 40.700107103408421 ], [ -74.011961961169177, 40.700037545595478 ], [ -74.012391600322843, 40.700620528094042 ], [ -74.012593923275077, 40.700570833472462 ], [ -74.012613820873653, 40.700108265811117 ], [ -74.012908817939561, 40.700523611693534 ], [ -74.013107478473714, 40.700507452180673 ], [ -74.013011892658596, 40.699818256631268 ], [ -74.013113038263043, 40.699774165382699 ], [ -74.013273494830855, 40.700496870227802 ], [ -74.013485608327386, 40.700478222908437 ], [ -74.013532850181022, 40.70010816142328 ], [ -74.013674793148056, 40.700125821953435 ], [ -74.013530477964849, 40.700311100849092 ], [ -74.013558269594867, 40.70093987083056 ], [ -74.01433920985545, 40.701132680601717 ], [ -74.013707754960734, 40.701070278930416 ], [ -74.013979126772597, 40.701531071110075 ], [ -74.014011288841431, 40.701976124330606 ], [ -74.013811696606936, 40.702120930008213 ], [ -74.013834410716015, 40.702405701540613 ], [ -74.014429831705968, 40.703150647788938 ], [ -74.014289229489776, 40.70454907535256 ], [ -74.01565756640278, 40.704833088053093 ], [ -74.016627612497459, 40.704799431339367 ], [ -74.016637291838009, 40.704633410709832 ], [ -74.016846007018003, 40.704634886086971 ], [ -74.01713123915583, 40.704282535903467 ], [ -74.017794545202918, 40.704234897598823 ], [ -74.017791393034514, 40.703950913086217 ], [ -74.017954740486758, 40.703975786111094 ], [ -74.017844411067244, 40.704242039937938 ], [ -74.018447046709881, 40.704162354961909 ], [ -74.018658864980438, 40.704428779290105 ], [ -74.017480904833008, 40.704667260857867 ], [ -74.018113029058853, 40.704553602333768 ], [ -74.018887479479972, 40.704729142804268 ], [ -74.019342546244744, 40.706093672527118 ], [ -74.019122759634115, 40.706975814337461 ], [ -74.018630583727145, 40.707139715771888 ], [ -74.01884889814508, 40.706970312350258 ], [ -74.018535132696698, 40.706918322014111 ], [ -74.018190292596472, 40.707821626109954 ], [ -74.018855009119676, 40.708047534447438 ], [ -74.017770142545046, 40.712834574789156 ], [ -74.017800378883933, 40.712345124158574 ], [ -74.01662424425291, 40.712157318995338 ], [ -74.016618400783045, 40.712756150029691 ], [ -74.01632006627581, 40.713407982478287 ], [ -74.017579525089928, 40.713595490383646 ], [ -74.017724962192958, 40.713070181622761 ], [ -74.016710186058233, 40.718624176058029 ], [ -74.013213227191926, 40.718315719895791 ], [ -74.013030681264354, 40.719131455819138 ], [ -74.012291659512485, 40.719038948198509 ] ] ] ] } },
{ "type": "Feature", "properties": { "NTA2020": "MN0102" }, "geometry": { "type": "Polygon", "coordinates": [ [ [ -73.999312417001448, 40.717550241777424 ], [ -74.00078955120118, 40.715290968401462 ], [ -74.000527349426932, 40.715170059365327 ], [ -74.000454630659604, 40.714365047598911 ], [ -74.000746523493774, 40.714510353738447 ], [ -74.000968404485278, 40.713905595611941 ], [ -74.001566355473258, 40.713683063999405 ], [ -74.000931742663312, 40.713263253045319 ], [ -74.000864028680084, 40.711619549696671 ], [ -74.000509860311865, 40.710984269950849 ], [ -74.001419347162923, 40.709814795771948 ], [ -74.004416689749135, 40.712193872272799 ], [ -74.004489246754503, 40.712546722816057 ], [ -74.00429113825507, 40.712907825695943 ], [ -74.005275618925992, 40.712249440495391 ], [ -74.007506611733703, 40.711668963635418 ], [ -74.008079456729206, 40.711720889214561 ], [ -74.008216145700459, 40.711522109856375 ], [ -74.007967877133979, 40.711447332118169 ], [ -74.008347609790192, 40.711358545553992 ], [ -74.013724151149574, 40.713678309659173 ], [ -74.012291659512485, 40.719038948198509 ], [ -74.013030681264354, 40.719131455819138 ], [ -74.012908927640183, 40.71973485170647 ], [ -74.013455056331821, 40.719801707426228 ], [ -74.013413765128718, 40.720019482014223 ], [ -74.016378482914817, 40.72037660883089 ], [ -74.016305733428368, 40.720727020038126 ], [ -74.012999806790788, 40.720333090750081 ], [ -74.012897302708694, 40.720868045975827 ], [ -74.015694719732863, 40.721206424875305 ], [ -74.015622457819475, 40.72154345367376 ], [ -74.013160666732858, 40.72125396319462 ], [ -74.013116633119964, 40.721473734530782 ], [ -74.013635236404951, 40.721516561134415 ], [ -74.013615583350045, 40.721586182559449 ], [ -74.012538758072623, 40.721503176576391 ], [ -74.011964321151922, 40.72432986474228 ], [ -74.011234709133163, 40.724265632952033 ], [ -74.010922772581708, 40.725794151348296 ], [ -74.010812382607256, 40.725789802555809 ], [ -73.999312417001448, 40.717550241777424 ] ] ] } },
{ "type": "Feature", "properties": { "NTA2020": "MN0191" }, "geometry": { "type": "MultiPolygon", "coordinates": [ [ [ [ -74.008164145278883, 40.686174717161556 ], [ -74.011932599110594, 40.683887749155005 ], [ -74.012175966146359, 40.684095185628514 ], [ -74.008354465321744, 40.686400200250731 ], [ -74.008164145278883, 40.686174717161556 ] ] ], [ [ [ -74.005003733150744, 40.687605985400879 ], [ -74.005629863303994, 40.686784206043662 ], [ -74.007832937666834, 40.687385055162757 ], [ -74.007420121540974, 40.688206290435943 ], [ -74.005003733150744, 40.687605985400879 ] ] ], [ [ [ -74.003820388537093, 40.68892964469935 ], [ -74.004592705217718, 40.688215222986628 ], [ -74.006784384398102, 40.688826879958299 ], [ -74.006364612252668, 40.689669668637009 ], [ -74.003820388537093, 40.68892964469935 ] ] ], [ [ [ -74.002975653705391, 40.690426575920739 ], [ -74.003409215584952, 40.689613261160162 ], [ -74.005759006703443, 40.690236400016225 ], [ -74.005342096249151, 40.691091602977885 ], [ -74.002975653705391, 40.690426575920739 ] ] ], [ [ [ -74.043877616399442, 40.690187675873837 ], [ -74.043505960785666, 40.689687359636146 ], [ -74.042704284267657, 40.690155204644356 ], [ -74.042553720373391, 40.68996275979223 ], [ -74.043467523102976, 40.689636990606097 ], [ -74.043640786274452, 40.688766560072771 ], [ -74.044385217772472, 40.688516177900141 ], [ -74.046275390037025, 40.689327426399359 ], [ -74.046802848985749, 40.689953256266065 ], [ -74.047476515283705, 40.689611369998048 ], [ -74.047729626970735, 40.689915318968907 ], [ -74.047585719248218, 40.689982507328772 ], [ -74.047431260574854, 40.689803890471204 ], [ -74.046892055005912, 40.690059098322664 ], [ -74.047200293662513, 40.690424815623786 ], [ -74.047170294893903, 40.69099132874252 ], [ -74.046147072086654, 40.691122646033207 ], [ -74.043877616399442, 40.690187675873837 ] ] ], [ [ [ -74.001325623337848, 40.691463100332086 ], [ -74.000699058418789, 40.690611858419082 ], [ -74.004794152945522, 40.691761620374436 ], [ -74.004409412599756, 40.692528800389347 ], [ -74.0019693859211, 40.69184320882011 ], [ -74.001325623337848, 40.691463100332086 ] ] ], [ [ [ -74.016747560960695, 40.693343368217626 ], [ -74.015403591416472, 40.693066497309161 ], [ -74.015389197682438, 40.69329813466554 ], [ -74.015174822026239, 40.69325668033548 ], [ -74.015259510356472, 40.693036814231895 ], [ -74.015128782943279, 40.693243795834427 ], [ -74.01494315033483, 40.693141021930856 ], [ -74.015156121595027, 40.693015515394244 ], [ -74.01422123084896, 40.692822905841503 ], [ -74.01343563361452, 40.692115442031501 ], [ -74.012502586751779, 40.692303580462983 ], [ -74.012297314925547, 40.692568254835116 ], [ -74.011811856472363, 40.692479335064384 ], [ -74.011757490512537, 40.692263739561568 ], [ -74.011903097225613, 40.692090583507884 ], [ -74.0122011411637, 40.692044905096111 ], [ -74.01246140165135, 40.692212624918469 ], [ -74.013332641496078, 40.692019970102386 ], [ -74.012608568593947, 40.691364104127196 ], [ -74.012034176165756, 40.691503076685713 ], [ -74.012597531525671, 40.691334335544525 ], [ -74.01252783209975, 40.69114633733799 ], [ -74.011825753549729, 40.691064816216183 ], [ -74.012195000900846, 40.691028847568845 ], [ -74.01221017410677, 40.690791696801277 ], [ -74.011971513188229, 40.690770955509535 ], [ -74.011980567612483, 40.690606407271829 ], [ -74.012231311468994, 40.690461330775143 ], [ -74.012306883044914, 40.689280182937601 ], [ -74.013169264027525, 40.688154770700606 ], [ -74.014880979750217, 40.687254570991144 ], [ -74.016047305395347, 40.687338006800331 ], [ -74.017049866092165, 40.686875987416457 ], [ -74.016646640847569, 40.686416347233354 ], [ -74.015143910880184, 40.686437034042946 ], [ -74.016673515299928, 40.686305168553538 ], [ -74.0171209910106, 40.686843337134 ], [ -74.020543672930813, 40.685272067925979 ], [ -74.020206867105159, 40.684833832574526 ], [ -74.019398423919284, 40.685087404047245 ], [ -74.020952550102962, 40.684384431647224 ], [ -74.020278198464908, 40.684809135174511 ], [ -74.020612672358112, 40.685240390198068 ], [ -74.022240788985187, 40.684518407599334 ], [ -74.022118543834125, 40.684351950801492 ], [ -74.02233552903563, 40.684476393604236 ], [ -74.02259359581042, 40.684359695949965 ], [ -74.022132501868654, 40.683767671882684 ], [ -74.023055747495945, 40.682916945445164 ], [ -74.02319462834663, 40.683000498062185 ], [ -74.022368235576707, 40.683779916794002 ], [ -74.022758990299593, 40.684284448332278 ], [ -74.023541603701247, 40.684002983592571 ], [ -74.024648092412335, 40.683978566613085 ], [ -74.025671837582124, 40.684236456205092 ], [ -74.026334042424111, 40.68480169772419 ], [ -74.02662819083865, 40.685526804749678 ], [ -74.026425772432034, 40.686175339829639 ], [ -74.020205274342771, 40.692033923854247 ], [ -74.019733081963466, 40.693114107486906 ], [ -74.016747560960695, 40.693343368217626 ] ] ], [ [ [ -74.001270149686718, 40.693296062176337 ], [ -74.001743621110407, 40.692406749705512 ], [ -74.004007959710975, 40.693208199632394 ], [ -74.003453484906245, 40.694051630671368 ], [ -74.001270149686718, 40.693296062176337 ] ] ], [ [ [ -74.039950407884831, 40.700890630140158 ], [ -74.037711247966357, 40.699344040347768 ], [ -74.038097862147737, 40.699039505244244 ], [ -74.038229544453912, 40.698368591697729 ], [ -74.039000438780278, 40.698369890391042 ], [ -74.039340376701503, 40.698115514835997 ], [ -74.041242618322215, 40.699536741434891 ], [ -74.041747688680147, 40.699147863566672 ], [ -74.03991248872623, 40.697702040398433 ], [ -74.041660519148408, 40.696452971639793 ], [ -74.043673712307779, 40.698020404330109 ], [ -74.042703958107225, 40.698800600586708 ], [ -74.04296505227515, 40.698999361822203 ], [ -74.041098612370703, 40.700492943389676 ], [ -74.040800806462414, 40.700268549926548 ], [ -74.039950407884831, 40.700890630140158 ] ] ], [ [ [ -74.016627612497459, 40.704799431339367 ], [ -74.015397586821209, 40.704800149762086 ], [ -74.0142706584423, 40.704520229718163 ], [ -74.014429831705968, 40.703150647788938 ], [ -74.013834410716015, 40.702405701540613 ], [ -74.013811696606936, 40.702120930008213 ], [ -74.014011288841431, 40.701976124330606 ], [ -74.013979126772597, 40.701531071110075 ], [ -74.013707754960734, 40.701070278930416 ], [ -74.01433920985545, 40.701132680601717 ], [ -74.013951527565112, 40.700990982459999 ], [ -74.014220631954942, 40.700111491365739 ], [ -74.014152387873096, 40.700577866286153 ], [ -74.014289207411338, 40.700644144765064 ], [ -74.014671199920073, 40.700210401197126 ], [ -74.014323843630265, 40.700661304629719 ], [ -74.014643232349115, 40.700817304325142 ], [ -74.015068182693042, 40.700318257554969 ], [ -74.015098322701263, 40.700334265523459 ], [ -74.014673656284884, 40.700834609028426 ], [ -74.015021136616795, 40.700992504013414 ], [ -74.015142318121008, 40.700842892354295 ], [ -74.015793517111518, 40.701346905807519 ], [ -74.017145080626591, 40.702705349976192 ], [ -74.017668813072731, 40.703591313467662 ], [ -74.017878393406392, 40.703538508037234 ], [ -74.017671320202666, 40.703606427383811 ], [ -74.017570356400185, 40.704183880986605 ], [ -74.01713123915583, 40.704282535903467 ], [ -74.016846007018003, 40.704634886086971 ], [ -74.016637291838009, 40.704633410709832 ], [ -74.016627612497459, 40.704799431339367 ] ] ] ] } },
{ "type": "Feature", "properties": { "NTA2020": "MN0201" }, "geometry": { "type": "Polygon", "coordinates": [ [ [ -74.002817266391432, 40.728363129304107 ], [ -73.996771757775051, 40.725431943502691 ], [ -73.992603222644988, 40.724136449683456 ], [ -73.99480778955251, 40.718457426852908 ], [ -73.996058726783204, 40.716231640713524 ], [ -73.998589255680329, 40.717099511537143 ], [ -73.999312417001448, 40.717550241777424 ], [ -74.010812382607256, 40.725789802555809 ], [ -74.010922772581708, 40.725794151348296 ], [ -74.011234709133163, 40.724265632952033 ], [ -74.011964321151922, 40.72432986474228 ], [ -74.011653265699422, 40.725871761851387 ], [ -74.015204265311425, 40.726361949379609 ], [ -74.015123565494733, 40.726793943067157 ], [ -74.011542018975959, 40.726447346424528 ], [ -74.011383236047564, 40.728229272367194 ], [ -74.010642898270845, 40.728172107875025 ], [ -74.010548721906588, 40.729100682848205 ], [ -74.002817266391432, 40.728363129304107 ] ] ] } },
{ "type": "Feature", "properties": { "NTA2020": "MN0202" }, "geometry": { "type": "Polygon", "coordinates": [ [ [ -73.989902960361206, 40.73443479013698 ], [ -73.98986852139565, 40.733527114554938 ], [ -73.990505586035894, 40.730564956737773 ], [ -73.991143152121779, 40.728588157658095 ], [ -73.991234395590439, 40.727726805262392 ], [ -73.992603222644988, 40.724136449683456 ], [ -73.996771757775051, 40.725431943502691 ], [ -74.002817266391432, 40.728363129304107 ], [ -74.001412424747258, 40.73106525649149 ], [ -73.996839939264902, 40.737360889398239 ], [ -73.989902960361206, 40.73443479013698 ] ] ] } },
{ "type": "Feature", "properties": { "NTA2020": "MN0203" }, "geometry": { "type": "Polygon", "coordinates": [ [ [ -74.009153451694246, 40.7424961875561 ], [ -73.996839939264902, 40.737360889398239 ], [ -74.001412424747258, 40.73106525649149 ], [ -74.002817266391432, 40.728363129304107 ], [ -74.010548721906588, 40.729100682848205 ], [ -74.010642898270845, 40.728172107875025 ], [ -74.014390699323997, 40.728463048022718 ], [ -74.014086935599181, 40.730663173040313 ], [ -74.011161956964756, 40.730450676349058 ], [ -74.010993508791529, 40.732320417940613 ], [ -74.010941182267487, 40.733007763269356 ], [ -74.014002202146074, 40.733068001795473 ], [ -74.013999572409659, 40.733332277517761 ], [ -74.010903898832851, 40.733297617139591 ], [ -74.010729724040175, 40.733463402434246 ], [ -74.010866546869337, 40.73360273801687 ], [ -74.010832845632123, 40.734007094011019 ], [ -74.012017920104739, 40.73406374445635 ], [ -74.012001242223931, 40.734338401166205 ], [ -74.010813594791088, 40.734283443647612 ], [ -74.010476598144194, 40.738063940595076 ], [ -74.011087066359494, 40.7380927500813 ], [ -74.011139156025621, 40.738389862813086 ], [ -74.01045432864602, 40.738364505725613 ], [ -74.010393031345629, 40.739174296561792 ], [ -74.011580455023164, 40.739264536112032 ], [ -74.011460739553399, 40.740584214752545 ], [ -74.012157419130887, 40.740605998131294 ], [ -74.012659282084897, 40.740747638497446 ], [ -74.009631455717539, 40.740645367374263 ], [ -74.009411402661314, 40.741154093312893 ], [ -74.009619234404425, 40.74136361051481 ], [ -74.010208189935383, 40.741607537928274 ], [ -74.010383580722007, 40.741397853526607 ], [ -74.011396092420739, 40.741822813235132 ], [ -74.010839874119327, 40.742596734022491 ], [ -74.010291005919029, 40.742358524639648 ], [ -74.010125637108331, 40.742575831777039 ], [ -74.009321139732378, 40.742244242716602 ], [ -74.009153451694246, 40.7424961875561 ] ], [ [ -74.009237800056383, 40.74207162715787 ], [ -74.010088033645104, 40.742488155673705 ], [ -74.010198276721624, 40.742333753739885 ], [ -74.009822341575102, 40.742166052058138 ], [ -74.010165596894169, 40.741672348073571 ], [ -74.009361748282942, 40.741423623741866 ], [ -74.009237800056383, 40.74207162715787 ] ] ] } },
{ "type": "Feature", "properties": { "NTA2020": "MN0301" }, "geometry": { "type": "Polygon", "coordinates": [ [ [ -73.984496470767638, 40.70950966393945 ], [ -73.988390640232666, 40.709126949162673 ], [ -73.988636580718506, 40.709912061516313 ], [ -73.988797177858032, 40.709966607472239 ], [ -73.997282871955775, 40.708731619842943 ], [ -73.999134349189518, 40.707982396945958 ], [ -74.001419347162923, 40.709814795771948 ], [ -74.000509860311865, 40.710984269950849 ], [ -74.000864028680084, 40.711619549696671 ], [ -74.000931742663312, 40.713263253045319 ], [ -74.001566355473258, 40.713683063999405 ], [ -74.000968404485278, 40.713905595611941 ], [ -74.000746523493774, 40.714510353738447 ], [ -74.000454630659604, 40.714365047598911 ], [ -74.000527349426932, 40.715170059365327 ], [ -74.00078955120118, 40.715290968401462 ], [ -73.999312417001448, 40.717550241777424 ], [ -73.998589255680329, 40.717099511537143 ], [ -73.996058726783204, 40.716231640713524 ], [ -73.99480778955251, 40.718457426852908 ], [ -73.989154638167975, 40.716708646771693 ], [ -73.990220126699256, 40.714404939898053 ], [ -73.989336565105532, 40.714133376014118 ], [ -73.985344044173956, 40.714461578232765 ], [ -73.985243297735195, 40.713845679894376 ], [ -73.985114065695157, 40.71378675190455 ], [ -73.984496470767638, 40.70950966393945 ] ] ] } },
{ "type": "Feature", "properties": { "NTA2020": "MN0302" }, "geometry": { "type": "MultiPolygon", "coordinates": [ [ [ [ -73.982373405720068, 40.705543350437672 ], [ -73.982422871798775, 40.705822055451996 ], [ -73.981023906182799, 40.705898913893577 ], [ -73.981017339009469, 40.705797506467775 ], [ -73.982302051838786, 40.705736979399681 ], [ -73.982373405720068, 40.705543350437672 ] ] ], [ [ [ -73.97507388708901, 40.718750544731201 ], [ -73.974742400363809, 40.718840794244123 ], [ -73.973571857194742, 40.718597229421434 ], [ -73.97512899530274, 40.714621156196721 ], [ -73.976123688387901, 40.712460325398354 ], [ -73.976818835400479, 40.711419567523777 ], [ -73.978079749066211, 40.710532250577266 ], [ -73.981286475525579, 40.710218347881671 ], [ -73.981245795699451, 40.709826214601264 ], [ -73.984496470767638, 40.70950966393945 ], [ -73.985114065695157, 40.71378675190455 ], [ -73.985243297735195, 40.713845679894376 ], [ -73.985344044173956, 40.714461578232765 ], [ -73.989336565105532, 40.714133376014118 ], [ -73.990220126699256, 40.714404939898053 ], [ -73.989154638167975, 40.716708646771693 ], [ -73.99480778955251, 40.718457426852908 ], [ -73.992603222644988, 40.724136449683456 ], [ -73.97507388708901, 40.718750544731201 ] ] ] ] } },
{ "type": "Feature", "properties": { "NTA2020": "MN0303" }, "geometry": { "type": "MultiPolygon", "coordinates": [ [ [ [ -73.967151011725832, 40.718316126435099 ], [ -73.966562418974917, 40.718015866806333 ], [ -73.9673074147438, 40.718313067184198 ], [ -73.96718243631247, 40.718483056301615 ], [ -73.967068676891472, 40.718439035791306 ], [ -73.967151011725832, 40.718316126435099 ] ] ], [ [ [ -73.966514536672165, 40.719430974241924 ], [ -73.966363638514096, 40.719050456048329 ], [ -73.965742671428018, 40.718706877777194 ], [ -73.966636008296405, 40.719130142712736 ], [ -73.966467457145868, 40.719243440221291 ], [ -73.966514536672165, 40.719430974241924 ] ] ], [ [ [ -73.965032783280989, 40.720377069475013 ], [ -73.965117368236946, 40.720316339358966 ], [ -73.965676556988456, 40.720678960540425 ], [ -73.965598233114008, 40.720744458402542 ], [ -73.965032783280989, 40.720377069475013 ] ] ], [ [ [ -73.964834336094299, 40.720795546938206 ], [ -73.964361079563176, 40.720477239877226 ], [ -73.965031001305732, 40.720790841371162 ], [ -73.964853042115394, 40.720952804859671 ], [ -73.964834336094299, 40.720795546938206 ] ] ], [ [ [ -73.96430846303322, 40.721055669488429 ], [ -73.96406591310317, 40.72079991096264 ], [ -73.964375043011458, 40.720992550768635 ], [ -73.96430846303322, 40.721055669488429 ] ] ], [ [ [ -73.964842848634461, 40.721464176094678 ], [ -73.96427462497266, 40.720575767593992 ], [ -73.964950597366851, 40.721424181604363 ], [ -73.964842848634461, 40.721464176094678 ] ] ], [ [ [ -73.971626972717061, 40.726628453499494 ], [ -73.973571857194685, 40.718597229421476 ], [ -73.974742400363809, 40.718840794244173 ], [ -73.975118529439357, 40.718753040486085 ], [ -73.975451675458686, 40.718946559425831 ], [ -73.977223792408708, 40.71930977585955 ], [ -73.978752349842964, 40.71993370660968 ], [ -73.992603222644888, 40.724136449683513 ], [ -73.991234395590382, 40.727726805262435 ], [ -73.991143152121722, 40.728588157658095 ], [ -73.990505586035837, 40.730564956737773 ], [ -73.98986852139565, 40.733527114554938 ], [ -73.98990296036115, 40.73443479013698 ], [ -73.972050153471699, 40.72688094679738 ], [ -73.971626972717061, 40.726628453499494 ] ] ] ] } },
{ "type": "Feature", "properties": { "NTA2020": "MN0401" }, "geometry": { "type": "Polygon", "coordinates": [ [ [ -74.00178824088411, 40.762294520141658 ], [ -73.995474502331646, 40.759626857017594 ], [ -73.997298765280277, 40.757107040735931 ], [ -73.991632713106398, 40.754706805009619 ], [ -73.997099029203909, 40.74720510204228 ], [ -73.991418585606979, 40.74480268249625 ], [ -73.996839939264902, 40.737360889398239 ], [ -74.009153451694246, 40.7424961875561 ], [ -74.009091568461926, 40.74288614907239 ], [ -74.009620153489124, 40.74295124838978 ], [ -74.009568434117654, 40.74325778472641 ], [ -74.012148131835929, 40.743559301547563 ], [ -74.01202085006399, 40.743939770208854 ], [ -74.009512017673671, 40.7436760937603 ], [ -74.009438008708642, 40.743971255473085 ], [ -74.008900329628418, 40.743917927096042 ], [ -74.008729863594212, 40.744881537829691 ], [ -74.009612279244138, 40.744997903150555 ], [ -74.009558329297491, 40.745288825298722 ], [ -74.00991660813456, 40.745327255007084 ], [ -74.009998226017146, 40.744955059302136 ], [ -74.009872110854801, 40.744916502125776 ], [ -74.010167905353924, 40.744942329709616 ], [ -74.010038483846117, 40.744963458078182 ], [ -74.009973950219205, 40.745323135109267 ], [ -74.010469200118678, 40.745386766028993 ], [ -74.010550447558899, 40.745013057207466 ], [ -74.010419372093878, 40.744976824171076 ], [ -74.010764197806921, 40.745005032020813 ], [ -74.010585792009309, 40.745020446561604 ], [ -74.010531065377037, 40.745382050389487 ], [ -74.011103598048848, 40.745447670243969 ], [ -74.011171831198254, 40.745078258283371 ], [ -74.011044591508309, 40.745046212402038 ], [ -74.011387699741817, 40.745073112682633 ], [ -74.0112303805723, 40.745075830662714 ], [ -74.011154191769094, 40.745446378083962 ], [ -74.011739585528147, 40.745519918190219 ], [ -74.011795276457349, 40.745154666985016 ], [ -74.011670675837976, 40.745113977339841 ], [ -74.011836428724166, 40.745125963678774 ], [ -74.011782758280901, 40.745601572255438 ], [ -74.011678855055962, 40.745979461815978 ], [ -74.009463898559716, 40.745750143659478 ], [ -74.009363627342296, 40.74633560197725 ], [ -74.011591234340216, 40.746601505475979 ], [ -74.01148373087554, 40.746990588765307 ], [ -74.009243146586755, 40.746762790753749 ], [ -74.009137362599262, 40.747359762803029 ], [ -74.011406739355195, 40.747630550068074 ], [ -74.011303529937507, 40.748014571908918 ], [ -74.009058479013433, 40.747785645332861 ], [ -74.008946065023224, 40.748411893168736 ], [ -74.011215618134159, 40.748677992243586 ], [ -74.011108911829851, 40.749049875919617 ], [ -74.009948179380302, 40.748931988005722 ], [ -74.009561747473583, 40.749969975199335 ], [ -74.00925340917918, 40.749985205721956 ], [ -74.009104532157252, 40.750371069730356 ], [ -74.010677375326139, 40.751022674476921 ], [ -74.010564634764393, 40.751321462101323 ], [ -74.009000982594543, 40.750648183782616 ], [ -74.008532569250235, 40.75188360930435 ], [ -74.00914082120002, 40.752097594099062 ], [ -74.0086511593681, 40.751939512615657 ], [ -74.009107579751586, 40.752139712111862 ], [ -74.009057740096623, 40.752214351243204 ], [ -74.008928876504754, 40.752144001870199 ], [ -74.008580957604664, 40.752043882411634 ], [ -74.009340892452798, 40.752355609545575 ], [ -74.008478955727995, 40.752018571919919 ], [ -74.008426364472257, 40.752157850239286 ], [ -74.009990558197501, 40.752816187149115 ], [ -74.009970587970216, 40.752933564153189 ], [ -74.008792100908465, 40.752352138379543 ], [ -74.008687922195719, 40.752493998628417 ], [ -74.008353528388426, 40.75235073934234 ], [ -74.007619496118522, 40.754281841774137 ], [ -74.007744048302143, 40.75433680193175 ], [ -74.007596189891458, 40.754530550734181 ], [ -74.007471579909208, 40.754477019921296 ], [ -74.007284999443229, 40.754735568203166 ], [ -74.007413620369064, 40.754789302669451 ], [ -74.007271811747685, 40.754985594535249 ], [ -74.007144683609724, 40.754932481173455 ], [ -74.005418858410053, 40.757323140349207 ], [ -74.005211877057732, 40.757231998539936 ], [ -74.004803925601848, 40.757809843164736 ], [ -74.005278947978908, 40.758028554928288 ], [ -74.005031051366402, 40.758357016473155 ], [ -74.007003589040153, 40.759231870341111 ], [ -74.006506876401829, 40.759892032317211 ], [ -74.00450483093914, 40.75908499655273 ], [ -74.004206291253908, 40.759501707688415 ], [ -74.003907420327693, 40.759375692183525 ], [ -74.003806578350066, 40.759510731466023 ], [ -74.004246971280622, 40.759699214171427 ], [ -74.004148638146887, 40.759835914170807 ], [ -74.004318894250758, 40.759910685763458 ], [ -74.00366891453541, 40.759705969576594 ], [ -74.003572510400758, 40.759846558973166 ], [ -74.00392854933564, 40.760003019720457 ], [ -74.003133389914012, 40.761078345096344 ], [ -74.00278691552613, 40.760928969703357 ], [ -74.002335281300574, 40.761543727001651 ], [ -74.004545209834333, 40.762492801944866 ], [ -74.004449515272768, 40.762664567200019 ], [ -74.002200820732696, 40.761728432226505 ], [ -74.00178824088411, 40.762294520141658 ] ] ] } },
{ "type": "Feature", "properties": { "NTA2020": "MN0402" }, "geometry": { "type": "Polygon", "coordinates": [ [ [ -73.996120879946744, 40.77327539109308 ], [ -73.994163284563115, 40.772487191021355 ], [ -73.993831082030923, 40.772931787850737 ], [ -73.993590864028164, 40.772790080296623 ], [ -73.993410454535081, 40.772878895345706 ], [ -73.993781898122919, 40.772199091447661 ], [ -73.982363540219382, 40.767388074173354 ], [ -73.991632713106441, 40.754706805009619 ], [ -73.997298765280163, 40.757107040735931 ], [ -73.995474502331476, 40.759626857017594 ], [ -74.00178824088411, 40.762294520141658 ], [ -74.00153309066981, 40.762644598127672 ], [ -74.003757350376944, 40.763582241640584 ], [ -74.003612147941752, 40.763777043909755 ], [ -74.001386036985963, 40.76285009500193 ], [ -74.000973080220106, 40.763420271725728 ], [ -74.003149769889887, 40.764332888687235 ], [ -74.00294809515718, 40.764616835931392 ], [ -74.003222755853628, 40.764638037670245 ], [ -74.003100881630075, 40.764745748126685 ], [ -73.999927123677239, 40.763406528479422 ], [ -73.999622634581755, 40.763559081210524 ], [ -73.999150980879079, 40.764205259582774 ], [ -74.002288023714812, 40.765561543795251 ], [ -74.002024543303293, 40.765893266570416 ], [ -73.99888473174974, 40.764569377048524 ], [ -73.99857638530527, 40.76499860727084 ], [ -73.998688706945615, 40.765208570449907 ], [ -73.998281607095294, 40.765567774934809 ], [ -74.001573353852621, 40.766977192210774 ], [ -74.001314696360041, 40.76725112004997 ], [ -73.998066759053501, 40.765871881135759 ], [ -73.99737808447955, 40.766823385876997 ], [ -74.000649505304139, 40.768245236105635 ], [ -74.000385864890717, 40.768504195931932 ], [ -73.997155889492063, 40.767128696172819 ], [ -73.996457154050404, 40.768098815795653 ], [ -73.999735902478591, 40.769506177331557 ], [ -73.999472537340068, 40.769764215471788 ], [ -73.997071760393155, 40.768732643576925 ], [ -73.997150354771421, 40.768847387713429 ], [ -73.996571264395598, 40.769424568273863 ], [ -73.999026828328923, 40.770463272982127 ], [ -73.998762069143098, 40.770825056709235 ], [ -73.996313270220853, 40.769798836336477 ], [ -73.995880043516806, 40.770400579514899 ], [ -73.996016931961876, 40.770454848886217 ], [ -73.995900774250231, 40.770613123501015 ], [ -73.995767332836181, 40.770554595953904 ], [ -73.995424744362921, 40.771031615167999 ], [ -73.996001757490518, 40.771307465330615 ], [ -73.995899901009366, 40.771450298582124 ], [ -73.995305663653468, 40.771196004909584 ], [ -73.994925821206266, 40.771516042405523 ], [ -73.994976884947249, 40.771658774923395 ], [ -73.997073281693076, 40.772542868901958 ], [ -73.996872914491348, 40.772817481228614 ], [ -73.994774079308272, 40.771929547530227 ], [ -73.994445012933781, 40.772377126588388 ], [ -73.996229720019301, 40.773128975045374 ], [ -73.996120879946744, 40.77327539109308 ] ] ] } },
{ "type": "Feature", "properties": { "NTA2020": "MN0501" }, "geometry": { "type": "Polygon", "coordinates": [ [ [ -73.980850544163829, 40.747750370378213 ], [ -73.989874213707779, 40.735408258917282 ], [ -73.989902960361206, 40.73443479013698 ], [ -73.996839939264902, 40.737360889398239 ], [ -73.991418585606979, 40.74480268249625 ], [ -73.997099029203909, 40.74720510204228 ], [ -73.993464177362384, 40.752190055267704 ], [ -73.987769059458287, 40.749787029444377 ], [ -73.987293770520722, 40.750451609326149 ], [ -73.980850544163829, 40.747750370378213 ] ] ] } },
{ "type": "Feature", "properties": { "NTA2020": "MN0502" }, "geometry": { "type": "Polygon", "coordinates": [ [ [ -73.981491214266839, 40.767881199100891 ], [ -73.969800288256351, 40.762913512630263 ], [ -73.975807394261977, 40.754677274611844 ], [ -73.976515694461469, 40.75497426334514 ], [ -73.976973790420161, 40.754348675545614 ], [ -73.97834877041339, 40.752410130141854 ], [ -73.977676605434993, 40.75211893738102 ], [ -73.980850544163829, 40.747750370378213 ], [ -73.987293770520722, 40.750451609326149 ], [ -73.987769059458287, 40.749787029444377 ], [ -73.993464177362384, 40.752190055267704 ], [ -73.982110614669949, 40.767744476546277 ], [ -73.981491214266839, 40.767881199100891 ] ] ] } },
{ "type": "Feature", "properties": { "NTA2020": "MN0601" }, "geometry": { "type": "MultiPolygon", "coordinates": [ [ [ [ -73.962365968894389, 40.724209061614282 ], [ -73.962007447990445, 40.723991901105236 ], [ -73.962072718777975, 40.723880300905321 ], [ -73.962467900110568, 40.724131579601291 ], [ -73.962365968894389, 40.724209061614282 ] ] ], [ [ [ -73.975073618295582, 40.735369628542905 ], [ -73.974440650165207, 40.735316771900429 ], [ -73.973959050297111, 40.733421165538473 ], [ -73.973857300364941, 40.733216303638571 ], [ -73.973676275760596, 40.733205933888073 ], [ -73.973868107762073, 40.733065687195641 ], [ -73.973413217308575, 40.731282416428684 ], [ -73.971963403012481, 40.730000377217507 ], [ -73.97151882628016, 40.729351361740171 ], [ -73.971406179085193, 40.72871876425107 ], [ -73.971685148665827, 40.727405886636554 ], [ -73.971490390928551, 40.727350097607363 ], [ -73.971626972717061, 40.726628453499458 ], [ -73.982556292978032, 40.73135013455461 ], [ -73.979463173423255, 40.735391927173524 ], [ -73.978540946478674, 40.736887659360491 ], [ -73.975073618295582, 40.735369628542905 ] ] ] ] } },
{ "type": "Feature", "properties": { "NTA2020": "MN0602" }, "geometry": { "type": "Polygon", "coordinates": [ [ [ -73.978052264976142, 40.737553953656217 ], [ -73.979463173423255, 40.735391927173524 ], [ -73.982556292978032, 40.73135013455461 ], [ -73.989902960361206, 40.73443479013698 ], [ -73.989874213707779, 40.735408258917282 ], [ -73.984074852601523, 40.743324718416616 ], [ -73.980859654124075, 40.741969768081965 ], [ -73.982667598570941, 40.739498439778188 ], [ -73.978052264976142, 40.737553953656217 ] ] ] } },
{ "type": "Feature", "properties": { "NTA2020": "MN0603" }, "geometry": { "type": "MultiPolygon", "coordinates": [ [ [ [ -73.961284507883718, 40.73015906220423 ], [ -73.961282620082102, 40.730061025010343 ], [ -73.961686706590697, 40.730081868801122 ], [ -73.961959204527972, 40.729859668448043 ], [ -73.962214744592785, 40.72991693577675 ], [ -73.962549339523306, 40.729744067846568 ], [ -73.962252288765768, 40.729985566981945 ], [ -73.961284507883718, 40.73015906220423 ] ] ], [ [ [ -73.961970393697882, 40.731577111685461 ], [ -73.961674467724706, 40.731481253552779 ], [ -73.963200765375717, 40.731417400624736 ], [ -73.963659392328793, 40.731249811482094 ], [ -73.963699381390626, 40.731436619557265 ], [ -73.961970393697882, 40.731577111685461 ] ] ], [ [ [ -73.960648637007523, 40.744130317111491 ], [ -73.960568567923843, 40.744029666585206 ], [ -73.960672046454889, 40.74405121585621 ], [ -73.960648637007523, 40.744130317111491 ] ] ], [ [ [ -73.977676605434993, 40.75211893738102 ], [ -73.974444515596062, 40.750764692994878 ], [ -73.973502558831967, 40.752064932155385 ], [ -73.971262344492416, 40.751122240797017 ], [ -73.968907972326519, 40.750112443750325 ], [ -73.969544606497038, 40.749205045932754 ], [ -73.96998692099173, 40.748868714102265 ], [ -73.967912729943947, 40.747970935642165 ], [ -73.968943011093018, 40.746518335696528 ], [ -73.969875614030599, 40.745444789137643 ], [ -73.969973770262754, 40.745495747430645 ], [ -73.970788347766401, 40.744406217690354 ], [ -73.970940629604186, 40.744471444025429 ], [ -73.971114381239772, 40.744204360932478 ], [ -73.970703175316871, 40.743990494908779 ], [ -73.971181935760825, 40.744103232707886 ], [ -73.971357529418682, 40.743838455359487 ], [ -73.971205463019672, 40.743771510301343 ], [ -73.971888889130653, 40.74272481985296 ], [ -73.971740597158245, 40.742663580011524 ], [ -73.971959558562546, 40.742337921543701 ], [ -73.972289920992168, 40.740721039031811 ], [ -73.972164773686572, 40.740675722129168 ], [ -73.972216854223277, 40.740307625061568 ], [ -73.972657438030382, 40.739222754276994 ], [ -73.972489941747412, 40.735803280107639 ], [ -73.97286939178467, 40.735770861285594 ], [ -73.97441385816532, 40.736414393858979 ], [ -73.974459750704625, 40.736294019718351 ], [ -73.974026921043048, 40.736125767245539 ], [ -73.974466470472862, 40.736278456829936 ], [ -73.974503760132279, 40.736064588444066 ], [ -73.974140620183917, 40.735955656664764 ], [ -73.974504882859435, 40.736042281039303 ], [ -73.97450793938161, 40.735796945772393 ], [ -73.974488540790631, 40.735875680246409 ], [ -73.974246306583026, 40.735780110455877 ], [ -73.974470405078705, 40.735797872255155 ], [ -73.97446537767371, 40.735666886063733 ], [ -73.974146165234686, 40.73567162151037 ], [ -73.973056987120472, 40.735177453415574 ], [ -73.972806617104609, 40.735523918521174 ], [ -73.972930319264577, 40.735607614396713 ], [ -73.972763083803528, 40.735505087473577 ], [ -73.972945207586818, 40.735065170071145 ], [ -73.973298950461398, 40.735242355077126 ], [ -73.973296273629657, 40.735040856642556 ], [ -73.973544728839414, 40.734944326604058 ], [ -73.974749005906503, 40.735425188500137 ], [ -73.975220191958783, 40.735413262789024 ], [ -73.978338206306518, 40.736721471044469 ], [ -73.978540946478674, 40.736887659360491 ], [ -73.978052264976142, 40.737553953656217 ], [ -73.982667598570941, 40.739498439778188 ], [ -73.980859654124075, 40.741969768081965 ], [ -73.984074852601523, 40.743324718416616 ], [ -73.977676605434993, 40.75211893738102 ] ] ] ] } },
{ "type": "Feature", "properties": { "NTA2020": "MN0604" }, "geometry": { "type": "Polygon", "coordinates": [ [ [ -73.969800288256351, 40.762913512630263 ], [ -73.958934485797968, 40.758335155448705 ], [ -73.958719081608393, 40.758640232613352 ], [ -73.958491195416499, 40.758545903830488 ], [ -73.960656381804739, 40.755923149550213 ], [ -73.961629275349168, 40.755152384259162 ], [ -73.96470952775023, 40.751719415095586 ], [ -73.964862249432201, 40.752011101556995 ], [ -73.965215371360799, 40.75180846081016 ], [ -73.965150816452464, 40.751923850846069 ], [ -73.967226549960372, 40.752688223340151 ], [ -73.967698346732746, 40.75204080272524 ], [ -73.967777055397733, 40.751625971082802 ], [ -73.968907972326519, 40.750112443750325 ], [ -73.973502558831967, 40.752064932155385 ], [ -73.974444515596062, 40.750764692994878 ], [ -73.97834877041339, 40.752410130141854 ], [ -73.976515694461469, 40.75497426334514 ], [ -73.975807394261977, 40.754677274611844 ], [ -73.969800288256351, 40.762913512630263 ] ] ] } },
{ "type": "Feature", "properties": { "NTA2020": "MN0661" }, "geometry": { "type": "MultiPolygon", "coordinates": [ [ [ [ -73.964159802884296, 40.746865547359583 ], [ -73.964445227526511, 40.746410425260635 ], [ -73.964583184269472, 40.74645440067335 ], [ -73.964159802884296, 40.746865547359583 ] ] ], [ [ [ -73.967226549960372, 40.752688223340151 ], [ -73.965055486202573, 40.751812581135503 ], [ -73.964862249432201, 40.752011101556995 ], [ -73.96470952775023, 40.751719415095586 ], [ -73.967912729943947, 40.747970935642165 ], [ -73.96998692099173, 40.748868714102265 ], [ -73.969544606497038, 40.749205045932754 ], [ -73.967777055397733, 40.751625971082802 ], [ -73.967698346732746, 40.75204080272524 ], [ -73.967226549960372, 40.752688223340151 ] ] ] ] } },
{ "type": "Feature", "properties": { "NTA2020": "MN0701" }, "geometry": { "type": "Polygon", "coordinates": [ [ [ -73.975001119640567, 40.777527779916724 ], [ -73.981679436393961, 40.768390130936183 ], [ -73.981442544393417, 40.768163970181696 ], [ -73.981491214266839, 40.767881199100891 ], [ -73.982110614669949, 40.767744476546277 ], [ -73.982363540219438, 40.767388074173283 ], [ -73.993781898122876, 40.772199091447661 ], [ -73.993325198432814, 40.772831479537572 ], [ -73.994136653249697, 40.772901870174323 ], [ -73.994376552750936, 40.773039551603986 ], [ -73.994294029823763, 40.773156244494423 ], [ -73.995023276521835, 40.773481196576256 ], [ -73.995050285360264, 40.773297153189922 ], [ -73.996240651898773, 40.773789791900285 ], [ -73.996063168742879, 40.773886886610107 ], [ -73.996095244565097, 40.77408618694021 ], [ -73.993936941822099, 40.773179510966912 ], [ -73.992622663865419, 40.77497405603696 ], [ -73.992267089035408, 40.775116033858588 ], [ -73.992059084937097, 40.775497598694876 ], [ -73.992386042960334, 40.775557179922089 ], [ -73.990927174149689, 40.777566878763004 ], [ -73.990396160036511, 40.777585065679084 ], [ -73.98886861740003, 40.779692922911458 ], [ -73.991551059227447, 40.779574820934812 ], [ -73.991419825859637, 40.779755280287084 ], [ -73.988886144116961, 40.779878898532758 ], [ -73.988919261468425, 40.780226094343696 ], [ -73.988127461025684, 40.781401796944849 ], [ -73.985679361176423, 40.780312633334965 ], [ -73.985071843450044, 40.781779681471825 ], [ -73.975001119640567, 40.777527779916724 ] ] ] } },
{ "type": "Feature", "properties": { "NTA2020": "MN0702" }, "geometry": { "type": "Polygon", "coordinates": [ [ [ -73.96417598587449, 40.792362045027978 ], [ -73.975001119640567, 40.777527779916724 ], [ -73.985071843450044, 40.781779681471825 ], [ -73.985679361176423, 40.780312633334965 ], [ -73.988127461025684, 40.781401796944849 ], [ -73.985465811970258, 40.785360700575488 ], [ -73.986172704965455, 40.786068452258718 ], [ -73.98711901394266, 40.785210318501555 ], [ -73.986128422485891, 40.786239001331168 ], [ -73.985429321269422, 40.785413942184661 ], [ -73.985081137732053, 40.785921935110494 ], [ -73.985765660297517, 40.786196274858661 ], [ -73.985682871922521, 40.786309786213174 ], [ -73.98501696406484, 40.786014237698254 ], [ -73.98465507883023, 40.786534741807998 ], [ -73.98594956155668, 40.786487113463956 ], [ -73.985812373526514, 40.786616865357132 ], [ -73.984619428584097, 40.786586016349872 ], [ -73.976399519966719, 40.798273211195266 ], [ -73.969415437882546, 40.7953607790744 ], [ -73.969870632591835, 40.794735205057222 ], [ -73.96417598587449, 40.792362045027978 ] ] ] } },
{ "type": "Feature", "properties": { "NTA2020": "MN0703" }, "geometry": { "type": "Polygon", "coordinates": [ [ [ -73.966701068903021, 40.80416847693715 ], [ -73.958172970377078, 40.800582541457146 ], [ -73.96417598587449, 40.792362045027978 ], [ -73.969870632591835, 40.794735205057222 ], [ -73.969415437882546, 40.7953607790744 ], [ -73.976399519966719, 40.798273211195266 ], [ -73.971107658523039, 40.805790139676738 ], [ -73.966701068903021, 40.80416847693715 ] ] ] } },
{ "type": "Feature", "properties": { "NTA2020": "MN0801" }, "geometry": { "type": "MultiPolygon", "coordinates": [ [ [ [ -73.957688318434194, 40.748535026871679 ], [ -73.95749344070785, 40.748336464763156 ], [ -73.957839539420505, 40.748338003375267 ], [ -73.957688318434194, 40.748535026871679 ] ] ], [ [ [ -73.935567970497402, 40.771918778036138 ], [ -73.935566217514051, 40.771629115889084 ], [ -73.935851952947488, 40.771716001992679 ], [ -73.935698338884947, 40.771766903123982 ], [ -73.935567970497402, 40.771918778036138 ] ] ], [ [ [ -73.941117787180261, 40.769414408574676 ], [ -73.942855286207049, 40.768303494409359 ], [ -73.949431755632048, 40.760548617361493 ], [ -73.951778220259968, 40.758402549877012 ], [ -73.952540793368769, 40.757095314537295 ], [ -73.953220099631679, 40.756426841817714 ], [ -73.955195031835672, 40.754774523476229 ], [ -73.957914524931866, 40.752109854525358 ], [ -73.9590324860946, 40.751386422771247 ], [ -73.960905863195251, 40.749801981973363 ], [ -73.96132845481047, 40.749600957624516 ], [ -73.961538554644733, 40.749723119840517 ], [ -73.960685579581551, 40.751201937470533 ], [ -73.960011323959023, 40.751831517335077 ], [ -73.959500799950973, 40.752956382195769 ], [ -73.959016166935683, 40.753595059957647 ], [ -73.958458368717643, 40.753949236505122 ], [ -73.953391407339552, 40.75979676235773 ], [ -73.953124515049467, 40.760052758429573 ], [ -73.952977882161093, 40.759962107374349 ], [ -73.952086322665139, 40.760862154907443 ], [ -73.950937349280878, 40.762570495237853 ], [ -73.949971917502566, 40.763646030317062 ], [ -73.949086287915648, 40.764264027274976 ], [ -73.945844514238203, 40.76832122825143 ], [ -73.945703572686583, 40.768327934311507 ], [ -73.945481142892888, 40.768624779437829 ], [ -73.945627210934504, 40.768692953178913 ], [ -73.945563020487484, 40.768801776027125 ], [ -73.945245103413541, 40.768773268310404 ], [ -73.944724784974554, 40.769786271534862 ], [ -73.942126746468276, 40.772034700509444 ], [ -73.940887072115814, 40.772372516781211 ], [ -73.940274609873313, 40.772947437395914 ], [ -73.940076656855013, 40.772926186860225 ], [ -73.940282079241967, 40.772301406991254 ], [ -73.94020021779653, 40.771128305662771 ], [ -73.940355334775106, 40.770496574371073 ], [ -73.941117787180261, 40.769414408574676 ] ] ], [ [ [ -73.954418260786056, 40.762184104951082 ], [ -73.958491195416499, 40.758545903830488 ], [ -73.958719081608393, 40.758640232613352 ], [ -73.958934485797968, 40.758335155448705 ], [ -73.966583384222574, 40.761550935576594 ], [ -73.957294100438105, 40.774283555075336 ], [ -73.947489754563307, 40.77011515452164 ], [ -73.954418260786056, 40.762184104951082 ] ] ] ] } },
{ "type": "Feature", "properties": { "NTA2020": "MN0802" }, "geometry": { "type": "Polygon", "coordinates": [ [ [ -73.949331706270755, 40.785193126557935 ], [ -73.966583384222574, 40.761550935576594 ], [ -73.973014871761208, 40.764278879445236 ], [ -73.955777359123232, 40.787913924471084 ], [ -73.949331706270755, 40.785193126557935 ] ] ] } },
{ "type": "Feature", "properties": { "NTA2020": "MN0803" }, "geometry": { "type": "MultiPolygon", "coordinates": [ [ [ [ -73.938046406034388, 40.780829544275555 ], [ -73.937794487264156, 40.780781258755468 ], [ -73.937799441795633, 40.781031339796691 ], [ -73.937646318214831, 40.781001215892893 ], [ -73.937598946226231, 40.780467840861498 ], [ -73.93823773509402, 40.780259079465381 ], [ -73.938612008219451, 40.780338955868991 ], [ -73.939583789724765, 40.779576474007186 ], [ -73.939493297520556, 40.779873691315451 ], [ -73.938728029265945, 40.780510743704625 ], [ -73.938839518450365, 40.780599249799884 ], [ -73.938744230892752, 40.781043876042276 ], [ -73.938082132687143, 40.781418437777234 ], [ -73.937967577216455, 40.781289334060297 ], [ -73.938046406034388, 40.780829544275555 ] ] ], [ [ [ -73.943870759887076, 40.781273026571611 ], [ -73.943438767359865, 40.779763241965888 ], [ -73.942402201983072, 40.780026334505123 ], [ -73.94211585211751, 40.779464381747459 ], [ -73.942729733957194, 40.779257247655536 ], [ -73.942767034807119, 40.779016455101257 ], [ -73.94300246547327, 40.778852879014885 ], [ -73.942457410569574, 40.777407473347985 ], [ -73.942280500447893, 40.777347438228652 ], [ -73.942455456981321, 40.777747864333634 ], [ -73.942335418211812, 40.777768816374127 ], [ -73.942255796044918, 40.777316460277362 ], [ -73.942119824540313, 40.777255566411746 ], [ -73.942185370139228, 40.777163808762282 ], [ -73.942293683332039, 40.777242936247838 ], [ -73.942434038955582, 40.777300461486249 ], [ -73.942074188038774, 40.776917846977113 ], [ -73.942081604573772, 40.775957016317086 ], [ -73.942401009490496, 40.775726927526179 ], [ -73.94293043781397, 40.774676268035854 ], [ -73.943664318148024, 40.773840764176839 ], [ -73.947489754563307, 40.77011515452164 ], [ -73.957294100438105, 40.774283555075336 ], [ -73.949331706270755, 40.785193126557935 ], [ -73.943760052744679, 40.782828932219736 ], [ -73.943648235389688, 40.782656161835881 ], [ -73.943870759887076, 40.781273026571611 ] ] ] ] } },
{ "type": "Feature", "properties": { "NTA2020": "MN0901" }, "geometry": { "type": "Polygon", "coordinates": [ [ [ -73.952101252153696, 40.811442853501553 ], [ -73.9535757781033, 40.809476698162257 ], [ -73.954966571724313, 40.810064555206338 ], [ -73.958227250364146, 40.805537497276326 ], [ -73.958248783298146, 40.803106486471165 ], [ -73.959646854231224, 40.801156423759053 ], [ -73.966701068903021, 40.80416847693715 ], [ -73.971107658523039, 40.805790139676738 ], [ -73.968557477712238, 40.809072893821039 ], [ -73.96740185312369, 40.81102215539714 ], [ -73.964140828882989, 40.815771657453944 ], [ -73.962031057959905, 40.818086330979206 ], [ -73.959493288038644, 40.817007473778915 ], [ -73.956258897484631, 40.813389433925863 ], [ -73.955706901234549, 40.814143960040347 ], [ -73.954080584077133, 40.812280112895834 ], [ -73.952101252153696, 40.811442853501553 ] ] ] } },
{ "type": "Feature", "properties": { "NTA2020": "MN0902" }, "geometry": { "type": "Polygon", "coordinates": [ [ [ -73.946078286742264, 40.821263216061965 ], [ -73.949214104390535, 40.814699770984923 ], [ -73.950350192752268, 40.813159389290142 ], [ -73.952101252153696, 40.811442853501553 ], [ -73.954080584077133, 40.812280112895834 ], [ -73.955706901234549, 40.814143960040347 ], [ -73.956258897484631, 40.813389433925863 ], [ -73.959493288038644, 40.817007473778915 ], [ -73.962031057959905, 40.818086330979206 ], [ -73.959998922293451, 40.820382944802326 ], [ -73.959814626745555, 40.82029787470141 ], [ -73.959130615806288, 40.821168953774794 ], [ -73.95942624349648, 40.821252381737999 ], [ -73.959146857151921, 40.821571328550995 ], [ -73.959032941557737, 40.821513746228526 ], [ -73.959234671939953, 40.821277825270464 ], [ -73.959089602400894, 40.821206247055954 ], [ -73.958818922339972, 40.821518524846795 ], [ -73.958941729417106, 40.821569364009598 ], [ -73.958745236604997, 40.821805511973658 ], [ -73.959000182898919, 40.822409728374382 ], [ -73.959229762134655, 40.822286910132362 ], [ -73.959909994443976, 40.822571119822015 ], [ -73.959603324602796, 40.822994686783353 ], [ -73.958926147183021, 40.822711755441375 ], [ -73.959049533317085, 40.822541335368264 ], [ -73.958527315242577, 40.821843756652171 ], [ -73.957939049091209, 40.822774353547324 ], [ -73.958228381830352, 40.822887867100903 ], [ -73.958143127692026, 40.823020722271472 ], [ -73.959531014118411, 40.823619182180636 ], [ -73.959140382037859, 40.824317590204956 ], [ -73.95741069369106, 40.823273474634881 ], [ -73.955730749830636, 40.822891257747777 ], [ -73.950828799914348, 40.820827937097306 ], [ -73.949921943875836, 40.822072314227682 ], [ -73.948540297682797, 40.821487623315605 ], [ -73.948082898156315, 40.822108022013566 ], [ -73.946078286742264, 40.821263216061965 ] ] ] } },
{ "type": "Feature", "properties": { "NTA2020": "MN0903" }, "geometry": { "type": "Polygon", "coordinates": [ [ [ -73.948276768571716, 40.833865456098117 ], [ -73.938640266938691, 40.829738874420563 ], [ -73.939248856824577, 40.828296351212273 ], [ -73.942923669125804, 40.823260587250473 ], [ -73.945160048957746, 40.82087904397892 ], [ -73.948082898156315, 40.822108022013566 ], [ -73.948540297682797, 40.821487623315605 ], [ -73.949921943875836, 40.822072314227682 ], [ -73.950828799914348, 40.820827937097306 ], [ -73.955730749830636, 40.822891257747777 ], [ -73.95741069369106, 40.823273474634881 ], [ -73.959140382037859, 40.824317590204956 ], [ -73.957258969771473, 40.827117309873124 ], [ -73.956948664204688, 40.827000553935022 ], [ -73.956317845103101, 40.827944215388584 ], [ -73.955039129783955, 40.827413431911886 ], [ -73.954697366195006, 40.827918385514245 ], [ -73.954541880621278, 40.827861476365534 ], [ -73.951191830122056, 40.832639151279878 ], [ -73.950865127051998, 40.833434120627636 ], [ -73.950212185600151, 40.834303119958363 ], [ -73.949341227774738, 40.833982114962481 ], [ -73.948905432862162, 40.83406529937939 ], [ -73.948276768571716, 40.833865456098117 ] ] ] } },
{ "type": "Feature", "properties": { "NTA2020": "MN1001" }, "geometry": { "type": "Polygon", "coordinates": [ [ [ -73.941771401700308, 40.807089000349706 ], [ -73.942753672281938, 40.805744012794648 ], [ -73.944355871109124, 40.806413587409367 ], [ -73.946200458350617, 40.803906522432399 ], [ -73.944599152962297, 40.80322504834286 ], [ -73.94923327082499, 40.796871999905463 ], [ -73.959646854231224, 40.801156423759053 ], [ -73.958248783298146, 40.803106486471165 ], [ -73.958227250364146, 40.805537497276326 ], [ -73.954966571724313, 40.810064555206338 ], [ -73.9535757781033, 40.809476698162257 ], [ -73.952101252153696, 40.811442853501553 ], [ -73.941771401700308, 40.807089000349706 ] ] ] } },
{ "type": "Feature", "properties": { "NTA2020": "MN1002" }, "geometry": { "type": "Polygon", "coordinates": [ [ [ -73.934452393973714, 40.835980960149904 ], [ -73.934915335786499, 40.835230821938829 ], [ -73.935167252946357, 40.832874992275947 ], [ -73.934423963390515, 40.827042893972163 ], [ -73.933972415310862, 40.819729574765653 ], [ -73.93383009163675, 40.819719743429658 ], [ -73.933830006959113, 40.819491095587722 ], [ -73.934475236104575, 40.819697496396238 ], [ -73.934074639115764, 40.817826513948205 ], [ -73.934873438349825, 40.816527847517641 ], [ -73.941771401700308, 40.807089000349706 ], [ -73.952101252153696, 40.811442853501553 ], [ -73.950350192752268, 40.813159389290142 ], [ -73.949214104390535, 40.814699770984923 ], [ -73.946078286742264, 40.821263216061965 ], [ -73.945160048957746, 40.82087904397892 ], [ -73.942923669125804, 40.823260587250473 ], [ -73.939248856824577, 40.828296351212273 ], [ -73.938640266938691, 40.829738874420563 ], [ -73.940141312100906, 40.830371988880749 ], [ -73.938773602616592, 40.83266321266246 ], [ -73.934673930683303, 40.836064903239162 ], [ -73.934452393973714, 40.835980960149904 ] ] ] } },
{ "type": "Feature", "properties": { "NTA2020": "MN1101" }, "geometry": { "type": "Polygon", "coordinates": [ [ [ -73.935054060579631, 40.791686231358476 ], [ -73.935831067889083, 40.791094704870247 ], [ -73.937081043823028, 40.789366395709997 ], [ -73.936140733141229, 40.788949073410521 ], [ -73.936218598699057, 40.788800498076874 ], [ -73.937149654611048, 40.789168449059495 ], [ -73.938115700897271, 40.787184762756418 ], [ -73.939826196964603, 40.785256552415504 ], [ -73.942469704447717, 40.783896460947055 ], [ -73.943205655369397, 40.783369842987703 ], [ -73.943648235389688, 40.782656161835881 ], [ -73.944054394463336, 40.782964358046257 ], [ -73.955777359123232, 40.787913924471084 ], [ -73.948311254543825, 40.798129217566832 ], [ -73.941876046608485, 40.79540586905047 ], [ -73.943272511905249, 40.793488103438179 ], [ -73.938648833004081, 40.791557754806135 ], [ -73.93773612057376, 40.792815804101622 ], [ -73.935553128392243, 40.791842225574271 ], [ -73.935399208124849, 40.791970688951693 ], [ -73.935054060579631, 40.791686231358476 ] ] ] } },
{ "type": "Feature", "properties": { "NTA2020": "MN1102" }, "geometry": { "type": "MultiPolygon", "coordinates": [ [ [ [ -73.927185147783703, 40.797349896780268 ], [ -73.927671226208673, 40.79721701426628 ], [ -73.927706941271225, 40.797298663379586 ], [ -73.927382636245596, 40.797377063077896 ], [ -73.927185147783703, 40.797349896780268 ] ] ], [ [ [ -73.926720911689713, 40.800414210943586 ], [ -73.926538464561162, 40.800333898810926 ], [ -73.926742638929966, 40.800403498972798 ], [ -73.926720911689713, 40.800414210943586 ] ] ], [ [ [ -73.927169330224871, 40.800405853696176 ], [ -73.926695726295037, 40.800146977655061 ], [ -73.927247707892818, 40.800392957368999 ], [ -73.927114642306421, 40.800563756229579 ], [ -73.927169330224871, 40.800405853696176 ] ] ], [ [ [ -73.926886060220014, 40.800840648368926 ], [ -73.926509548673039, 40.800657031524565 ], [ -73.926869086794596, 40.800783676799284 ], [ -73.927046402979087, 40.800651743031317 ], [ -73.926886060220014, 40.800840648368926 ] ] ], [ [ [ -73.933830006959113, 40.819491095587722 ], [ -73.933829008846089, 40.815585360187505 ], [ -73.933946088253464, 40.815587624739194 ], [ -73.934014767269787, 40.814483752624817 ], [ -73.933856526388169, 40.814481474419232 ], [ -73.933865102619023, 40.814153157955651 ], [ -73.93433864584739, 40.809562213831377 ], [ -73.934120734842978, 40.808656451977434 ], [ -73.933561193114812, 40.807600677386702 ], [ -73.931159499873274, 40.804966940262474 ], [ -73.93030876458775, 40.803786015368118 ], [ -73.929208175959644, 40.801147520611288 ], [ -73.929034902403103, 40.801080903851897 ], [ -73.928901523441709, 40.799855214662728 ], [ -73.929036401796253, 40.796762594101295 ], [ -73.929279367411709, 40.795853139520638 ], [ -73.93006881035538, 40.794700828605485 ], [ -73.933484896446487, 40.792774171332546 ], [ -73.935054060579631, 40.791686231358476 ], [ -73.935399208124849, 40.791970688951693 ], [ -73.935553128392243, 40.791842225574271 ], [ -73.93773612057376, 40.792815804101622 ], [ -73.938648833004081, 40.791557754806135 ], [ -73.943272511905249, 40.793488103438179 ], [ -73.941876046608485, 40.79540586905047 ], [ -73.948311254543825, 40.798129217566832 ], [ -73.944599152962297, 40.80322504834286 ], [ -73.946200458350617, 40.803906522432399 ], [ -73.944355871109124, 40.806413587409367 ], [ -73.942753672281938, 40.805744012794648 ], [ -73.934128167612144, 40.817733962513955 ], [ -73.934475236104575, 40.819697496396238 ], [ -73.933830006959113, 40.819491095587722 ] ] ] ] } },
{ "type": "Feature", "properties": { "NTA2020": "MN1191" }, "geometry": { "type": "Polygon", "coordinates": [ [ [ -73.927185147783703, 40.797349896780268 ], [ -73.927439221852637, 40.797710538718619 ], [ -73.927475886034955, 40.798122899664946 ], [ -73.9272629329122, 40.798918645624617 ], [ -73.926882617543583, 40.799940768503262 ], [ -73.926502502754701, 40.800374917809521 ], [ -73.926684706872265, 40.800454757758857 ], [ -73.925698262448378, 40.801810871351059 ], [ -73.925275210201249, 40.801998522743375 ], [ -73.922633785948975, 40.801868738141081 ], [ -73.921910922295723, 40.801502666253569 ], [ -73.920314655212294, 40.79937545929004 ], [ -73.916629852478025, 40.79785813943711 ], [ -73.915454709664189, 40.797063466031005 ], [ -73.91380428276814, 40.794511846455919 ], [ -73.913783853705937, 40.793836285482115 ], [ -73.915141344261741, 40.792012482492318 ], [ -73.916305746816761, 40.7911174803343 ], [ -73.9161708792398, 40.791014293373784 ], [ -73.916865405849521, 40.790362062961627 ], [ -73.917106223129494, 40.790468616736803 ], [ -73.918562997749859, 40.789695333825932 ], [ -73.918508769590929, 40.789425089769423 ], [ -73.922190980572978, 40.785510671573846 ], [ -73.922852032801529, 40.783555693417696 ], [ -73.92306473139385, 40.783342884774328 ], [ -73.924480522804245, 40.782320490645844 ], [ -73.925718086785338, 40.782176557944602 ], [ -73.927324225748634, 40.781090629324304 ], [ -73.928101189873388, 40.780920320042163 ], [ -73.931053528078351, 40.782396594069191 ], [ -73.93502345134462, 40.783006382531418 ], [ -73.935812997986645, 40.783710081034997 ], [ -73.936070646831226, 40.784217215620636 ], [ -73.935712659315769, 40.785680489492215 ], [ -73.932696060863208, 40.789178223664898 ], [ -73.9324014551364, 40.789720290672754 ], [ -73.932240732848598, 40.789694849737508 ], [ -73.930841787392282, 40.790991430504157 ], [ -73.929724007818621, 40.791366178845628 ], [ -73.928072735756047, 40.790823391785636 ], [ -73.926104102528242, 40.790731607117777 ], [ -73.926159423158467, 40.79171538949771 ], [ -73.926567663399737, 40.791858134781812 ], [ -73.925607560262463, 40.791895907466404 ], [ -73.926737988469228, 40.791928423294401 ], [ -73.926330322672655, 40.791503476556485 ], [ -73.926565848159299, 40.790979502215805 ], [ -73.927868892411382, 40.790954838131867 ], [ -73.927893744985965, 40.791091111420947 ], [ -73.927135637942072, 40.791929306603571 ], [ -73.927801414062699, 40.791997479261958 ], [ -73.928267202079311, 40.792328524450234 ], [ -73.928322716091856, 40.793101989642814 ], [ -73.927353321466811, 40.794461894609945 ], [ -73.926936147708119, 40.795497062339457 ], [ -73.926889678941023, 40.796252011360629 ], [ -73.927185147783703, 40.797349896780268 ] ] ] } },
{ "type": "Feature", "properties": { "NTA2020": "MN1201" }, "geometry": { "type": "Polygon", "coordinates": [ [ [ -73.931393553819447, 40.847428231409886 ], [ -73.935566971744237, 40.841712527557945 ], [ -73.935628267368344, 40.841279362152775 ], [ -73.935005753398812, 40.839851910781817 ], [ -73.935055088250522, 40.839333236163242 ], [ -73.935330614706928, 40.838874912997753 ], [ -73.936383169252707, 40.837850125053549 ], [ -73.938037916022296, 40.834286591108025 ], [ -73.939479177870268, 40.833014012409159 ], [ -73.940219145394011, 40.831883834014796 ], [ -73.940368756759554, 40.831556129525374 ], [ -73.940346433136924, 40.83045784284986 ], [ -73.948276768571716, 40.833865456098117 ], [ -73.948905432862162, 40.83406529937939 ], [ -73.949341227774738, 40.833982114962481 ], [ -73.950212185600151, 40.834303119958363 ], [ -73.949546007293733, 40.836604371501849 ], [ -73.949282850890114, 40.836740786563297 ], [ -73.949542105044841, 40.83687963192569 ], [ -73.948560545205268, 40.839564885161735 ], [ -73.947383221542623, 40.841940825801913 ], [ -73.946124164217721, 40.843892496557167 ], [ -73.946171749838769, 40.845392891580666 ], [ -73.946517302006185, 40.845995183901202 ], [ -73.946350780499358, 40.846240331289295 ], [ -73.946824453426856, 40.847134261567255 ], [ -73.946635500126689, 40.84891242505973 ], [ -73.947027824947213, 40.850041831812469 ], [ -73.946964416934094, 40.850465525817917 ], [ -73.943187194632216, 40.849754842134459 ], [ -73.943890003455749, 40.848202911439479 ], [ -73.942053951160631, 40.848316733089732 ], [ -73.938036161778285, 40.847557754416449 ], [ -73.93767236977699, 40.848392728474479 ], [ -73.936396830697717, 40.849541195339199 ], [ -73.931393553819447, 40.847428231409886 ] ] ] } },
{ "type": "Feature", "properties": { "NTA2020": "MN1202" }, "geometry": { "type": "Polygon", "coordinates": [ [ [ -73.931503845509127, 40.86903522056442 ], [ -73.927269150919614, 40.865534559818983 ], [ -73.924741534075707, 40.861593638252074 ], [ -73.925286901677822, 40.86012489977891 ], [ -73.92698091222492, 40.858605481673116 ], [ -73.927122220717848, 40.858109611210843 ], [ -73.926911174912377, 40.857508760353355 ], [ -73.926272654002545, 40.858128431176205 ], [ -73.9254834063386, 40.858188531018484 ], [ -73.925001755170896, 40.8578774646979 ], [ -73.924634413798643, 40.856885034602151 ], [ -73.924962414114574, 40.856219851180335 ], [ -73.927695658043035, 40.852487782106145 ], [ -73.927033157366949, 40.852200775102816 ], [ -73.927079823439584, 40.851432343384623 ], [ -73.927476805516918, 40.850694370297276 ], [ -73.928982427215672, 40.849256122492029 ], [ -73.929707315592211, 40.848122612216876 ], [ -73.93062107886071, 40.848480976768904 ], [ -73.931393553819447, 40.847428231409886 ], [ -73.936396830697717, 40.849541195339199 ], [ -73.93767236977699, 40.848392728474479 ], [ -73.938036161778285, 40.847557754416449 ], [ -73.942053951160631, 40.848316733089732 ], [ -73.943890003455749, 40.848202911439479 ], [ -73.943187194632216, 40.849754842134459 ], [ -73.946964416934094, 40.850465525817917 ], [ -73.946502294586494, 40.850975665608765 ], [ -73.946275014967057, 40.850840977173029 ], [ -73.946200783220817, 40.851031488105413 ], [ -73.946081905010686, 40.850980714881075 ], [ -73.946117441051925, 40.851172582517158 ], [ -73.945652836264543, 40.851211097838657 ], [ -73.94466721178145, 40.851921226006802 ], [ -73.944325184824763, 40.851822576438636 ], [ -73.944196607813481, 40.852015341815871 ], [ -73.943479785456674, 40.852281882444565 ], [ -73.941869964266729, 40.85386773944284 ], [ -73.940293474971199, 40.856641770657639 ], [ -73.93911094164396, 40.858040911225757 ], [ -73.938309574342924, 40.859380523608131 ], [ -73.937529441725601, 40.860096641282055 ], [ -73.93647561664848, 40.861926591673331 ], [ -73.934016644266976, 40.86503554829163 ], [ -73.933950017115791, 40.86534674620988 ], [ -73.932663327214627, 40.867237066437013 ], [ -73.932901718917691, 40.867293043899728 ], [ -73.932839582050633, 40.867415276911437 ], [ -73.932597948528056, 40.86731134967043 ], [ -73.932518884044399, 40.867410503365875 ], [ -73.93226769826255, 40.868562318972415 ], [ -73.932492142986334, 40.868677519159711 ], [ -73.932650835128072, 40.868465033481918 ], [ -73.932523545600375, 40.868722078358964 ], [ -73.93225031755, 40.86863950887011 ], [ -73.932313854482302, 40.868923720343744 ], [ -73.9325689548279, 40.868979403213956 ], [ -73.932189038260788, 40.869366976389109 ], [ -73.932468830699079, 40.869476099387015 ], [ -73.932353708072768, 40.869755255296639 ], [ -73.932359344660028, 40.869507363219405 ], [ -73.932133366030499, 40.869415975441008 ], [ -73.932050021697464, 40.869641746782754 ], [ -73.932198551151373, 40.869844870743478 ], [ -73.931565370059886, 40.869582158437488 ], [ -73.931503845509127, 40.86903522056442 ] ] ] } },
{ "type": "Feature", "properties": { "NTA2020": "MN1203" }, "geometry": { "type": "MultiPolygon", "coordinates": [ [ [ [ -73.922296110144501, 40.855663835731818 ], [ -73.921698419046962, 40.856672301854985 ], [ -73.921518940590886, 40.856601170623222 ], [ -73.922296110144501, 40.855663835731818 ] ] ], [ [ [ -73.922344593079387, 40.85568233581445 ], [ -73.922879216856785, 40.855877258720469 ], [ -73.922775862840155, 40.856667216265777 ], [ -73.922887951042753, 40.858856940744339 ], [ -73.927269150919614, 40.865534559818983 ], [ -73.928726432023439, 40.866741428221104 ], [ -73.926198478682778, 40.868513499363942 ], [ -73.922343607051531, 40.869459040670989 ], [ -73.922141525869748, 40.869147795973589 ], [ -73.921626226918448, 40.86939218399587 ], [ -73.919254816898984, 40.871007842133217 ], [ -73.919698875983386, 40.872063530034183 ], [ -73.918429244859212, 40.873009778063981 ], [ -73.914009854832031, 40.871160593865021 ], [ -73.911762964575814, 40.873052524639618 ], [ -73.91142596184433, 40.873181766652429 ], [ -73.910648772777435, 40.872296248963217 ], [ -73.910433635704493, 40.871380816384274 ], [ -73.910723558798963, 40.870948836142055 ], [ -73.910924912242336, 40.869436591354166 ], [ -73.911474488991118, 40.869454757638358 ], [ -73.911030579502579, 40.869155402996014 ], [ -73.911128908817645, 40.868920043664019 ], [ -73.911328177588246, 40.868802439535806 ], [ -73.911847746468155, 40.867672520472524 ], [ -73.912731739195195, 40.866605212711335 ], [ -73.912547751302824, 40.866514943004347 ], [ -73.913918631332393, 40.864745584403629 ], [ -73.914923879278689, 40.864580378919172 ], [ -73.914540376260206, 40.864412351623407 ], [ -73.914411133926819, 40.864173626873011 ], [ -73.915085838543334, 40.864448143417334 ], [ -73.915899116458604, 40.864308037582525 ], [ -73.915871480657202, 40.864129090533055 ], [ -73.91519574800158, 40.863945224233333 ], [ -73.915175564297073, 40.863680433750957 ], [ -73.915476824442536, 40.863346107296785 ], [ -73.915386730511429, 40.863084384200725 ], [ -73.91729467741682, 40.861679418230665 ], [ -73.918434392517852, 40.860221533395311 ], [ -73.918393112176446, 40.860080469421945 ], [ -73.918777966000974, 40.859546750813983 ], [ -73.919502136609267, 40.858791133790525 ], [ -73.920478682731641, 40.859104092098882 ], [ -73.921270912963138, 40.860188042816731 ], [ -73.921590148482281, 40.86007280002692 ], [ -73.921866337837116, 40.859181339647229 ], [ -73.921306726743936, 40.858899312865873 ], [ -73.921071552430959, 40.858553444528212 ], [ -73.921087676465504, 40.858299841248048 ], [ -73.920914598577284, 40.85821896714031 ], [ -73.921143965890607, 40.857551224057659 ], [ -73.921555504634895, 40.85732175059627 ], [ -73.921558571557512, 40.857088830629145 ], [ -73.922376957423538, 40.856583569624867 ], [ -73.922344593079387, 40.85568233581445 ] ] ] ] } },
{ "type": "Feature", "properties": { "NTA2020": "MN1291" }, "geometry": { "type": "Polygon", "coordinates": [ [ [ -73.922344593079387, 40.85568233581445 ], [ -73.9298142904901, 40.84507738364222 ], [ -73.930894652014246, 40.842538340141928 ], [ -73.934452393973714, 40.835980960149904 ], [ -73.934673930683303, 40.836064903239162 ], [ -73.938390956891723, 40.833088368580313 ], [ -73.939901239097821, 40.830953894966491 ], [ -73.940141312100906, 40.830371988880749 ], [ -73.940346433136924, 40.83045784284986 ], [ -73.940368756759554, 40.831556129525374 ], [ -73.940219145394011, 40.831883834014796 ], [ -73.939479177870268, 40.833014012409159 ], [ -73.938037916022296, 40.834286591108025 ], [ -73.936383169252707, 40.837850125053549 ], [ -73.935330614706928, 40.838874912997753 ], [ -73.935055088250522, 40.839333236163242 ], [ -73.935005753398812, 40.839851910781817 ], [ -73.935628267368344, 40.841279362152775 ], [ -73.935566971744237, 40.841712527557945 ], [ -73.93062107886071, 40.848480976768904 ], [ -73.929707315592211, 40.848122612216876 ], [ -73.928982427215672, 40.849256122492029 ], [ -73.927476805516918, 40.850694370297276 ], [ -73.927079823439584, 40.851432343384623 ], [ -73.927033157366949, 40.852200775102816 ], [ -73.927695658043035, 40.852487782106145 ], [ -73.924866369942222, 40.856358355887075 ], [ -73.924631121070533, 40.856967459470219 ], [ -73.925001755170896, 40.8578774646979 ], [ -73.925319372799123, 40.858127161413385 ], [ -73.926192451783123, 40.858161128033622 ], [ -73.926911174912377, 40.857508760353355 ], [ -73.927099521120269, 40.858275270340812 ], [ -73.926766026056896, 40.85891354033609 ], [ -73.925286901677822, 40.86012489977891 ], [ -73.924779167352852, 40.861579914669221 ], [ -73.922887951042753, 40.858856940744339 ], [ -73.922775862840155, 40.856667216265777 ], [ -73.922879216856785, 40.855877258720469 ], [ -73.922344593079387, 40.85568233581445 ] ] ] } },
{ "type": "Feature", "properties": { "NTA2020": "MN1292" }, "geometry": { "type": "MultiPolygon", "coordinates": [ [ [ [ -73.926405569211155, 40.877621476537371 ], [ -73.926295487973874, 40.877488468090462 ], [ -73.926457849010163, 40.877258188506211 ], [ -73.926192922555728, 40.877064419388326 ], [ -73.925552922433809, 40.877102589301074 ], [ -73.925082157013378, 40.877397610615596 ], [ -73.924570369911805, 40.87742891263332 ], [ -73.92329476733984, 40.87726443495724 ], [ -73.92239768169317, 40.876780223141253 ], [ -73.922444682181876, 40.875691835559088 ], [ -73.922668039867204, 40.874981990958126 ], [ -73.922576368190335, 40.874295182420191 ], [ -73.92208320142349, 40.87358380809583 ], [ -73.921117415779733, 40.873033455186253 ], [ -73.920292305727145, 40.873098416622611 ], [ -73.919793016724157, 40.87360651215787 ], [ -73.920626991656874, 40.87423481112878 ], [ -73.92080255630357, 40.874194058866713 ], [ -73.920700105989852, 40.874391933609445 ], [ -73.921181865089764, 40.875137840850677 ], [ -73.920806096440629, 40.875477492470154 ], [ -73.918875258972449, 40.874678996392639 ], [ -73.919274383180436, 40.873651880402058 ], [ -73.91892851230503, 40.873316510215766 ], [ -73.918499956621986, 40.873191715603859 ], [ -73.918397228083364, 40.873231811630923 ], [ -73.918597298663158, 40.873495497325131 ], [ -73.917929029179902, 40.873978893205049 ], [ -73.917577298847306, 40.874548678547228 ], [ -73.917871449175053, 40.873904995288683 ], [ -73.917505871709665, 40.874168811454453 ], [ -73.916435739321429, 40.874509698733384 ], [ -73.91522402146056, 40.874486621868179 ], [ -73.912610733085529, 40.87375731612309 ], [ -73.911515161232543, 40.873236630127863 ], [ -73.914009854832031, 40.871160593865021 ], [ -73.918429244859212, 40.873009778063981 ], [ -73.919698875983386, 40.872063530034183 ], [ -73.919254816898984, 40.871007842133217 ], [ -73.921626226918448, 40.86939218399587 ], [ -73.922141525869748, 40.869147795973589 ], [ -73.922343607051531, 40.869459040670989 ], [ -73.926198478682778, 40.868513499363942 ], [ -73.928726432023439, 40.866741428221104 ], [ -73.931503845509127, 40.86903522056442 ], [ -73.931565370059886, 40.869582158437488 ], [ -73.932198551151373, 40.869844870743478 ], [ -73.932206005318662, 40.870096445104465 ], [ -73.931913771368102, 40.871129493722769 ], [ -73.93137655898947, 40.872108627360646 ], [ -73.929179682559692, 40.875555548966396 ], [ -73.928146236035701, 40.876522528943987 ], [ -73.927530821274885, 40.876710534813029 ], [ -73.926405569211155, 40.877621476537371 ] ] ], [ [ [ -73.923629739504136, 40.878963943243299 ], [ -73.923636952892224, 40.878815355932133 ], [ -73.923679193116811, 40.878826074498654 ], [ -73.923629739504136, 40.878963943243299 ] ] ] ] } },
{ "type": "Feature", "properties": { "NTA2020": "MN6491" }, "geometry": { "type": "Polygon", "coordinates": [ [ [ -73.94923327082499, 40.796871999905463 ], [ -73.973014871761208, 40.764278879445236 ], [ -73.981491214266839, 40.767881199100891 ], [ -73.981442544393417, 40.768163970181696 ], [ -73.981679436393961, 40.768390130936183 ], [ -73.958172970377078, 40.800582541457146 ], [ -73.94923327082499, 40.796871999905463 ] ] ] } },
{ "type": "Feature", "properties": { "NTA2020": "QN0101" }, "geometry": { "type": "Polygon", "coordinates": [ [ [ -73.889454868375452, 40.77353295162915 ], [ -73.88874444049091, 40.768918179253717 ], [ -73.888217777783936, 40.768589987898757 ], [ -73.887729882248706, 40.766914434872085 ], [ -73.888365464017824, 40.766769593135606 ], [ -73.888342018335081, 40.766596800355885 ], [ -73.88918520529235, 40.766297691929246 ], [ -73.890890436940211, 40.765858198612996 ], [ -73.891090277791363, 40.766336635603295 ], [ -73.893859876834412, 40.766421445751142 ], [ -73.894323720214643, 40.766146471735432 ], [ -73.902266372299735, 40.767456944445151 ], [ -73.904136377801805, 40.767520317309796 ], [ -73.90577353036042, 40.768028588759279 ], [ -73.918078752445652, 40.770061995895787 ], [ -73.917702172822615, 40.770393111588362 ], [ -73.922166974792901, 40.773546878028405 ], [ -73.923981429381712, 40.774615112688927 ], [ -73.923025715472249, 40.77538430988934 ], [ -73.923757613303721, 40.776547012019002 ], [ -73.917965814358965, 40.781256291967573 ], [ -73.919964587929641, 40.78263506903906 ], [ -73.918188629391892, 40.783932966113703 ], [ -73.91717118646369, 40.784193484874038 ], [ -73.91718200679621, 40.784552063681986 ], [ -73.916832770164234, 40.785191392487384 ], [ -73.915751728945622, 40.786107578578125 ], [ -73.915260140021573, 40.78619221714461 ], [ -73.915587102058879, 40.786429631166342 ], [ -73.912599859776151, 40.789376329634401 ], [ -73.912408110002545, 40.789274303445588 ], [ -73.912667482946034, 40.789003975043819 ], [ -73.911951109055735, 40.789401797221032 ], [ -73.912079750244203, 40.789521814989577 ], [ -73.91183777669977, 40.789680884457844 ], [ -73.91169342372018, 40.789572638609854 ], [ -73.910942975003579, 40.789755043253841 ], [ -73.910904870326121, 40.790040684962356 ], [ -73.910222157840494, 40.790465207782368 ], [ -73.909858629257783, 40.790945493781926 ], [ -73.906779914207732, 40.790375108653201 ], [ -73.906473146101007, 40.790181175208119 ], [ -73.902063278867573, 40.789494405997836 ], [ -73.900326297438212, 40.789007662825725 ], [ -73.896939935625639, 40.786624668969736 ], [ -73.896512049136149, 40.786068659026036 ], [ -73.896352513223363, 40.786179310203288 ], [ -73.896502548339797, 40.786057467844088 ], [ -73.89637855982231, 40.785908981094487 ], [ -73.896218035229182, 40.786016022871323 ], [ -73.896043766681316, 40.785799987480495 ], [ -73.896242597932627, 40.785740432991965 ], [ -73.896140150898177, 40.785607167288319 ], [ -73.895980013227856, 40.785711675768958 ], [ -73.895929629755258, 40.785648944313827 ], [ -73.896126326325913, 40.78559316880888 ], [ -73.895829143770598, 40.78522152738352 ], [ -73.896831738243932, 40.784427663703475 ], [ -73.896755648139319, 40.784322339375798 ], [ -73.896859388803904, 40.784404120482733 ], [ -73.89715534459026, 40.784194962856944 ], [ -73.897060871376596, 40.784073299318543 ], [ -73.897192735505428, 40.784168537429771 ], [ -73.897421989645778, 40.783996314721136 ], [ -73.897315707937366, 40.783871959800692 ], [ -73.89745426052167, 40.783970873888379 ], [ -73.897613965943819, 40.783844967784809 ], [ -73.897722265281885, 40.783743464835588 ], [ -73.897598785262105, 40.783650154950017 ], [ -73.897810438745779, 40.783684461545079 ], [ -73.897675180696325, 40.783584272755348 ], [ -73.898761626615041, 40.782748945881956 ], [ -73.901145775521115, 40.782711106090638 ], [ -73.902178153160023, 40.781780561863492 ], [ -73.902677235821074, 40.780594131742419 ], [ -73.902579296723488, 40.780289120835612 ], [ -73.902343038826771, 40.780187244804587 ], [ -73.902183037066592, 40.78035936664952 ], [ -73.902035657901166, 40.781203101962952 ], [ -73.901291276189269, 40.781858419270378 ], [ -73.900349607803392, 40.782164410027427 ], [ -73.898654378440384, 40.781995420320818 ], [ -73.894377779341369, 40.78424320348423 ], [ -73.894294823567591, 40.784117567827039 ], [ -73.896063777384313, 40.783157201805217 ], [ -73.894774290535366, 40.782253592494293 ], [ -73.895421979716659, 40.781717771016304 ], [ -73.895357505675136, 40.781657657133451 ], [ -73.89460091774589, 40.782253158981362 ], [ -73.895344478422942, 40.781585566311293 ], [ -73.894164690907928, 40.782472046706502 ], [ -73.893060906920638, 40.781848289707156 ], [ -73.892307502036459, 40.78246604157377 ], [ -73.892749178764149, 40.782965706684784 ], [ -73.891654591237256, 40.782194781530727 ], [ -73.892241910973681, 40.782410799563714 ], [ -73.893009861801929, 40.781798023562217 ], [ -73.892278645975964, 40.781300322182815 ], [ -73.892111488546817, 40.781395179209106 ], [ -73.892217927786461, 40.781205323876549 ], [ -73.891671037329914, 40.780854854273869 ], [ -73.891591641684158, 40.780581120818638 ], [ -73.892534845649024, 40.779770519588524 ], [ -73.892540181455516, 40.779551834271487 ], [ -73.891668597029238, 40.77949253890732 ], [ -73.891195897044014, 40.77856328788711 ], [ -73.892522598608892, 40.777404628989082 ], [ -73.891416059023129, 40.776338956736879 ], [ -73.891832448384022, 40.774880199888173 ], [ -73.891443619413849, 40.775622694710286 ], [ -73.891358014046148, 40.776049408432741 ], [ -73.891367662733401, 40.776342998578563 ], [ -73.891451857785171, 40.776512769774115 ], [ -73.891120443394797, 40.777124699736028 ], [ -73.890562505953582, 40.777403920964332 ], [ -73.890351930825304, 40.777800320777445 ], [ -73.890087294168822, 40.777784193104338 ], [ -73.889471054657875, 40.775535551470476 ], [ -73.889789007560651, 40.774236861169861 ], [ -73.890191715866976, 40.773646876728236 ], [ -73.889851698935672, 40.773753297363321 ], [ -73.889454868375452, 40.77353295162915 ] ] ] } },
{ "type": "Feature", "properties": { "NTA2020": "QN0102" }, "geometry": { "type": "Polygon", "coordinates": [ [ [ -73.928277308327168, 40.776898975324443 ], [ -73.923981429381712, 40.774615112688927 ], [ -73.927806785722282, 40.769889038658427 ], [ -73.926473412649528, 40.769271395746216 ], [ -73.93036546048927, 40.764490750882558 ], [ -73.936183797415808, 40.767691801662622 ], [ -73.935931770370061, 40.767783702765193 ], [ -73.935771340573567, 40.769050010045483 ], [ -73.934717184500542, 40.770029858215104 ], [ -73.934246096811478, 40.771029275674579 ], [ -73.934527301094406, 40.771176775103392 ], [ -73.934435257431772, 40.77146236233343 ], [ -73.934826227616981, 40.771576958073297 ], [ -73.934806813441625, 40.771734138889926 ], [ -73.937466386031858, 40.77253149512557 ], [ -73.937858118888855, 40.774087568973414 ], [ -73.93765483090813, 40.775085685383686 ], [ -73.936380228175395, 40.776921456562668 ], [ -73.934743530773972, 40.778076335377406 ], [ -73.931788343051551, 40.77787060710488 ], [ -73.931049642989436, 40.777441897312066 ], [ -73.931073771467538, 40.777260594398165 ], [ -73.930628565541653, 40.776590902749604 ], [ -73.929880585661991, 40.776221631902281 ], [ -73.928605150233494, 40.776592675101 ], [ -73.928277308327168, 40.776898975324443 ] ] ] } },
{ "type": "Feature", "properties": { "NTA2020": "QN0103" }, "geometry": { "type": "Polygon", "coordinates": [ [ [ -73.911940260703304, 40.769010153120803 ], [ -73.914499024221954, 40.765856399516657 ], [ -73.913700713879436, 40.765480239439626 ], [ -73.914992115511112, 40.763892304537983 ], [ -73.9157911738059, 40.76426777112983 ], [ -73.924157000437276, 40.753961142331761 ], [ -73.932152002758315, 40.757710385327066 ], [ -73.929650619675542, 40.760797761586886 ], [ -73.930549639172938, 40.761220601302568 ], [ -73.929434408229056, 40.762380093350828 ], [ -73.931336261391138, 40.763276440695712 ], [ -73.926473412649528, 40.769271395746216 ], [ -73.927806785722282, 40.769889038658427 ], [ -73.923981429381712, 40.774615112688927 ], [ -73.922166974792901, 40.773546878028405 ], [ -73.917702172822615, 40.770393111588362 ], [ -73.918078752445652, 40.770061995895787 ], [ -73.911940260703304, 40.769010153120803 ] ] ] } },
{ "type": "Feature", "properties": { "NTA2020": "QN0104" }, "geometry": { "type": "Polygon", "coordinates": [ [ [ -73.9020251656558, 40.767416783847239 ], [ -73.903512277527668, 40.765849460114012 ], [ -73.902072958721206, 40.762380970126522 ], [ -73.901528515635377, 40.759627894678466 ], [ -73.898554929712773, 40.759924103158568 ], [ -73.899337832017451, 40.75879215023236 ], [ -73.899743271085953, 40.75749315074011 ], [ -73.899480107504218, 40.756246580218281 ], [ -73.898542231118782, 40.754170112432547 ], [ -73.910231246685669, 40.752976523472874 ], [ -73.914464507787272, 40.753676411568591 ], [ -73.917631928356641, 40.753857848779269 ], [ -73.925627437915409, 40.752137244755446 ], [ -73.9157911738059, 40.76426777112983 ], [ -73.914992115511112, 40.763892304537983 ], [ -73.913700713879436, 40.765480239439626 ], [ -73.914499024221954, 40.765856399516657 ], [ -73.911940260703304, 40.769010153120803 ], [ -73.90577353036042, 40.768028588759279 ], [ -73.904136377801805, 40.767520317309796 ], [ -73.9020251656558, 40.767416783847239 ] ] ] } },
{ "type": "Feature", "properties": { "NTA2020": "QN0105" }, "geometry": { "type": "Polygon", "coordinates": [ [ [ -73.934904813487563, 40.771270641187087 ], [ -73.934246096811478, 40.771029275674579 ], [ -73.934474491456726, 40.77041159718889 ], [ -73.934869254046092, 40.769850878443755 ], [ -73.935771340573567, 40.769050010045483 ], [ -73.935931770370061, 40.767783702765193 ], [ -73.936183797415808, 40.767691801662622 ], [ -73.93036546048927, 40.764490750882558 ], [ -73.931336261391138, 40.763276440695712 ], [ -73.929434408229056, 40.762380093350828 ], [ -73.930549639172938, 40.761220601302568 ], [ -73.929650619675542, 40.760797761586886 ], [ -73.932152002758315, 40.757710385327066 ], [ -73.924157000437276, 40.753961142331761 ], [ -73.925627437915409, 40.752137244755446 ], [ -73.932276232475246, 40.751953886037086 ], [ -73.933832694066098, 40.751604701940238 ], [ -73.936094990431116, 40.749731530879004 ], [ -73.935386852554686, 40.749411933152977 ], [ -73.936863556689445, 40.748421263647529 ], [ -73.938045865113409, 40.749453264780783 ], [ -73.938117147396255, 40.749832708123883 ], [ -73.950839171420668, 40.755218083616498 ], [ -73.945705256407351, 40.76148815705664 ], [ -73.943502820327339, 40.76449904074385 ], [ -73.94131174941451, 40.766918004769657 ], [ -73.939835592830192, 40.767988005938996 ], [ -73.93936587223844, 40.768159701879611 ], [ -73.938955024533072, 40.76795818671966 ], [ -73.938197307547568, 40.768699744356688 ], [ -73.937887684263998, 40.768557553432146 ], [ -73.93777816678481, 40.768619051822618 ], [ -73.937958228951345, 40.768784934017845 ], [ -73.937471091168675, 40.768951558589066 ], [ -73.936814606547287, 40.768903947478435 ], [ -73.936707379891914, 40.769252609074151 ], [ -73.936403817361168, 40.769474885019491 ], [ -73.935740214326245, 40.769367229866589 ], [ -73.935240168311864, 40.769679325462988 ], [ -73.934694990670323, 40.770425338022577 ], [ -73.935147154025998, 40.770541956058437 ], [ -73.935008138722253, 40.771162394866565 ], [ -73.934904813487563, 40.771270641187087 ] ] ] } },
{ "type": "Feature", "properties": { "NTA2020": "QN0151" }, "geometry": { "type": "Polygon", "coordinates": [ [ [ -73.872871959038747, 40.785975027804788 ], [ -73.873514525248552, 40.785750091197279 ], [ -73.876772248508985, 40.785800458982862 ], [ -73.878306800576496, 40.785356620508495 ], [ -73.885374422110331, 40.78666912679855 ], [ -73.887701263064088, 40.78687227457263 ], [ -73.889052124431956, 40.787372560258099 ], [ -73.889610970429359, 40.788199991008248 ], [ -73.890301355650593, 40.789876727335361 ], [ -73.890799999098334, 40.790207576198533 ], [ -73.891605871153686, 40.79016070095323 ], [ -73.892181829188132, 40.790394269608385 ], [ -73.89282283610936, 40.792817081951462 ], [ -73.89179289686578, 40.796775245758688 ], [ -73.890731390283321, 40.797660899806559 ], [ -73.890874216789967, 40.797829748226384 ], [ -73.890621482665409, 40.79774892344858 ], [ -73.890830421694758, 40.798007406077105 ], [ -73.890607858242561, 40.79776750713777 ], [ -73.890169163686309, 40.797964658432591 ], [ -73.888861621939242, 40.797873057398512 ], [ -73.888310972243787, 40.798184185370225 ], [ -73.888513892711316, 40.798243155786295 ], [ -73.88850873250027, 40.798437839994548 ], [ -73.888392825452073, 40.798375280867852 ], [ -73.888512853716051, 40.798590541019699 ], [ -73.888996542228412, 40.798680754487862 ], [ -73.888977089801472, 40.798750530357005 ], [ -73.88821348851279, 40.798665304638583 ], [ -73.888392505197785, 40.79856629676739 ], [ -73.888233533136486, 40.798242884285955 ], [ -73.887559675806529, 40.798368732437091 ], [ -73.886651085245902, 40.798038196699935 ], [ -73.883716023646357, 40.795689839259445 ], [ -73.883655167566602, 40.795967230065152 ], [ -73.883203943037458, 40.795544997462272 ], [ -73.882096336874682, 40.795159861043054 ], [ -73.878746622347862, 40.794639444237276 ], [ -73.876903414170371, 40.793775458467508 ], [ -73.875816815614826, 40.793139836493744 ], [ -73.874852679056886, 40.792260723906878 ], [ -73.873035374912064, 40.791529627025525 ], [ -73.872218789710629, 40.791036861766486 ], [ -73.871211541435031, 40.790036121737181 ], [ -73.870795049072626, 40.787929016495163 ], [ -73.871630653734584, 40.786797905340535 ], [ -73.872871959038747, 40.785975027804788 ] ] ] } },
{ "type": "Feature", "properties": { "NTA2020": "QN0161" }, "geometry": { "type": "Polygon", "coordinates": [ [ [ -73.910231246685669, 40.752976523472874 ], [ -73.910341118009498, 40.752676815519131 ], [ -73.90984318646106, 40.751638679830556 ], [ -73.91314339244947, 40.750967052175795 ], [ -73.915256009314859, 40.750845625945743 ], [ -73.920539000844101, 40.749750827852175 ], [ -73.921014801325015, 40.750972609467063 ], [ -73.921612080914215, 40.7513715516221 ], [ -73.922550430016656, 40.751576479634707 ], [ -73.924633694701612, 40.751643345661485 ], [ -73.931519120665612, 40.75115245567104 ], [ -73.933939393511167, 40.750269645273647 ], [ -73.935386852554686, 40.749411933152977 ], [ -73.936094990431116, 40.749731530879004 ], [ -73.933832694066098, 40.751604701940238 ], [ -73.932276232475246, 40.751953886037086 ], [ -73.925627437915409, 40.752137244755446 ], [ -73.917631928356641, 40.753857848779269 ], [ -73.914464507787272, 40.753676411568591 ], [ -73.910231246685669, 40.752976523472874 ] ] ] } },
{ "type": "Feature", "properties": { "NTA2020": "QN0171" }, "geometry": { "type": "Polygon", "coordinates": [ [ [ -73.894323720214643, 40.766146471735432 ], [ -73.895096596349376, 40.764356577653679 ], [ -73.896456481385613, 40.763204837434351 ], [ -73.89877250789246, 40.75991557716786 ], [ -73.901528515635377, 40.759627894678466 ], [ -73.902072958721206, 40.762380970126522 ], [ -73.903512277527668, 40.765849460114012 ], [ -73.902179517444722, 40.767315841501414 ], [ -73.9020251656558, 40.767416783847239 ], [ -73.894323720214643, 40.766146471735432 ] ] ] } },
{ "type": "Feature", "properties": { "NTA2020": "QN0191" }, "geometry": { "type": "Polygon", "coordinates": [ [ [ -73.923981429381712, 40.774615112688927 ], [ -73.928277308327168, 40.776898975324443 ], [ -73.926318334039038, 40.778241775184974 ], [ -73.924873445478667, 40.778625604509486 ], [ -73.922956526901956, 40.780441007619679 ], [ -73.922099654994398, 40.780851874636937 ], [ -73.919964587929641, 40.78263506903906 ], [ -73.917965814358965, 40.781256291967573 ], [ -73.923757613303721, 40.776547012019002 ], [ -73.923025715472249, 40.77538430988934 ], [ -73.923981429381712, 40.774615112688927 ] ] ] } },
{ "type": "Feature", "properties": { "NTA2020": "QN0201" }, "geometry": { "type": "Polygon", "coordinates": [ [ [ -73.938045865113409, 40.749453264780783 ], [ -73.936636818911879, 40.748204093717796 ], [ -73.94032696058062, 40.745413143051465 ], [ -73.943427428620254, 40.744231171992681 ], [ -73.944010303594084, 40.743639454621359 ], [ -73.944195616121306, 40.742882145935333 ], [ -73.940315597551546, 40.744404498048915 ], [ -73.937696815883683, 40.745238574761984 ], [ -73.937261107383449, 40.745176490733876 ], [ -73.938679688683408, 40.738208301959219 ], [ -73.941461733970925, 40.739248583626832 ], [ -73.940508888057252, 40.740113941753144 ], [ -73.940361592850465, 40.740335345658231 ], [ -73.940561449690833, 40.740418322934218 ], [ -73.93910874138092, 40.742617035679281 ], [ -73.938669917531954, 40.74253408202496 ], [ -73.938587869767858, 40.742930882687503 ], [ -73.940019229756658, 40.743208272210744 ], [ -73.940148585212242, 40.742832441460067 ], [ -73.939653015213779, 40.742731087095663 ], [ -73.941594700300328, 40.739864126168946 ], [ -73.942596668448786, 40.739395147802867 ], [ -73.942901418288571, 40.739003801504424 ], [ -73.943822722775337, 40.738871537865506 ], [ -73.945482365901171, 40.73820703129379 ], [ -73.947150871811758, 40.737900123344765 ], [ -73.951380714518407, 40.739336477295062 ], [ -73.953808839208506, 40.739820292977917 ], [ -73.957414707660007, 40.739556582011581 ], [ -73.960067579018414, 40.738483749623747 ], [ -73.960725803736793, 40.738080170179174 ], [ -73.962165056193115, 40.73827253825899 ], [ -73.962131461129545, 40.738451070650754 ], [ -73.962608197508331, 40.738795539056596 ], [ -73.962430790713398, 40.739671480585557 ], [ -73.962209164917809, 40.740006175498095 ], [ -73.961790483291381, 40.740013130919664 ], [ -73.961246980115178, 40.740423597115381 ], [ -73.961937500864323, 40.740794878815933 ], [ -73.961803974890941, 40.741097673472211 ], [ -73.961218628520129, 40.741107860130185 ], [ -73.961073925679983, 40.741694504752132 ], [ -73.961364865830703, 40.741837197901873 ], [ -73.961108145014336, 40.741828025405326 ], [ -73.961552531689563, 40.741993261407181 ], [ -73.961190297890226, 40.742644855259726 ], [ -73.960971683854808, 40.742754054263727 ], [ -73.960542520406264, 40.743466393971502 ], [ -73.959774707978141, 40.743504683700507 ], [ -73.959705983608117, 40.743858650061206 ], [ -73.960015689282343, 40.743920109801095 ], [ -73.959946852333573, 40.743784575895127 ], [ -73.960123753759547, 40.743939207902521 ], [ -73.960057658430713, 40.743803675012416 ], [ -73.960568567923843, 40.744029666585206 ], [ -73.959632250239622, 40.743934631914151 ], [ -73.959391066095804, 40.744283324241287 ], [ -73.95972855228645, 40.744272115619417 ], [ -73.960155255176915, 40.744368782605584 ], [ -73.960126009623863, 40.744443936991495 ], [ -73.959233689456852, 40.744310043026509 ], [ -73.958775370044805, 40.744555599863446 ], [ -73.959442409408524, 40.744604220612189 ], [ -73.959389387081856, 40.744709954381257 ], [ -73.958879199433341, 40.744624331454688 ], [ -73.958758548348015, 40.744945005252887 ], [ -73.959665905875909, 40.745170300582572 ], [ -73.958493893031189, 40.744987864916268 ], [ -73.958452522696504, 40.745119011822183 ], [ -73.95925084238479, 40.745315529632393 ], [ -73.959337868447079, 40.745507606895927 ], [ -73.959059356079464, 40.745753368346392 ], [ -73.958502274593215, 40.745764974217842 ], [ -73.959143716929347, 40.746000603678489 ], [ -73.957040973428931, 40.748920351376647 ], [ -73.954853942680359, 40.748040794641007 ], [ -73.954151611639332, 40.748014411444757 ], [ -73.954364747834603, 40.747951172533746 ], [ -73.953183824928587, 40.747734811960967 ], [ -73.953053755714009, 40.74808748722932 ], [ -73.95478387869808, 40.748427687773244 ], [ -73.956321625096663, 40.749081553932321 ], [ -73.956011603027108, 40.749373994226758 ], [ -73.956221990206913, 40.749517303030437 ], [ -73.956000650946166, 40.749383703209212 ], [ -73.955760391409385, 40.749596659530219 ], [ -73.956201368011236, 40.749685633323764 ], [ -73.955464369364051, 40.749674213082649 ], [ -73.955349285144479, 40.750013856903976 ], [ -73.955132391524785, 40.749926424332337 ], [ -73.955202750408745, 40.749676537409485 ], [ -73.955066525601694, 40.749632730375431 ], [ -73.95451584573388, 40.750586698976782 ], [ -73.954650004131182, 40.750831040959511 ], [ -73.954498581636798, 40.751225835740676 ], [ -73.952929709391597, 40.752763649403988 ], [ -73.950839171420668, 40.755218083616498 ], [ -73.938117147396255, 40.749832708123883 ], [ -73.938045865113409, 40.749453264780783 ] ] ] } },
{ "type": "Feature", "properties": { "NTA2020": "QN0202" }, "geometry": { "type": "Polygon", "coordinates": [ [ [ -73.909711482191796, 40.74975470947777 ], [ -73.910149931746005, 40.748521572909802 ], [ -73.91164202765296, 40.748684576280134 ], [ -73.911909791229547, 40.748105394935138 ], [ -73.912448538492512, 40.745920402712656 ], [ -73.911247222612928, 40.745783993036959 ], [ -73.911987042112045, 40.74218897911274 ], [ -73.913827819702874, 40.74241368862203 ], [ -73.914434832392033, 40.74053105330966 ], [ -73.915735356733876, 40.740791559855587 ], [ -73.917177380357785, 40.736897870741437 ], [ -73.916515227535385, 40.736757346007948 ], [ -73.916897419099143, 40.735444708149529 ], [ -73.917493076965556, 40.73542134551144 ], [ -73.918351091378653, 40.733152559007351 ], [ -73.91881437820517, 40.733207654851434 ], [ -73.919021804029654, 40.732087838610333 ], [ -73.917314642985332, 40.731441749356755 ], [ -73.917606910252601, 40.730571982029801 ], [ -73.918363951942908, 40.725930883100432 ], [ -73.922168777683765, 40.726487411643966 ], [ -73.92645216955782, 40.728124281874777 ], [ -73.926527595048995, 40.727955307335748 ], [ -73.927908928152846, 40.728253316315495 ], [ -73.928485912203271, 40.727758580168775 ], [ -73.92923485876166, 40.728260165761078 ], [ -73.93043971043015, 40.728563137787084 ], [ -73.934531763756894, 40.729104806535005 ], [ -73.936481386140258, 40.729686519841565 ], [ -73.938044785071668, 40.730509967846082 ], [ -73.939110545748164, 40.731379806525595 ], [ -73.939910498296953, 40.733276328361796 ], [ -73.940032009911022, 40.733245044305747 ], [ -73.940165386409561, 40.73348637434475 ], [ -73.940018070129085, 40.733540441275274 ], [ -73.940067093270386, 40.73376215298012 ], [ -73.940864985927035, 40.735070409091087 ], [ -73.941624726364736, 40.735841442338248 ], [ -73.942641715016507, 40.736349516014386 ], [ -73.945944103330476, 40.737512515700516 ], [ -73.944638600648062, 40.738138352542123 ], [ -73.942578858121976, 40.738816020268565 ], [ -73.942803842676184, 40.738861546958837 ], [ -73.942556127391754, 40.739020866248921 ], [ -73.941461733970925, 40.739248583626832 ], [ -73.938679688683408, 40.738208301959219 ], [ -73.937261107383449, 40.745176490733876 ], [ -73.937696815883683, 40.745238574761984 ], [ -73.926770939789961, 40.747592427636341 ], [ -73.92079784733204, 40.74689069122519 ], [ -73.920342331587804, 40.7491589603721 ], [ -73.915405999410268, 40.750111076146005 ], [ -73.91348435078153, 40.750199311510158 ], [ -73.909711482191796, 40.74975470947777 ] ] ] } },
{ "type": "Feature", "properties": { "NTA2020": "QN0203" }, "geometry": { "type": "Polygon", "coordinates": [ [ [ -73.895644698144764, 40.748473705577958 ], [ -73.890886703167425, 40.740687245164203 ], [ -73.894690759408448, 40.740232139182865 ], [ -73.887253008044979, 40.73883597461942 ], [ -73.887535400166797, 40.736762543006286 ], [ -73.891368555723105, 40.736061331177822 ], [ -73.891378590855709, 40.73591831299683 ], [ -73.889361777313354, 40.735838337208598 ], [ -73.888522859675476, 40.734531160016004 ], [ -73.892555546555386, 40.734478126310243 ], [ -73.894924217743636, 40.735007722184001 ], [ -73.89854772823891, 40.735191910181854 ], [ -73.900263486466471, 40.734741947568466 ], [ -73.901079709003, 40.733914634779296 ], [ -73.905169488596584, 40.73585964312845 ], [ -73.906018304032528, 40.734010739079466 ], [ -73.905686459389102, 40.733915824807504 ], [ -73.90628903474132, 40.732400751533547 ], [ -73.91068876401151, 40.733471081742792 ], [ -73.908555015422095, 40.737930424581961 ], [ -73.907554904071574, 40.741664563905701 ], [ -73.911987042112045, 40.74218897911274 ], [ -73.911247222612928, 40.745783993036959 ], [ -73.912448538492512, 40.745920402712656 ], [ -73.911909791229547, 40.748105394935138 ], [ -73.91164202765296, 40.748684576280134 ], [ -73.910149931746005, 40.748521572909802 ], [ -73.909451827072999, 40.750655506889473 ], [ -73.910341118009498, 40.752676815519131 ], [ -73.910231246685669, 40.752976523472874 ], [ -73.898738164283486, 40.754153670436175 ], [ -73.897682670350036, 40.752399882774078 ], [ -73.897134516765647, 40.75005201503722 ], [ -73.896358697085432, 40.74877029023736 ], [ -73.895644698144764, 40.748473705577958 ] ] ] } },
{ "type": "Feature", "properties": { "NTA2020": "QN0261" }, "geometry": { "type": "Polygon", "coordinates": [ [ [ -73.909711482191796, 40.74975470947777 ], [ -73.914449959503102, 40.750215378634955 ], [ -73.920342331587804, 40.7491589603721 ], [ -73.92079784733204, 40.74689069122519 ], [ -73.926770939789961, 40.747592427636341 ], [ -73.937696815883683, 40.745238574761984 ], [ -73.940315597551546, 40.744404498048915 ], [ -73.944195616121306, 40.742882145935333 ], [ -73.944010303594084, 40.743639454621359 ], [ -73.943427428620254, 40.744231171992681 ], [ -73.94032696058062, 40.745413143051465 ], [ -73.936636818911879, 40.748204093717796 ], [ -73.936863556689445, 40.748421263647529 ], [ -73.935386852554686, 40.749411933152977 ], [ -73.933939393511167, 40.750269645273647 ], [ -73.931519120665612, 40.75115245567104 ], [ -73.924633694701612, 40.751643345661485 ], [ -73.922550430016656, 40.751576479634707 ], [ -73.921612080914215, 40.7513715516221 ], [ -73.921014801325015, 40.750972609467063 ], [ -73.920539000844101, 40.749750827852175 ], [ -73.915256009314859, 40.750845625945743 ], [ -73.91314339244947, 40.750967052175795 ], [ -73.90984318646106, 40.751638679830556 ], [ -73.909443308810751, 40.750755132365398 ], [ -73.909711482191796, 40.74975470947777 ] ] ] } },
{ "type": "Feature", "properties": { "NTA2020": "QN0271" }, "geometry": { "type": "Polygon", "coordinates": [ [ [ -73.913827819702874, 40.74241368862203 ], [ -73.907554904071574, 40.741664563905701 ], [ -73.908555015422095, 40.737930424581961 ], [ -73.91068876401151, 40.733471081742792 ], [ -73.90628903474132, 40.732400751533547 ], [ -73.905686459389102, 40.733915824807504 ], [ -73.906018304032528, 40.734010739079466 ], [ -73.905169488596584, 40.73585964312845 ], [ -73.901079709003, 40.733914634779296 ], [ -73.905180579197719, 40.728956576973772 ], [ -73.907068672954281, 40.727466522772538 ], [ -73.910125170218564, 40.729323475129441 ], [ -73.911730618582069, 40.729964124083274 ], [ -73.912009746871504, 40.729228864148077 ], [ -73.91204825053542, 40.728541407107237 ], [ -73.915052180954063, 40.728601180500419 ], [ -73.91507233834534, 40.727970820069075 ], [ -73.91796696640435, 40.728500770628834 ], [ -73.917521075674898, 40.731002704588576 ], [ -73.917314642985332, 40.731441749356755 ], [ -73.919021804029654, 40.732087838610333 ], [ -73.91881437820517, 40.733207654851434 ], [ -73.918351091378653, 40.733152559007351 ], [ -73.917493076965556, 40.73542134551144 ], [ -73.916897419099143, 40.735444708149529 ], [ -73.916515227535385, 40.736757346007948 ], [ -73.917177380357785, 40.736897870741437 ], [ -73.915735356733876, 40.740791559855587 ], [ -73.914434832392033, 40.74053105330966 ], [ -73.913827819702874, 40.74241368862203 ] ] ] } },
{ "type": "Feature", "properties": { "NTA2020": "QN0301" }, "geometry": { "type": "Polygon", "coordinates": [ [ [ -73.873657217781727, 40.756803485602774 ], [ -73.869424586031556, 40.749156851520041 ], [ -73.891750487925307, 40.746811727636711 ], [ -73.896358697085432, 40.74877029023736 ], [ -73.897265366981387, 40.750340947900526 ], [ -73.897677564134696, 40.752385272805107 ], [ -73.898738164283486, 40.754153670436175 ], [ -73.898542231118782, 40.754170112432547 ], [ -73.899480107504218, 40.756246580218281 ], [ -73.899743271085953, 40.75749315074011 ], [ -73.899337832017451, 40.75879215023236 ], [ -73.898554929712773, 40.759924103158568 ], [ -73.89877250789246, 40.75991557716786 ], [ -73.896456481385613, 40.763204837434351 ], [ -73.895096596349376, 40.764356577653679 ], [ -73.894323720214643, 40.766146471735432 ], [ -73.893859876834412, 40.766421445751142 ], [ -73.891090277791363, 40.766336635603295 ], [ -73.890890436940211, 40.765858198612996 ], [ -73.88918520529235, 40.766297691929246 ], [ -73.888342018335081, 40.766596800355885 ], [ -73.888365464017824, 40.766769593135606 ], [ -73.887729882248706, 40.766914434872085 ], [ -73.887089640314201, 40.765013455245139 ], [ -73.886397123670264, 40.76121645324568 ], [ -73.878953826664812, 40.761983981983271 ], [ -73.876013718606444, 40.761443732139462 ], [ -73.875138742995347, 40.75663381606072 ], [ -73.873657217781727, 40.756803485602774 ] ] ] } },
{ "type": "Feature", "properties": { "NTA2020": "QN0302" }, "geometry": { "type": "Polygon", "coordinates": [ [ [ -73.863123336935203, 40.766302293702402 ], [ -73.859562523094255, 40.761971966997599 ], [ -73.859756289265036, 40.761835799661512 ], [ -73.85912375795418, 40.761275498655685 ], [ -73.85810853964189, 40.760637182445187 ], [ -73.856039808735474, 40.759725787413217 ], [ -73.854639957513996, 40.758466157766172 ], [ -73.85856138968208, 40.757912436856977 ], [ -73.865674370192238, 40.757629582857042 ], [ -73.875138742995347, 40.75663381606072 ], [ -73.876013718606444, 40.761443732139462 ], [ -73.878953826664812, 40.761983981983271 ], [ -73.886397123670264, 40.76121645324568 ], [ -73.887089640314201, 40.765013455245139 ], [ -73.887729882248706, 40.766914434872085 ], [ -73.884319105023636, 40.767981661496918 ], [ -73.878764396604879, 40.770792924740647 ], [ -73.876994263136368, 40.771422660383919 ], [ -73.874410004476729, 40.771847605489576 ], [ -73.871846462999684, 40.771742079937496 ], [ -73.870261427145593, 40.771356961781812 ], [ -73.868830670573459, 40.770733201580022 ], [ -73.865983492590459, 40.768860127129969 ], [ -73.863123336935203, 40.766302293702402 ] ] ] } },
{ "type": "Feature", "properties": { "NTA2020": "QN0303" }, "geometry": { "type": "Polygon", "coordinates": [ [ [ -73.852204505658548, 40.752660682362745 ], [ -73.861117075963548, 40.750024228365582 ], [ -73.869424586031556, 40.749156851520041 ], [ -73.873657217781727, 40.756803485602774 ], [ -73.865674370192238, 40.757629582857042 ], [ -73.85856138968208, 40.757912436856977 ], [ -73.854639957513996, 40.758466157766172 ], [ -73.853594775499133, 40.756696248651956 ], [ -73.852617253522425, 40.753405065527978 ], [ -73.852204505658548, 40.752660682362745 ] ] ] } },
{ "type": "Feature", "properties": { "NTA2020": "QN0401" }, "geometry": { "type": "Polygon", "coordinates": [ [ [ -73.865829560398979, 40.736643223514605 ], [ -73.864572486421494, 40.734188397515545 ], [ -73.876640058873619, 40.730299168002574 ], [ -73.880052744032525, 40.728990686254313 ], [ -73.881402882002874, 40.728732306041287 ], [ -73.885277169794463, 40.728407079858954 ], [ -73.887204826102064, 40.727868828937964 ], [ -73.88723573073726, 40.728932964661489 ], [ -73.887559621605121, 40.73019705574076 ], [ -73.888059752181718, 40.73008723070091 ], [ -73.888522859675476, 40.734531160016004 ], [ -73.889361777313354, 40.735838337208598 ], [ -73.891378590855709, 40.73591831299683 ], [ -73.891368555723105, 40.736061331177822 ], [ -73.887535400166797, 40.736762543006286 ], [ -73.887253008044979, 40.73883597461942 ], [ -73.894690759408448, 40.740232139182865 ], [ -73.890886703167425, 40.740687245164203 ], [ -73.895644698144764, 40.748473705577958 ], [ -73.891750487925307, 40.746811727636711 ], [ -73.869424586031556, 40.749156851520041 ], [ -73.868529252368063, 40.747588302245063 ], [ -73.86749135058345, 40.743302047457405 ], [ -73.86756253428625, 40.740941889093833 ], [ -73.865829560398979, 40.736643223514605 ] ] ] } },
{ "type": "Feature", "properties": { "NTA2020": "QN0402" }, "geometry": { "type": "Polygon", "coordinates": [ [ [ -73.847555797860693, 40.739063915745525 ], [ -73.849608582461329, 40.738183215523073 ], [ -73.851912487909772, 40.737423406973662 ], [ -73.856322606203449, 40.736506134493446 ], [ -73.858771412170796, 40.735785289538732 ], [ -73.858865556877319, 40.735939139310318 ], [ -73.864621934221759, 40.734281690115559 ], [ -73.865829560398979, 40.736643223514605 ], [ -73.86756253428625, 40.740941889093833 ], [ -73.86749135058345, 40.743302047457405 ], [ -73.868529252368063, 40.747588302245063 ], [ -73.869424586031556, 40.749156851520041 ], [ -73.861117075963548, 40.750024228365582 ], [ -73.852204505658548, 40.752660682362745 ], [ -73.850864397100338, 40.749995641874648 ], [ -73.854425752536613, 40.748851726884538 ], [ -73.850115566364181, 40.740723562798429 ], [ -73.847791735336912, 40.73983078601136 ], [ -73.847778442173137, 40.739344835748923 ], [ -73.847555797860693, 40.739063915745525 ] ] ] } },
{ "type": "Feature", "properties": { "NTA2020": "QN0501" }, "geometry": { "type": "Polygon", "coordinates": [ [ [ -73.888522859675476, 40.734531160016004 ], [ -73.888059752181718, 40.73008723070091 ], [ -73.887559621605121, 40.73019705574076 ], [ -73.88723573073726, 40.728932964661489 ], [ -73.887077120512572, 40.724637701844848 ], [ -73.886183224099085, 40.72461005928011 ], [ -73.882587869505443, 40.725082765285322 ], [ -73.881634090520976, 40.723880453510866 ], [ -73.894235324725443, 40.717924379781287 ], [ -73.894575027713628, 40.718377449728031 ], [ -73.892862568422032, 40.71921070510917 ], [ -73.894738924651364, 40.721577293394489 ], [ -73.894278796667621, 40.721774002703725 ], [ -73.894972190599006, 40.722823595755145 ], [ -73.894264942110354, 40.723143188917248 ], [ -73.895697433269049, 40.723412585544359 ], [ -73.895823807067117, 40.723898822129158 ], [ -73.89835285104455, 40.723112290370814 ], [ -73.899031918836499, 40.723856960315516 ], [ -73.900112236554193, 40.723308164653808 ], [ -73.899816100943028, 40.721236900782706 ], [ -73.897397048672275, 40.721551209957845 ], [ -73.897365983831648, 40.720464383376182 ], [ -73.900092863596697, 40.720176853339417 ], [ -73.900626444278728, 40.719764054044575 ], [ -73.900334544690793, 40.718669139905558 ], [ -73.90033904275478, 40.718019947896714 ], [ -73.900059380442499, 40.718046379109488 ], [ -73.899851494228002, 40.718375397966184 ], [ -73.898347601194644, 40.71919767806768 ], [ -73.897267578660134, 40.718147156562772 ], [ -73.899018210999273, 40.717382127467701 ], [ -73.897586536920201, 40.716494715246164 ], [ -73.895538251225062, 40.713803633708636 ], [ -73.895064694626114, 40.712479562728142 ], [ -73.90607768611649, 40.712902964710928 ], [ -73.924040113340226, 40.714008312628941 ], [ -73.924059097369934, 40.714111560147529 ], [ -73.923683521525248, 40.714082841408221 ], [ -73.924122415754965, 40.715138048445205 ], [ -73.923668957632145, 40.715535567938133 ], [ -73.922329701677015, 40.716076545172442 ], [ -73.920642589405389, 40.715773192531422 ], [ -73.920569055361099, 40.716003708340658 ], [ -73.922237611243403, 40.716382440494122 ], [ -73.922794147453956, 40.717534576144004 ], [ -73.923466026541618, 40.718130334322282 ], [ -73.923938673293534, 40.719042756787026 ], [ -73.923835754056512, 40.720148164078203 ], [ -73.924227162475745, 40.720887344591908 ], [ -73.924243649210638, 40.721429498256008 ], [ -73.924912411313187, 40.721960138811468 ], [ -73.925198721826717, 40.722445423573831 ], [ -73.924422987549278, 40.72358997548362 ], [ -73.922143309612849, 40.72370755701877 ], [ -73.920733560941315, 40.723309812770502 ], [ -73.920370642357298, 40.723681113318513 ], [ -73.922286202808891, 40.724181286434884 ], [ -73.924284345370722, 40.724291012093424 ], [ -73.925282223122068, 40.724720873899095 ], [ -73.926556639123973, 40.725669065287249 ], [ -73.928485912203271, 40.727758580168775 ], [ -73.927908928152846, 40.728253316315495 ], [ -73.926527595048995, 40.727955307335748 ], [ -73.92645216955782, 40.728124281874777 ], [ -73.922168777683765, 40.726487411643966 ], [ -73.918363951942908, 40.725930883100432 ], [ -73.91796696640435, 40.728500770628834 ], [ -73.91507233834534, 40.727970820069075 ], [ -73.915052180954063, 40.728601180500419 ], [ -73.91204825053542, 40.728541407107237 ], [ -73.912009746871504, 40.729228864148077 ], [ -73.911730618582069, 40.729964124083274 ], [ -73.910125170218564, 40.729323475129441 ], [ -73.907068672954281, 40.727466522772538 ], [ -73.905180579197719, 40.728956576973772 ], [ -73.900608149344251, 40.734483855080001 ], [ -73.899825131063352, 40.734931395019579 ], [ -73.898307996827228, 40.735194184325699 ], [ -73.894924217743636, 40.735007722184001 ], [ -73.892555546555386, 40.734478126310243 ], [ -73.888522859675476, 40.734531160016004 ] ] ] } },
{ "type": "Feature", "properties": { "NTA2020": "QN0502" }, "geometry": { "type": "Polygon", "coordinates": [ [ [ -73.90607768611649, 40.712902964710928 ], [ -73.888420007104102, 40.712269957779867 ], [ -73.887311191698771, 40.710558915208729 ], [ -73.888131218317753, 40.710342141987915 ], [ -73.887852102556892, 40.709891029524222 ], [ -73.888622024383238, 40.709667927735438 ], [ -73.88821599137475, 40.7088986859466 ], [ -73.88938120611364, 40.70854717170149 ], [ -73.889299244555573, 40.707899569803971 ], [ -73.885532142248564, 40.706445683249427 ], [ -73.885549469178883, 40.706154618534335 ], [ -73.886528268148339, 40.706225206377404 ], [ -73.889119177515539, 40.705598877397321 ], [ -73.889843302078702, 40.704972402195672 ], [ -73.892797491023842, 40.701971953979864 ], [ -73.892716783937203, 40.701862207186153 ], [ -73.895003227508894, 40.699712377967103 ], [ -73.89484994963577, 40.69858962332335 ], [ -73.895780050895553, 40.698510962644121 ], [ -73.895584576495054, 40.697127642006684 ], [ -73.898381851974165, 40.696135997502303 ], [ -73.900749623549686, 40.692482662923517 ], [ -73.900584033459111, 40.69239778675994 ], [ -73.901398406620402, 40.691589992037805 ], [ -73.905795970752393, 40.694127155514174 ], [ -73.904260184116893, 40.695700371443223 ], [ -73.911806821910744, 40.699946882523804 ], [ -73.91067882737353, 40.701045969566721 ], [ -73.912904041218937, 40.702361891799278 ], [ -73.911807100033286, 40.703434952528731 ], [ -73.921891846986938, 40.70939609671084 ], [ -73.92074853115804, 40.710533648958759 ], [ -73.921546016956839, 40.711043283534856 ], [ -73.922234664776212, 40.712855954362944 ], [ -73.924040113340226, 40.714008312628941 ], [ -73.90607768611649, 40.712902964710928 ] ] ] } },
{ "type": "Feature", "properties": { "NTA2020": "QN0503" }, "geometry": { "type": "Polygon", "coordinates": [ [ [ -73.857292871922184, 40.711467677191017 ], [ -73.856677143668236, 40.707691874465993 ], [ -73.855937941336123, 40.706396288228959 ], [ -73.854716525199734, 40.706769496327766 ], [ -73.854708239553588, 40.705210974145224 ], [ -73.852520190544439, 40.702291723617577 ], [ -73.855292759046407, 40.702595501787691 ], [ -73.855295715092609, 40.701991009610524 ], [ -73.857227627179157, 40.701651719352036 ], [ -73.857279340412589, 40.701212513322162 ], [ -73.85827405827601, 40.701223659238948 ], [ -73.858932243991106, 40.701320344758926 ], [ -73.858234948996454, 40.702832890670642 ], [ -73.858084515492919, 40.702896776983209 ], [ -73.862808556493334, 40.703410915805755 ], [ -73.876397852165184, 40.702294042276677 ], [ -73.876217141780089, 40.701595004818493 ], [ -73.881743176500137, 40.699533894561164 ], [ -73.882809484963246, 40.700683455656552 ], [ -73.884316194515492, 40.700201196338533 ], [ -73.887712980200988, 40.699678076358268 ], [ -73.888180257861464, 40.698857911241475 ], [ -73.887834569914702, 40.697657947732566 ], [ -73.887392722588899, 40.697021285267148 ], [ -73.886485302770382, 40.696439914589249 ], [ -73.888654169191327, 40.695829548900747 ], [ -73.888182050006705, 40.695057767368105 ], [ -73.891903861965162, 40.6943153364181 ], [ -73.892452076250251, 40.695225728789467 ], [ -73.89507694381922, 40.69459138970241 ], [ -73.895586254572294, 40.693979162011935 ], [ -73.893981132141036, 40.693075965542377 ], [ -73.893579350037555, 40.693085329232225 ], [ -73.893262099353976, 40.692200947459625 ], [ -73.89474270964169, 40.692636952790053 ], [ -73.896956535074835, 40.691949207446818 ], [ -73.897686318425684, 40.693365258982944 ], [ -73.897427301796796, 40.693288980149653 ], [ -73.89691021332284, 40.693842270538539 ], [ -73.897362657988182, 40.694110847232821 ], [ -73.900030391503478, 40.693437450573654 ], [ -73.898381851974165, 40.696135997502303 ], [ -73.895584576495054, 40.697127642006684 ], [ -73.895780050895553, 40.698510962644121 ], [ -73.89484994963577, 40.69858962332335 ], [ -73.895003227508894, 40.699712377967103 ], [ -73.892716783937203, 40.701862207186153 ], [ -73.892797491023842, 40.701971953979864 ], [ -73.891053169727996, 40.703816413302476 ], [ -73.889119177515539, 40.705598877397321 ], [ -73.886528268148339, 40.706225206377404 ], [ -73.885549469178883, 40.706154618534335 ], [ -73.885532142248564, 40.706445683249427 ], [ -73.883772969180725, 40.706294201654728 ], [ -73.869110070930219, 40.707089336764255 ], [ -73.87017880036818, 40.709231871623238 ], [ -73.866618231915368, 40.710401648558715 ], [ -73.865009819355663, 40.710776908932672 ], [ -73.859654168376267, 40.71337996141235 ], [ -73.859759327968092, 40.711845059783883 ], [ -73.857292871922184, 40.711467677191017 ] ] ] } },
{ "type": "Feature", "properties": { "NTA2020": "QN0504" }, "geometry": { "type": "Polygon", "coordinates": [ [ [ -73.865476108703177, 40.720280937752904 ], [ -73.870530554888504, 40.718160752073963 ], [ -73.872391712709984, 40.717830578191986 ], [ -73.871693626522955, 40.714259869477537 ], [ -73.871546932305563, 40.712596947875674 ], [ -73.870320633085342, 40.709898999726775 ], [ -73.87017880036818, 40.709231871623238 ], [ -73.869110070930219, 40.707089336764255 ], [ -73.880883327208295, 40.706453977770941 ], [ -73.880861884837955, 40.70658472936578 ], [ -73.877611341125956, 40.707167705580602 ], [ -73.878727832073324, 40.71002753514194 ], [ -73.879261811822644, 40.709905347267664 ], [ -73.879434955035123, 40.710284419435553 ], [ -73.879076852823758, 40.710359389840519 ], [ -73.880062677068068, 40.712652573689496 ], [ -73.885075557489927, 40.712161055608938 ], [ -73.886879429743985, 40.712223185407979 ], [ -73.886848736242726, 40.712534570720422 ], [ -73.887737348807377, 40.713636134930269 ], [ -73.887121717183959, 40.713759650067182 ], [ -73.887255579600193, 40.714974130219389 ], [ -73.89063516017579, 40.718812746448044 ], [ -73.890650435873042, 40.71855932231707 ], [ -73.891644372623048, 40.717746128895833 ], [ -73.89301489269468, 40.716150284490716 ], [ -73.894235324725443, 40.717924379781287 ], [ -73.881634090520976, 40.723880453510866 ], [ -73.882587869505443, 40.725082765285322 ], [ -73.886183224099085, 40.72461005928011 ], [ -73.887077120512572, 40.724637701844848 ], [ -73.887204826102064, 40.727868828937964 ], [ -73.885277169794463, 40.728407079858954 ], [ -73.880390107656496, 40.728905219595262 ], [ -73.875237175807982, 40.730723958141226 ], [ -73.871460741835079, 40.729326374137713 ], [ -73.870845393581192, 40.727484593439847 ], [ -73.869292704890853, 40.724435929474922 ], [ -73.865476108703177, 40.720280937752904 ] ] ] } },
{ "type": "Feature", "properties": { "NTA2020": "QN0571" }, "geometry": { "type": "Polygon", "coordinates": [ [ [ -73.894575027713628, 40.718377449728031 ], [ -73.89301489269468, 40.716150284490716 ], [ -73.891644372623048, 40.717746128895833 ], [ -73.890650435873042, 40.71855932231707 ], [ -73.89063516017579, 40.718812746448044 ], [ -73.887255579600193, 40.714974130219389 ], [ -73.887121717183959, 40.713759650067182 ], [ -73.887737348807377, 40.713636134930269 ], [ -73.886848736242726, 40.712534570720422 ], [ -73.886879429743985, 40.712223185407979 ], [ -73.895064694626114, 40.712479562728142 ], [ -73.895538251225062, 40.713803633708636 ], [ -73.897586536920201, 40.716494715246164 ], [ -73.899018210999273, 40.717382127467701 ], [ -73.897267578660134, 40.718147156562772 ], [ -73.898347601194644, 40.71919767806768 ], [ -73.899851494228002, 40.718375397966184 ], [ -73.900059380442499, 40.718046379109488 ], [ -73.90033904275478, 40.718019947896714 ], [ -73.900334544690793, 40.718669139905558 ], [ -73.900626444278728, 40.719764054044575 ], [ -73.900092863596697, 40.720176853339417 ], [ -73.897365983831648, 40.720464383376182 ], [ -73.897397048672275, 40.721551209957845 ], [ -73.899816100943028, 40.721236900782706 ], [ -73.900112236554193, 40.723308164653808 ], [ -73.899031918836499, 40.723856960315516 ], [ -73.89835285104455, 40.723112290370814 ], [ -73.895823807067117, 40.723898822129158 ], [ -73.895697433269049, 40.723412585544359 ], [ -73.894264942110354, 40.723143188917248 ], [ -73.894972190599006, 40.722823595755145 ], [ -73.894278796667621, 40.721774002703725 ], [ -73.894738924651364, 40.721577293394489 ], [ -73.892862568422032, 40.71921070510917 ], [ -73.894575027713628, 40.718377449728031 ] ] ] } },
{ "type": "Feature", "properties": { "NTA2020": "QN0572" }, "geometry": { "type": "Polygon", "coordinates": [ [ [ -73.880883327208295, 40.706453977770941 ], [ -73.883772969180725, 40.706294201654728 ], [ -73.885532142248564, 40.706445683249427 ], [ -73.889299244555573, 40.707899569803971 ], [ -73.88938120611364, 40.70854717170149 ], [ -73.88821599137475, 40.7088986859466 ], [ -73.888622024383238, 40.709667927735438 ], [ -73.887852102556892, 40.709891029524222 ], [ -73.888131218317753, 40.710342141987915 ], [ -73.887311191698771, 40.710558915208729 ], [ -73.888420007104102, 40.712269957779867 ], [ -73.885075557489927, 40.712161055608938 ], [ -73.880062677068068, 40.712652573689496 ], [ -73.879076852823758, 40.710359389840519 ], [ -73.879434955035123, 40.710284419435553 ], [ -73.879261811822644, 40.709905347267664 ], [ -73.878727832073324, 40.71002753514194 ], [ -73.877611341125956, 40.707167705580602 ], [ -73.880861884837955, 40.70658472936578 ], [ -73.880883327208295, 40.706453977770941 ] ] ] } },
{ "type": "Feature", "properties": { "NTA2020": "QN0573" }, "geometry": { "type": "Polygon", "coordinates": [ [ [ -73.859654168376267, 40.71337996141235 ], [ -73.865009819355663, 40.710776908932672 ], [ -73.866618231915368, 40.710401648558715 ], [ -73.87017880036818, 40.709231871623238 ], [ -73.870320633085342, 40.709898999726775 ], [ -73.871546932305563, 40.712596947875674 ], [ -73.871693626522955, 40.714259869477537 ], [ -73.872391712709984, 40.717830578191986 ], [ -73.870530554888504, 40.718160752073963 ], [ -73.865476108703177, 40.720280937752904 ], [ -73.863018501424349, 40.71770788185686 ], [ -73.860037898757753, 40.714932235723985 ], [ -73.859640310408224, 40.714009219240268 ], [ -73.859654168376267, 40.71337996141235 ] ] ] } },
{ "type": "Feature", "properties": { "NTA2020": "QN0574" }, "geometry": { "type": "Polygon", "coordinates": [ [ [ -73.868917626907503, 40.695146561514051 ], [ -73.874020533067025, 40.694191295218204 ], [ -73.879506411547808, 40.691146769345096 ], [ -73.883776985832526, 40.687863411184303 ], [ -73.884522509574239, 40.686684749095583 ], [ -73.888083418425452, 40.685293632171089 ], [ -73.889627875787696, 40.68423645425294 ], [ -73.890154187388362, 40.68500399030772 ], [ -73.892583031023207, 40.683491910887199 ], [ -73.894174632670996, 40.685283248673187 ], [ -73.895779455030066, 40.683497183358099 ], [ -73.896466251288487, 40.682336422978523 ], [ -73.90116154994368, 40.687877935355047 ], [ -73.900424650470669, 40.688183898876289 ], [ -73.90188776254891, 40.691077720073288 ], [ -73.900584033459111, 40.69239778675994 ], [ -73.900749623549686, 40.692482662923517 ], [ -73.900201957480419, 40.693398461872164 ], [ -73.897362657988182, 40.694110847232821 ], [ -73.89691021332284, 40.693842270538539 ], [ -73.897427301796796, 40.693288980149653 ], [ -73.897686318425684, 40.693365258982944 ], [ -73.896956535074835, 40.691949207446818 ], [ -73.89474270964169, 40.692636952790053 ], [ -73.893262099353976, 40.692200947459625 ], [ -73.893579350037555, 40.693085329232225 ], [ -73.893981132141036, 40.693075965542377 ], [ -73.895586254572294, 40.693979162011935 ], [ -73.89507694381922, 40.69459138970241 ], [ -73.892452076250251, 40.695225728789467 ], [ -73.891903861965162, 40.6943153364181 ], [ -73.888182050006705, 40.695057767368105 ], [ -73.888654169191327, 40.695829548900747 ], [ -73.886485302770382, 40.696439914589249 ], [ -73.887392722588899, 40.697021285267148 ], [ -73.887834569914702, 40.697657947732566 ], [ -73.888180257861464, 40.698857911241475 ], [ -73.887712980200988, 40.699678076358268 ], [ -73.884316194515492, 40.700201196338533 ], [ -73.882809484963246, 40.700683455656552 ], [ -73.881743176500137, 40.699533894561164 ], [ -73.876217141780089, 40.701595004818493 ], [ -73.876397852165184, 40.702294042276677 ], [ -73.869155961574734, 40.702893433660364 ], [ -73.868985083719735, 40.701744355953664 ], [ -73.869526277687299, 40.701605743380796 ], [ -73.869314332184118, 40.699355147335361 ], [ -73.870674218437003, 40.697841064848923 ], [ -73.868917626907503, 40.695146561514051 ] ] ] } },
{ "type": "Feature", "properties": { "NTA2020": "QN0601" }, "geometry": { "type": "Polygon", "coordinates": [ [ [ -73.858865556877319, 40.735939139310318 ], [ -73.856256651023983, 40.730959123100277 ], [ -73.858510979083917, 40.730286802804606 ], [ -73.857629235819218, 40.728606921814517 ], [ -73.857980896106014, 40.728735445246663 ], [ -73.859419880331458, 40.726464837562986 ], [ -73.857271080508653, 40.725681298088759 ], [ -73.858054168940086, 40.724445406102582 ], [ -73.862038338495509, 40.725956785406666 ], [ -73.85990796422891, 40.724346234658398 ], [ -73.858680976485715, 40.722612440484049 ], [ -73.857771745302685, 40.716456269157064 ], [ -73.857292871922184, 40.711467677191017 ], [ -73.859759327968092, 40.711845059783883 ], [ -73.859636169806663, 40.713978131371796 ], [ -73.860037898757753, 40.714932235723985 ], [ -73.865238706117452, 40.719976710026728 ], [ -73.869292704890853, 40.724435929474922 ], [ -73.870845393581192, 40.727484593439847 ], [ -73.871460741835079, 40.729326374137713 ], [ -73.875237175807982, 40.730723958141226 ], [ -73.868787815627286, 40.73293214138495 ], [ -73.864572486421494, 40.734188397515545 ], [ -73.864621934221759, 40.734281690115559 ], [ -73.858865556877319, 40.735939139310318 ] ] ] } },
{ "type": "Feature", "properties": { "NTA2020": "QN0602" }, "geometry": { "type": "Polygon", "coordinates": [ [ [ -73.830978208833855, 40.714313605288453 ], [ -73.835977071108644, 40.711705956976893 ], [ -73.836114765828086, 40.711825146874297 ], [ -73.837708941993696, 40.711036484271325 ], [ -73.841339366090892, 40.709946234363159 ], [ -73.844537387803527, 40.708661054970065 ], [ -73.846657241116105, 40.708318642340892 ], [ -73.84933156214035, 40.708388333680823 ], [ -73.855937941336123, 40.706396288228959 ], [ -73.856677143668236, 40.707691874465993 ], [ -73.857292871922184, 40.711467677191017 ], [ -73.857771745302685, 40.716456269157064 ], [ -73.858680976485715, 40.722612440484049 ], [ -73.85990796422891, 40.724346234658398 ], [ -73.862038338495509, 40.725956785406666 ], [ -73.858054168940086, 40.724445406102582 ], [ -73.857271080508653, 40.725681298088759 ], [ -73.859419880331458, 40.726464837562986 ], [ -73.857980896106014, 40.728735445246663 ], [ -73.857629235819218, 40.728606921814517 ], [ -73.858510979083917, 40.730286802804606 ], [ -73.856256651023983, 40.730959123100277 ], [ -73.858771412170796, 40.735785289538732 ], [ -73.856322606203449, 40.736506134493446 ], [ -73.851346046218026, 40.737588452342408 ], [ -73.847555797860693, 40.739063915745525 ], [ -73.847213615878829, 40.738643986683918 ], [ -73.846893661936747, 40.738671217394185 ], [ -73.846055418364941, 40.737099188972223 ], [ -73.845426130941021, 40.734949803276869 ], [ -73.844188865316198, 40.732642019580709 ], [ -73.842855584206617, 40.731140911168062 ], [ -73.84146810861364, 40.729998093474855 ], [ -73.839854342905397, 40.728177569283389 ], [ -73.837314594933943, 40.723571508554464 ], [ -73.835380451477377, 40.720722180372142 ], [ -73.834883594127731, 40.719303272416965 ], [ -73.829833283666275, 40.715567783659424 ], [ -73.830504610071642, 40.714856944799607 ], [ -73.831458669197986, 40.714554449937218 ], [ -73.830978208833855, 40.714313605288453 ] ] ] } },
{ "type": "Feature", "properties": { "NTA2020": "QN0701" }, "geometry": { "type": "MultiPolygon", "coordinates": [ [ [ [ -73.839235590826235, 40.765631587572841 ], [ -73.839458134460315, 40.765445768961257 ], [ -73.839053350354888, 40.765958678100063 ], [ -73.839235590826235, 40.765631587572841 ] ] ], [ [ [ -73.867884074707661, 40.78736103669462 ], [ -73.868130320000162, 40.787232777844189 ], [ -73.869234916996447, 40.785969915418214 ], [ -73.868099122578883, 40.787458661818427 ], [ -73.867884074707661, 40.78736103669462 ] ] ], [ [ [ -73.838390133545516, 40.798304872076002 ], [ -73.83919004727187, 40.797777266447675 ], [ -73.840258608091375, 40.797588858432185 ], [ -73.839970995900487, 40.796905641892273 ], [ -73.839036768124004, 40.797052476578251 ], [ -73.838400830778397, 40.796755258809448 ], [ -73.837064988802695, 40.793851098426231 ], [ -73.836590786162901, 40.792082550551797 ], [ -73.83661598944191, 40.791762767000918 ], [ -73.837320854153845, 40.791392785681097 ], [ -73.837515666740273, 40.791012129599117 ], [ -73.837503588835901, 40.790461660725498 ], [ -73.836818149570448, 40.79046990635981 ], [ -73.837481914032395, 40.79043449792178 ], [ -73.837175445349217, 40.789427313819004 ], [ -73.837280172937554, 40.789009475104798 ], [ -73.837134329895235, 40.789564033014301 ], [ -73.836378095721429, 40.78946017868963 ], [ -73.835658081610788, 40.789572670981073 ], [ -73.835331502420871, 40.789212742716892 ], [ -73.834149533375609, 40.789073360939703 ], [ -73.833901295156252, 40.788583796354423 ], [ -73.833472644588952, 40.788457098313529 ], [ -73.832510636478915, 40.78862447712941 ], [ -73.832096719875253, 40.788787667001216 ], [ -73.831754336384805, 40.789228593869872 ], [ -73.831441877493333, 40.789173188140779 ], [ -73.831951184637305, 40.789414772132218 ], [ -73.832148720009215, 40.790033244853227 ], [ -73.83169117649345, 40.791069847943866 ], [ -73.830992160401337, 40.791567865226391 ], [ -73.83000741522558, 40.791556549787131 ], [ -73.82910913605086, 40.791898528484104 ], [ -73.82851893012122, 40.792494236175322 ], [ -73.829231746518673, 40.793002287679137 ], [ -73.828397430766572, 40.792552297545789 ], [ -73.827914137460468, 40.792893592890806 ], [ -73.827792778425277, 40.793295389701939 ], [ -73.828006450386553, 40.794913099170842 ], [ -73.828385281264929, 40.795577810959053 ], [ -73.82878010953813, 40.795917923947449 ], [ -73.828809629429571, 40.7961837684011 ], [ -73.829451577545413, 40.796658960557572 ], [ -73.829940609138632, 40.796083471790602 ], [ -73.83003294431451, 40.796135491225009 ], [ -73.82947072470057, 40.796667940095112 ], [ -73.829765856790104, 40.796832562978118 ], [ -73.830288470016413, 40.79624226067709 ], [ -73.830522275640931, 40.796394970407128 ], [ -73.830262928693287, 40.796430709411986 ], [ -73.830284952563758, 40.7966047799652 ], [ -73.830148593384976, 40.796533650263989 ], [ -73.830192257688154, 40.796693960868517 ], [ -73.830042040873067, 40.796633975681537 ], [ -73.829959711542017, 40.796724485414273 ], [ -73.83007965633044, 40.796794278077478 ], [ -73.829849739393183, 40.796811014427028 ], [ -73.829956640049488, 40.79691231068243 ], [ -73.82978477023471, 40.796871338826804 ], [ -73.829059667686479, 40.7964625076552 ], [ -73.827424228228509, 40.796748674971248 ], [ -73.826987769925111, 40.797081439478468 ], [ -73.827197855714985, 40.797539121630919 ], [ -73.827030559119791, 40.797718457416956 ], [ -73.824039461213601, 40.793045919186156 ], [ -73.82286529641479, 40.7914843519575 ], [ -73.822504019989481, 40.79033969938444 ], [ -73.822485657589326, 40.789490253593932 ], [ -73.823833976761534, 40.786756199457386 ], [ -73.824989930881173, 40.781701463684584 ], [ -73.82528484203165, 40.781697291825125 ], [ -73.82823904799028, 40.776459945336683 ], [ -73.830156931298234, 40.773824742319 ], [ -73.831833058082026, 40.772387961595257 ], [ -73.836268917276243, 40.769609971148888 ], [ -73.838204738217414, 40.7676480464119 ], [ -73.839256217026914, 40.766034209638747 ], [ -73.839697725490851, 40.76639267704541 ], [ -73.839733868068635, 40.766734414653214 ], [ -73.839498057958139, 40.767017016984745 ], [ -73.839753879821544, 40.767120444938342 ], [ -73.839939221774699, 40.767064277147398 ], [ -73.839901909133332, 40.766824158916656 ], [ -73.840311703152864, 40.766294797898439 ], [ -73.842522616589633, 40.765775004881952 ], [ -73.842959156373738, 40.765854722424947 ], [ -73.843947483358008, 40.765494881485758 ], [ -73.844913328460066, 40.765528388178566 ], [ -73.846200240379517, 40.76619634316642 ], [ -73.847230679761552, 40.766313158095755 ], [ -73.847805751044291, 40.766772948171699 ], [ -73.848213240184634, 40.767634597848037 ], [ -73.84862313819383, 40.768113973771356 ], [ -73.848271340888033, 40.768202181148247 ], [ -73.848192708034517, 40.768480359831401 ], [ -73.848745436002432, 40.768711747527369 ], [ -73.848996563681268, 40.769148314006671 ], [ -73.84846616766751, 40.769726441306346 ], [ -73.848671528688513, 40.770761572902543 ], [ -73.849494027118666, 40.771328616815474 ], [ -73.849942418829784, 40.77192719325992 ], [ -73.850303974504683, 40.771938199589542 ], [ -73.850338088185239, 40.771743668538797 ], [ -73.851301083744758, 40.771806360797648 ], [ -73.851270376207111, 40.771985534743607 ], [ -73.850361465302058, 40.771830745647868 ], [ -73.850334105692653, 40.772017605758194 ], [ -73.849951625173077, 40.771958298877081 ], [ -73.849869024119187, 40.772183062008288 ], [ -73.850040655462507, 40.772224601057538 ], [ -73.849839583776784, 40.772231002867478 ], [ -73.849571609559035, 40.772561103830796 ], [ -73.848976198672005, 40.77356166795699 ], [ -73.849215299309208, 40.774654860430424 ], [ -73.848929886818539, 40.775557080129509 ], [ -73.849192404110482, 40.775790469530328 ], [ -73.848955593254217, 40.777961673731355 ], [ -73.849535865963404, 40.778425885557127 ], [ -73.849747414204714, 40.778414054006106 ], [ -73.849536646904454, 40.778457620792473 ], [ -73.849459955776894, 40.778656568066076 ], [ -73.849933532961757, 40.778769123381032 ], [ -73.849800881121965, 40.778793284827721 ], [ -73.849781143163497, 40.779111930042824 ], [ -73.849571554537008, 40.779192836707111 ], [ -73.849636316335975, 40.779481920351614 ], [ -73.850947057242522, 40.779069155430285 ], [ -73.851487554804336, 40.778992978115006 ], [ -73.85101339619419, 40.779121956674395 ], [ -73.851079460166289, 40.77929775818577 ], [ -73.850140173158337, 40.77939098692574 ], [ -73.849793043476282, 40.779497684694938 ], [ -73.849817200661221, 40.779630347551652 ], [ -73.8523526788141, 40.779480672330799 ], [ -73.852320862422175, 40.779169284703805 ], [ -73.852388327784084, 40.779528902386971 ], [ -73.84982102259869, 40.779651338801365 ], [ -73.849552454782938, 40.779956619025903 ], [ -73.850314739577399, 40.78004153600412 ], [ -73.850456560315891, 40.779888280416351 ], [ -73.851690280854328, 40.779867508478219 ], [ -73.851670991622399, 40.78003522887817 ], [ -73.849493812083153, 40.780065828114239 ], [ -73.849889320817937, 40.781089134798464 ], [ -73.850936463965397, 40.781119575156048 ], [ -73.849887280637532, 40.78112151131689 ], [ -73.849836600142822, 40.781599624916311 ], [ -73.849187094184657, 40.781641811549548 ], [ -73.849547742659965, 40.781841078342744 ], [ -73.849252581828438, 40.782264775014085 ], [ -73.850280896577914, 40.782459562009606 ], [ -73.853149930691771, 40.782323936276207 ], [ -73.853319338500356, 40.782034604068514 ], [ -73.85528242786593, 40.781975384349941 ], [ -73.855450628349217, 40.783143079138391 ], [ -73.856453787414381, 40.783350925658638 ], [ -73.856439936630466, 40.783157517469618 ], [ -73.856676908933323, 40.78315008816211 ], [ -73.856602869123279, 40.782892261248833 ], [ -73.856649510906081, 40.782892319276471 ], [ -73.856841290146718, 40.783371363485202 ], [ -73.857340523168375, 40.783371270586237 ], [ -73.857659324153346, 40.783644430295155 ], [ -73.858083181034289, 40.783724078339141 ], [ -73.858125422057952, 40.784183492244978 ], [ -73.857892210348766, 40.784281630644486 ], [ -73.85797958218285, 40.784668779801692 ], [ -73.858525201704197, 40.785213518780061 ], [ -73.85900171407458, 40.785186754731185 ], [ -73.859056445323759, 40.785431813060441 ], [ -73.859095000083656, 40.785438748851526 ], [ -73.859074761519068, 40.785237381813602 ], [ -73.859107322079595, 40.785462117799675 ], [ -73.859252043544757, 40.785477916047618 ], [ -73.859236105837155, 40.785306588755731 ], [ -73.859463280830298, 40.785494851995793 ], [ -73.859348601199656, 40.785027249942637 ], [ -73.859508334847661, 40.78553493444975 ], [ -73.85899048937371, 40.785491598933739 ], [ -73.859124612237196, 40.785850159663305 ], [ -73.858588405085584, 40.786148140153884 ], [ -73.858682833500779, 40.786531166475292 ], [ -73.858128171585051, 40.787051561058298 ], [ -73.856811337654847, 40.786672613697185 ], [ -73.856200203150777, 40.787150099959 ], [ -73.856172757865494, 40.787493220378309 ], [ -73.855938938621691, 40.787688734227451 ], [ -73.853451844613403, 40.787826112298895 ], [ -73.852842301338711, 40.788211371739976 ], [ -73.852889902611892, 40.788346670054729 ], [ -73.854383647885825, 40.788320128763054 ], [ -73.854801947332049, 40.788619154725964 ], [ -73.854471940712301, 40.790258975319617 ], [ -73.852658306930493, 40.79110642061039 ], [ -73.852858796491105, 40.791533785514275 ], [ -73.853778549107062, 40.792421274007097 ], [ -73.853630801660074, 40.793098182710672 ], [ -73.853733515938373, 40.793935374588557 ], [ -73.852766271985047, 40.794389247326777 ], [ -73.852630982562445, 40.794944854244733 ], [ -73.852426512229783, 40.794609758821046 ], [ -73.851590771573512, 40.794086531077902 ], [ -73.84906160835088, 40.793362610298523 ], [ -73.848848947231133, 40.793501685658356 ], [ -73.849078147957272, 40.794145384480835 ], [ -73.848783701537897, 40.794542102225307 ], [ -73.848876545633445, 40.79513404169127 ], [ -73.848709993613411, 40.795416481289898 ], [ -73.846244206560328, 40.796163095437173 ], [ -73.845578027089104, 40.79602089619317 ], [ -73.845604690787439, 40.795854783260765 ], [ -73.845278851588958, 40.79544938630201 ], [ -73.844599150444353, 40.794911549875202 ], [ -73.84354668938991, 40.794913944010531 ], [ -73.843337608761246, 40.795021386960357 ], [ -73.843306323868021, 40.795500933991505 ], [ -73.843043639191634, 40.79521473951435 ], [ -73.842848653223911, 40.795213401671759 ], [ -73.843284971942055, 40.796174392685067 ], [ -73.842808752412253, 40.795418222413133 ], [ -73.842259593683465, 40.795584968937362 ], [ -73.842866752593693, 40.796922229071953 ], [ -73.842167473411379, 40.795612940163643 ], [ -73.841904802520617, 40.795621793738206 ], [ -73.841421227291107, 40.795146951457639 ], [ -73.84129943545976, 40.796219669330043 ], [ -73.840599822945009, 40.796806803713153 ], [ -73.840139303644605, 40.796879187836133 ], [ -73.840415179758367, 40.797678437258753 ], [ -73.839209483241063, 40.797844314354009 ], [ -73.838429158291646, 40.79837567115338 ], [ -73.837870440509477, 40.798441908613263 ], [ -73.838390133545516, 40.798304872076002 ] ] ] ] } },
{ "type": "Feature", "properties": { "NTA2020": "QN0702" }, "geometry": { "type": "Polygon", "coordinates": [ [ [ -73.791861400551312, 40.789299916455008 ], [ -73.790583009905134, 40.788130683934483 ], [ -73.794940089883568, 40.786275007037283 ], [ -73.797831717854578, 40.785845668546223 ], [ -73.802422434727845, 40.786018979877241 ], [ -73.802997819331082, 40.781410475637585 ], [ -73.803249747179692, 40.781275479895648 ], [ -73.803033185346649, 40.780940870104033 ], [ -73.803790228880985, 40.775610112295105 ], [ -73.814858506556021, 40.77648592311953 ], [ -73.81452997802198, 40.778888174880322 ], [ -73.823312869213538, 40.779578659835074 ], [ -73.822241276381177, 40.781693879479583 ], [ -73.824989930881173, 40.781701463684584 ], [ -73.823833976761534, 40.786756199457386 ], [ -73.823495648519511, 40.787635454770403 ], [ -73.822591187597496, 40.789108180103611 ], [ -73.822473444394802, 40.790173256478525 ], [ -73.82286529641479, 40.7914843519575 ], [ -73.824039461213601, 40.793045919186156 ], [ -73.827030559119791, 40.797718457416956 ], [ -73.826616054405051, 40.797780689130136 ], [ -73.826118219099598, 40.797271434465742 ], [ -73.82504612538257, 40.797384807234216 ], [ -73.823993565375929, 40.798009628273711 ], [ -73.824084660909989, 40.798248127585595 ], [ -73.823947878576405, 40.798227364081583 ], [ -73.824233187449707, 40.798695237390604 ], [ -73.823859483847045, 40.798154135104681 ], [ -73.823433234508059, 40.79840651440788 ], [ -73.823723482191781, 40.798899241360381 ], [ -73.823408723098865, 40.798417814295995 ], [ -73.823253710601037, 40.798469536168398 ], [ -73.823096027504548, 40.798683298362882 ], [ -73.823305524975808, 40.798962866120569 ], [ -73.823002629705641, 40.798642289723993 ], [ -73.822611015791836, 40.798893189314491 ], [ -73.822792706257616, 40.799339783225754 ], [ -73.822519164558841, 40.79898773568928 ], [ -73.822412270047437, 40.79908891375365 ], [ -73.822677878968534, 40.799486135236442 ], [ -73.822387547366276, 40.799112891573643 ], [ -73.821617891791774, 40.799991987692785 ], [ -73.820980719230562, 40.800478109489013 ], [ -73.820432459666435, 40.800627864421116 ], [ -73.820499199953119, 40.801011467819031 ], [ -73.820404549272368, 40.800639500292476 ], [ -73.819805236346383, 40.80080150434204 ], [ -73.819216180064188, 40.800593910905889 ], [ -73.817208138826601, 40.799207280155464 ], [ -73.816839308400361, 40.799105940491835 ], [ -73.816571090776037, 40.799413014079086 ], [ -73.816819157223264, 40.79910040359146 ], [ -73.816459323596817, 40.799345978865205 ], [ -73.816680716682356, 40.799062365523504 ], [ -73.816113633344429, 40.798608071798256 ], [ -73.815774167798011, 40.79902316255734 ], [ -73.816079351341742, 40.798571558752414 ], [ -73.813679076331937, 40.797545787910963 ], [ -73.813699637251176, 40.797079416167705 ], [ -73.81335317201021, 40.797668956460576 ], [ -73.813635254539605, 40.797047217929808 ], [ -73.813502974159078, 40.796944259208367 ], [ -73.813246496953468, 40.797211821100795 ], [ -73.812990310784528, 40.797292027461786 ], [ -73.812874489147163, 40.797177142464193 ], [ -73.81254798974534, 40.798047064962077 ], [ -73.812253655671825, 40.798126946801723 ], [ -73.811790027694002, 40.798026331252039 ], [ -73.811821618610139, 40.797458676831376 ], [ -73.811607813799966, 40.797372406880406 ], [ -73.806363314524305, 40.796393605940288 ], [ -73.80623135012371, 40.796817477582849 ], [ -73.806330767146676, 40.796392740436012 ], [ -73.805885813798128, 40.796474889536121 ], [ -73.805395732749815, 40.796170821513378 ], [ -73.805317116592533, 40.796506077353158 ], [ -73.805339444875742, 40.796163928288799 ], [ -73.804671737687841, 40.79616746916404 ], [ -73.804627820778165, 40.796365003117764 ], [ -73.804624410104992, 40.796142687506617 ], [ -73.804348259354057, 40.79621409099277 ], [ -73.804273536148997, 40.796641261328432 ], [ -73.804311386999345, 40.796212876160062 ], [ -73.804165356428683, 40.796229008776827 ], [ -73.804114977497505, 40.796680821298082 ], [ -73.804136447669762, 40.796234231177792 ], [ -73.80400524331003, 40.796267358935303 ], [ -73.803954753979383, 40.796649389017958 ], [ -73.803974189250837, 40.796278255919681 ], [ -73.803874004037752, 40.796314312686739 ], [ -73.803813288680615, 40.796535257222608 ], [ -73.803822941960092, 40.796335012840999 ], [ -73.803643015091595, 40.796406085507613 ], [ -73.80360589996495, 40.796632312001577 ], [ -73.803612885465625, 40.796420856820561 ], [ -73.803483462652324, 40.796471111963754 ], [ -73.803399573573685, 40.796914939728026 ], [ -73.803463764092243, 40.796474414310275 ], [ -73.803238411616334, 40.797078467158862 ], [ -73.80326066918613, 40.796706491505951 ], [ -73.80298007089948, 40.796708725638851 ], [ -73.802958303166974, 40.796409590842771 ], [ -73.80257934475047, 40.79629544313611 ], [ -73.802011288051034, 40.796275423675162 ], [ -73.801779476984109, 40.796316141852628 ], [ -73.801745430886697, 40.796512406103005 ], [ -73.80175550251785, 40.796321295918062 ], [ -73.801011262305948, 40.796522374589635 ], [ -73.800878260488062, 40.796337894142489 ], [ -73.800621847400905, 40.796426762360497 ], [ -73.800293816451074, 40.796254973005972 ], [ -73.80020438000453, 40.796270053945435 ], [ -73.800163024058975, 40.796448863833483 ], [ -73.800128615125047, 40.796446820337778 ], [ -73.80018235388124, 40.796266913696854 ], [ -73.799680679004069, 40.796174502706464 ], [ -73.799605482925116, 40.796332220605706 ], [ -73.799323842191626, 40.796094485027851 ], [ -73.797898326870666, 40.795559221419289 ], [ -73.797669940088724, 40.795993822381767 ], [ -73.797870149145623, 40.795552012643952 ], [ -73.796735676602438, 40.795208942918066 ], [ -73.796511757095885, 40.795653385082744 ], [ -73.796705875623658, 40.795197625449269 ], [ -73.796558751149618, 40.795137374679342 ], [ -73.79565299150444, 40.794978300827466 ], [ -73.795084810528195, 40.795065750456317 ], [ -73.795008576551709, 40.79492438235895 ], [ -73.79439061513564, 40.794812203379806 ], [ -73.794560015849413, 40.794746223363603 ], [ -73.794321979908489, 40.794345658835582 ], [ -73.794318465508397, 40.793566448140496 ], [ -73.794641681171072, 40.793105757142612 ], [ -73.794575653977901, 40.792719341292774 ], [ -73.794838107932094, 40.792544479262595 ], [ -73.794960796886798, 40.791873300101045 ], [ -73.794028677449802, 40.78962408324837 ], [ -73.793727615310644, 40.789035344407189 ], [ -73.793380335049946, 40.789578392620626 ], [ -73.793239417811535, 40.789530249703851 ], [ -73.793620072761769, 40.788996637247301 ], [ -73.792861567297351, 40.788789647216561 ], [ -73.792352911541528, 40.788906841809968 ], [ -73.791861400551312, 40.789299916455008 ] ] ] } },
{ "type": "Feature", "properties": { "NTA2020": "QN0703" }, "geometry": { "type": "Polygon", "coordinates": [ [ [ -73.781747087631032, 40.791133406644541 ], [ -73.781714607925181, 40.790530319316815 ], [ -73.781205217320533, 40.789587913720702 ], [ -73.777961244800451, 40.788364322369141 ], [ -73.774096098289832, 40.786296565302592 ], [ -73.774076382977896, 40.785917284019227 ], [ -73.771607319794867, 40.782996265185503 ], [ -73.769304057101266, 40.780781957981397 ], [ -73.768337956738876, 40.779634872200752 ], [ -73.768159154442287, 40.779635959197499 ], [ -73.76820055460027, 40.77944417919101 ], [ -73.767161936875922, 40.779782875660693 ], [ -73.767023923465075, 40.78008623415834 ], [ -73.766889947038393, 40.779779433943439 ], [ -73.76675868631223, 40.779783505589911 ], [ -73.768161730515814, 40.779396821242038 ], [ -73.767604545676804, 40.778299034659398 ], [ -73.768156409345707, 40.778125269769802 ], [ -73.768612679140944, 40.779095211065645 ], [ -73.775537322474733, 40.777025597980433 ], [ -73.775839583321712, 40.778612372614631 ], [ -73.791635261325681, 40.774238655587105 ], [ -73.793652303361185, 40.773360438642548 ], [ -73.795657020772694, 40.773036086714626 ], [ -73.797415227057584, 40.774010319652866 ], [ -73.798530094272778, 40.775190728883437 ], [ -73.803790228880985, 40.775610112295105 ], [ -73.803033185346649, 40.780940870104033 ], [ -73.803249747179692, 40.781275479895648 ], [ -73.802997819331082, 40.781410475637585 ], [ -73.802422434727845, 40.786018979877241 ], [ -73.797831717854578, 40.785845668546223 ], [ -73.794940089883568, 40.786275007037283 ], [ -73.790583009905134, 40.788130683934483 ], [ -73.791861400551312, 40.789299916455008 ], [ -73.790282023532072, 40.790316963399853 ], [ -73.785681013014056, 40.790340671660033 ], [ -73.783838425143543, 40.790640954671588 ], [ -73.782530806635222, 40.791276789431961 ], [ -73.784341530595967, 40.791749353794842 ], [ -73.782273301833897, 40.791373715718024 ], [ -73.781747087631032, 40.791133406644541 ] ] ] } },
{ "type": "Feature", "properties": { "NTA2020": "QN0704" }, "geometry": { "type": "Polygon", "coordinates": [ [ [ -73.814858506556021, 40.77648592311953 ], [ -73.798530094272778, 40.775190728883437 ], [ -73.797415309944867, 40.774010382285773 ], [ -73.795215506508214, 40.772674907207438 ], [ -73.793179444899408, 40.77040317772672 ], [ -73.793959146528792, 40.764695319925679 ], [ -73.793025513657639, 40.764621192188706 ], [ -73.79343991212555, 40.760764127962496 ], [ -73.790760046204809, 40.7609857694247 ], [ -73.790315169966661, 40.75782345059033 ], [ -73.794932461679025, 40.757798030073403 ], [ -73.800300390374744, 40.759702299144585 ], [ -73.809513725559682, 40.761299911023904 ], [ -73.811049631070915, 40.761417021086153 ], [ -73.820635933393717, 40.758872267848027 ], [ -73.820806847928367, 40.758941783315457 ], [ -73.82348245212701, 40.764651792367445 ], [ -73.824669090323169, 40.77040760780865 ], [ -73.826558419716434, 40.770137083593333 ], [ -73.826565788930992, 40.770641476231006 ], [ -73.829571450400081, 40.770711112094141 ], [ -73.830545725438469, 40.770223683161134 ], [ -73.830584623912486, 40.771638875217327 ], [ -73.831516925342356, 40.771657649857289 ], [ -73.83159305701615, 40.77256002047347 ], [ -73.830156931298234, 40.773824742319 ], [ -73.828882997662078, 40.775427007144721 ], [ -73.82528484203165, 40.781697291825125 ], [ -73.822241276381177, 40.781693879479583 ], [ -73.823312869213538, 40.779578659835074 ], [ -73.81452997802198, 40.778888174880322 ], [ -73.814858506556021, 40.77648592311953 ] ] ] } },
{ "type": "Feature", "properties": { "NTA2020": "QN0705" }, "geometry": { "type": "Polygon", "coordinates": [ [ [ -73.794932461679025, 40.757798030073403 ], [ -73.794577269900003, 40.753563011339125 ], [ -73.794721412573423, 40.750621319796167 ], [ -73.797295246991894, 40.749435052890547 ], [ -73.794722649440686, 40.747599330209077 ], [ -73.794579761072839, 40.746402682817632 ], [ -73.795387133889861, 40.746664128675015 ], [ -73.797362942532047, 40.746467245113735 ], [ -73.798262354349959, 40.74696565550795 ], [ -73.80335214152791, 40.746431965191661 ], [ -73.80276629188171, 40.748122144585437 ], [ -73.802876664884579, 40.749765149671738 ], [ -73.807505993244021, 40.750136586590159 ], [ -73.814161720553074, 40.746138580327923 ], [ -73.815373173556836, 40.747218337859749 ], [ -73.815750695494927, 40.746979480115868 ], [ -73.817820258883799, 40.747385416148049 ], [ -73.821084275911446, 40.748558446445664 ], [ -73.824264938744975, 40.75183288858954 ], [ -73.821918288003431, 40.753173080713125 ], [ -73.820849288367427, 40.752241544925546 ], [ -73.818407828581414, 40.753830422077506 ], [ -73.820300677366419, 40.755514980223026 ], [ -73.817892456616818, 40.75708633848437 ], [ -73.820635933393717, 40.758872267848027 ], [ -73.811049631070915, 40.761417021086153 ], [ -73.809513725559682, 40.761299911023904 ], [ -73.800300390374744, 40.759702299144585 ], [ -73.794932461679025, 40.757798030073403 ] ] ] } },
{ "type": "Feature", "properties": { "NTA2020": "QN0706" }, "geometry": { "type": "Polygon", "coordinates": [ [ [ -73.815373173556722, 40.747218337859813 ], [ -73.813757994862755, 40.745745936454462 ], [ -73.813684268383895, 40.745304667436407 ], [ -73.814308848476912, 40.742973773569332 ], [ -73.808237895603398, 40.742011158110415 ], [ -73.799470717778888, 40.742224288139312 ], [ -73.796950652983682, 40.741933035651051 ], [ -73.797230850381538, 40.741695506636034 ], [ -73.797256708589046, 40.740213043798988 ], [ -73.796292972916092, 40.7385523064316 ], [ -73.796724979248296, 40.738416643125774 ], [ -73.79643940114569, 40.738438947645882 ], [ -73.796411784321876, 40.738325326190171 ], [ -73.798221842773913, 40.738222315382373 ], [ -73.813222198129836, 40.738760352445816 ], [ -73.815057146981246, 40.738986847417529 ], [ -73.814972082574698, 40.738560715568916 ], [ -73.816076768007548, 40.738857933589969 ], [ -73.816331093679139, 40.738446401775946 ], [ -73.816779596204938, 40.738379793896641 ], [ -73.82006431419822, 40.738828140378821 ], [ -73.824854962155527, 40.739829363930141 ], [ -73.824974399922027, 40.739440425751106 ], [ -73.825560793227652, 40.739454360073736 ], [ -73.826337882048591, 40.73882842831182 ], [ -73.827012224803809, 40.73856900905124 ], [ -73.827964551505573, 40.738503203951161 ], [ -73.828091526432374, 40.737083175776469 ], [ -73.829467519970081, 40.737024482753476 ], [ -73.830535512975104, 40.737520194764244 ], [ -73.8311345171537, 40.738561906976472 ], [ -73.830994230893452, 40.73856549499871 ], [ -73.830905965890778, 40.739132763893622 ], [ -73.83133868429907, 40.73917063039395 ], [ -73.831155494209511, 40.742340917944595 ], [ -73.835861318721328, 40.743227984538585 ], [ -73.835925304694115, 40.743500570720528 ], [ -73.835437771698352, 40.74552397407912 ], [ -73.834625221516845, 40.746880950883408 ], [ -73.83411433028553, 40.747357310327381 ], [ -73.833085823861452, 40.747989124735497 ], [ -73.833003019633807, 40.747833988792948 ], [ -73.831254799058854, 40.748106359630142 ], [ -73.831265916031896, 40.748618046267502 ], [ -73.830963292118668, 40.748936346503307 ], [ -73.82922512037905, 40.749256081184967 ], [ -73.827866939009482, 40.749811285085087 ], [ -73.827239214717878, 40.749859603089156 ], [ -73.825844409593984, 40.749348391601423 ], [ -73.825765573134291, 40.750969023751246 ], [ -73.824264938745046, 40.751832888589561 ], [ -73.821084275911446, 40.748558446445706 ], [ -73.817820258883799, 40.747385416148084 ], [ -73.815750695494927, 40.746979480115868 ], [ -73.815373173556722, 40.747218337859813 ] ] ] } },
{ "type": "Feature", "properties": { "NTA2020": "QN0707" }, "geometry": { "type": "Polygon", "coordinates": [ [ [ -73.820806847928367, 40.758941783315457 ], [ -73.817892456616818, 40.75708633848437 ], [ -73.820300677366419, 40.755514980223026 ], [ -73.818407828581414, 40.753830422077506 ], [ -73.820849288367427, 40.752241544925546 ], [ -73.821918288003431, 40.753173080713125 ], [ -73.825765573134333, 40.75096902375121 ], [ -73.82584440959404, 40.74934839160138 ], [ -73.827239214717878, 40.749859603089156 ], [ -73.827656418691731, 40.749860830844092 ], [ -73.82922512037905, 40.749256081184967 ], [ -73.830963292118653, 40.748936346503292 ], [ -73.831265916031896, 40.748618046267467 ], [ -73.831254799058797, 40.748106359630142 ], [ -73.833003019633807, 40.747833988792948 ], [ -73.833085823861509, 40.747989124735462 ], [ -73.832223314044271, 40.751419886983648 ], [ -73.832295357390606, 40.751941790636828 ], [ -73.835591538493432, 40.751377132771033 ], [ -73.836842273121164, 40.75333813231827 ], [ -73.837917327694456, 40.754541434799258 ], [ -73.838618589641058, 40.757044846392404 ], [ -73.843243814226909, 40.755336803767953 ], [ -73.84596638489468, 40.760699991405325 ], [ -73.846709337301178, 40.761345269136982 ], [ -73.844745072067397, 40.762755630703282 ], [ -73.843593613162994, 40.763370542788415 ], [ -73.843687876641255, 40.763612726083707 ], [ -73.843436287804721, 40.763432566193636 ], [ -73.843069612696567, 40.763592569153751 ], [ -73.843042408108332, 40.764321319920285 ], [ -73.842728193964859, 40.764628548931739 ], [ -73.840526354793894, 40.76538798970013 ], [ -73.839578268535462, 40.765252322973048 ], [ -73.839359122259665, 40.765409871853052 ], [ -73.839053350354888, 40.765958678100063 ], [ -73.839256217026914, 40.766034209638747 ], [ -73.83872288624093, 40.76690256498771 ], [ -73.837219382504728, 40.768743069392805 ], [ -73.835216117205817, 40.770376539194892 ], [ -73.83159305701615, 40.77256002047347 ], [ -73.831516925342356, 40.771657649857289 ], [ -73.830584623912486, 40.771638875217327 ], [ -73.830545725438469, 40.770223683161134 ], [ -73.829571450400081, 40.770711112094141 ], [ -73.826565788930992, 40.770641476231006 ], [ -73.826558419716434, 40.770137083593333 ], [ -73.824669090323169, 40.77040760780865 ], [ -73.82348245212701, 40.764651792367445 ], [ -73.820806847928367, 40.758941783315457 ] ] ] } },
{ "type": "Feature", "properties": { "NTA2020": "QN0761" }, "geometry": { "type": "Polygon", "coordinates": [ [ [ -73.774096098289661, 40.786296565302592 ], [ -73.777961244800508, 40.788364322369141 ], [ -73.781205217320434, 40.789587913720702 ], [ -73.781714607925082, 40.790530319316851 ], [ -73.781747087630961, 40.791133406644583 ], [ -73.781078459039151, 40.791677322280428 ], [ -73.780778924817895, 40.793189786366469 ], [ -73.781588815450121, 40.793463541012592 ], [ -73.781683728301417, 40.793321757513404 ], [ -73.781642134334689, 40.793525053377671 ], [ -73.780724350698307, 40.793333618824242 ], [ -73.780791820726463, 40.794035919864427 ], [ -73.781005396673009, 40.794384818627222 ], [ -73.781903854210327, 40.79490120389427 ], [ -73.78310976897825, 40.7949144605046 ], [ -73.783317967503933, 40.794758356475441 ], [ -73.783258762530323, 40.794923914800577 ], [ -73.782003261695124, 40.794975462504866 ], [ -73.781541499666119, 40.795659737318822 ], [ -73.779803050522261, 40.796205528434264 ], [ -73.779433015160635, 40.796661538576572 ], [ -73.778714787624324, 40.796597360698605 ], [ -73.778270663009295, 40.796725126736554 ], [ -73.776870504234637, 40.796445204694187 ], [ -73.776178859531981, 40.796096053362774 ], [ -73.774718143099818, 40.79485987063169 ], [ -73.77401353458616, 40.794030001517207 ], [ -73.773632481889138, 40.792749756215173 ], [ -73.772362961620132, 40.791538204130212 ], [ -73.772102553487542, 40.790130000661946 ], [ -73.77063124537591, 40.788462905534622 ], [ -73.77082315021427, 40.787982667060014 ], [ -73.771737564166216, 40.787463609415809 ], [ -73.774268360589588, 40.786756658654788 ], [ -73.774389769010327, 40.786857145298193 ], [ -73.774230114866782, 40.787065042178583 ], [ -73.775019226781296, 40.787394474886803 ], [ -73.776337288185474, 40.788487226256379 ], [ -73.774806953031288, 40.786970687780197 ], [ -73.774264666283003, 40.786651229144006 ], [ -73.774096098289661, 40.786296565302592 ] ] ] } },
{ "type": "Feature", "properties": { "NTA2020": "QN0791" }, "geometry": { "type": "Polygon", "coordinates": [ [ [ -73.794579761072839, 40.746402682817632 ], [ -73.794452817141561, 40.745203431815419 ], [ -73.794650048187194, 40.744248080555565 ], [ -73.79543059287569, 40.743264290405598 ], [ -73.796950652983796, 40.741933035651051 ], [ -73.799470717778888, 40.742224288139312 ], [ -73.808237895603398, 40.74201115811038 ], [ -73.81430884847687, 40.742973773569332 ], [ -73.813684268383895, 40.745304667436351 ], [ -73.813757994862868, 40.745745936454462 ], [ -73.814161720553074, 40.746138580327923 ], [ -73.807505993244021, 40.750136586590159 ], [ -73.802876664884579, 40.749765149671738 ], [ -73.80276629188171, 40.748122144585437 ], [ -73.80335214152791, 40.746431965191661 ], [ -73.798262354349959, 40.74696565550795 ], [ -73.797362942532047, 40.746467245113735 ], [ -73.795387133889861, 40.746664128675015 ], [ -73.794579761072839, 40.746402682817632 ] ] ] } },
{ "type": "Feature", "properties": { "NTA2020": "QN0801" }, "geometry": { "type": "Polygon", "coordinates": [ [ [ -73.814972082574755, 40.738560715568916 ], [ -73.814693919160376, 40.737140480485323 ], [ -73.814691630389461, 40.735949993521551 ], [ -73.815231448453531, 40.728793912559063 ], [ -73.814745792729084, 40.728230070028474 ], [ -73.810696937182641, 40.726190331378952 ], [ -73.81062583783789, 40.724419843138975 ], [ -73.809342520106924, 40.720957240151911 ], [ -73.807822318108293, 40.715911466482574 ], [ -73.811523981971803, 40.715978019943272 ], [ -73.817305519365135, 40.715785580361526 ], [ -73.820115657538395, 40.716514193983485 ], [ -73.819304694317964, 40.71713608089447 ], [ -73.819523438699207, 40.717339733202955 ], [ -73.823310514017038, 40.717490679485344 ], [ -73.8253122051768, 40.717345012370998 ], [ -73.825567656621331, 40.719721014661921 ], [ -73.827309004494438, 40.724646077497724 ], [ -73.828051453336641, 40.725324849655017 ], [ -73.82979911046516, 40.725897254001168 ], [ -73.830579614565323, 40.726396351540998 ], [ -73.833070879578216, 40.729919031382863 ], [ -73.833862671531108, 40.730553189009029 ], [ -73.825665354174163, 40.732279577876014 ], [ -73.824854962155527, 40.739829363930141 ], [ -73.820064314198319, 40.738828140378821 ], [ -73.816932836974502, 40.738389510895722 ], [ -73.816331093679196, 40.738446401775917 ], [ -73.816076768007605, 40.738857933589969 ], [ -73.814972082574755, 40.738560715568916 ] ] ] } },
{ "type": "Feature", "properties": { "NTA2020": "QN0802" }, "geometry": { "type": "Polygon", "coordinates": [ [ [ -73.804667481667394, 40.73844509330911 ], [ -73.804654948757758, 40.738112423134332 ], [ -73.802730549190912, 40.738084073261753 ], [ -73.802943069355237, 40.734861781598973 ], [ -73.80384625952108, 40.734896940368166 ], [ -73.804066660872195, 40.731641987800515 ], [ -73.798657613228769, 40.731428367241918 ], [ -73.798563929384443, 40.732857566770669 ], [ -73.79427767465522, 40.732696145813108 ], [ -73.793977087147567, 40.732296853166559 ], [ -73.793789386517815, 40.730701181663925 ], [ -73.791572529784162, 40.725329611927599 ], [ -73.790451493232752, 40.723554532325913 ], [ -73.790302674295773, 40.720891465459758 ], [ -73.790371915862679, 40.720132069650397 ], [ -73.790708345153035, 40.719268652029648 ], [ -73.79278970039698, 40.719077581758206 ], [ -73.798047924992602, 40.717408397123691 ], [ -73.798095227327082, 40.717542251814237 ], [ -73.801921811416562, 40.716549519518423 ], [ -73.804742825144572, 40.716168964504476 ], [ -73.80784387577566, 40.715999734067331 ], [ -73.809342520106924, 40.720957240151911 ], [ -73.81062583783789, 40.724419843138975 ], [ -73.810696937182641, 40.726190331378952 ], [ -73.814745792729084, 40.728230070028474 ], [ -73.815231448453531, 40.728793912559063 ], [ -73.814691630389461, 40.735949993521551 ], [ -73.814693919160376, 40.737140480485323 ], [ -73.815057146981346, 40.738986847417529 ], [ -73.813222198129935, 40.73876035244578 ], [ -73.804667481667394, 40.73844509330911 ] ] ] } },
{ "type": "Feature", "properties": { "NTA2020": "QN0803" }, "geometry": { "type": "Polygon", "coordinates": [ [ [ -73.774913353149145, 40.730912860270976 ], [ -73.781160550336836, 40.72921275860022 ], [ -73.791744726697885, 40.725788850395709 ], [ -73.793789386517815, 40.730701181663925 ], [ -73.793819372303389, 40.731657388233849 ], [ -73.793977087147567, 40.732296853166559 ], [ -73.79427767465522, 40.732696145813108 ], [ -73.798563929384443, 40.732857566770669 ], [ -73.798657613228769, 40.731428367241918 ], [ -73.804066660872195, 40.731641987800515 ], [ -73.80384625952108, 40.734896940368166 ], [ -73.802943069355237, 40.734861781598973 ], [ -73.802730549190912, 40.738084073261753 ], [ -73.804654948757758, 40.738112423134332 ], [ -73.804667481667394, 40.73844509330911 ], [ -73.798221842773913, 40.738222315382345 ], [ -73.796411784321933, 40.738325326190171 ], [ -73.780408485240841, 40.742629799648206 ], [ -73.775758925788296, 40.743367227472554 ], [ -73.774550668502911, 40.740815102009378 ], [ -73.773157935593829, 40.736992898158022 ], [ -73.772295854571496, 40.735109696234908 ], [ -73.770108306561482, 40.731779508415023 ], [ -73.774913353149145, 40.730912860270976 ] ] ] } },
{ "type": "Feature", "properties": { "NTA2020": "QN0804" }, "geometry": { "type": "Polygon", "coordinates": [ [ [ -73.756880113810055, 40.726278605346316 ], [ -73.755480736881793, 40.725119807263965 ], [ -73.754969194627947, 40.724159647309037 ], [ -73.759500941500463, 40.721027372779432 ], [ -73.764469517235426, 40.718890392879104 ], [ -73.767332281529363, 40.717289796811961 ], [ -73.773571352344561, 40.715120095370033 ], [ -73.786575286935758, 40.711972493277955 ], [ -73.787846784139347, 40.711810833166389 ], [ -73.788725457072076, 40.712066780632931 ], [ -73.789289138476363, 40.712033123689572 ], [ -73.793037999863046, 40.710711075424264 ], [ -73.793026542040309, 40.711981364641019 ], [ -73.793607044023219, 40.713508470009856 ], [ -73.793585702993994, 40.714128678174475 ], [ -73.792404133495552, 40.716193040973778 ], [ -73.792241756334988, 40.717427179493249 ], [ -73.792013766396593, 40.717967687438161 ], [ -73.791628426481211, 40.718417965310159 ], [ -73.790899606015785, 40.718875807790802 ], [ -73.79073248864259, 40.719208757330293 ], [ -73.790371915862679, 40.720132069650397 ], [ -73.790302674295773, 40.720891465459758 ], [ -73.790451493232752, 40.723554532325913 ], [ -73.791744726697885, 40.725788850395709 ], [ -73.781160550336836, 40.72921275860022 ], [ -73.77757506882061, 40.730193275807046 ], [ -73.775233872268899, 40.72523753332748 ], [ -73.776341890428654, 40.724465647097148 ], [ -73.777003278593341, 40.723720008682314 ], [ -73.778037658908204, 40.7232842687147 ], [ -73.777325628159517, 40.722392701143214 ], [ -73.775484735947316, 40.723720614872377 ], [ -73.774371086865827, 40.724261132110229 ], [ -73.771395781473473, 40.725350501341403 ], [ -73.769240747961078, 40.725902701255237 ], [ -73.765037551998347, 40.726488153980235 ], [ -73.759859646438287, 40.72587438745591 ], [ -73.75848259330094, 40.725948103738432 ], [ -73.756880113810055, 40.726278605346316 ] ] ] } },
{ "type": "Feature", "properties": { "NTA2020": "QN0805" }, "geometry": { "type": "Polygon", "coordinates": [ [ [ -73.793037999863046, 40.710711075424264 ], [ -73.794730523529267, 40.710012461966038 ], [ -73.797768101341447, 40.709143188341805 ], [ -73.798701506790692, 40.710663377114116 ], [ -73.801414163287504, 40.709686873023678 ], [ -73.801932970560557, 40.70891159585274 ], [ -73.803024147406759, 40.708139657094328 ], [ -73.803668301898426, 40.708746046901332 ], [ -73.805012476525434, 40.709473334686507 ], [ -73.805482413873037, 40.710088855940988 ], [ -73.808046308320186, 40.709356827634842 ], [ -73.806948563293645, 40.707367100413727 ], [ -73.812012485843056, 40.705944944808429 ], [ -73.811528569193001, 40.702272874880478 ], [ -73.813564706099413, 40.702528498001769 ], [ -73.816475312596623, 40.702450427419429 ], [ -73.819527704228534, 40.708579128170754 ], [ -73.819537768066112, 40.708279410767581 ], [ -73.820365137766302, 40.709523412745298 ], [ -73.821313918463304, 40.710548220306165 ], [ -73.823950206604891, 40.712863363579594 ], [ -73.824159193385469, 40.713132559774799 ], [ -73.823944059832513, 40.713233299847033 ], [ -73.82428940584002, 40.713870066106907 ], [ -73.825578628576395, 40.715762608675234 ], [ -73.82517896691455, 40.716014996893129 ], [ -73.823850911279791, 40.716184299050404 ], [ -73.823365522798284, 40.716557923478369 ], [ -73.821864371408594, 40.716649496476272 ], [ -73.820507148641255, 40.716596632023538 ], [ -73.818144372732178, 40.715915393198664 ], [ -73.817104170799951, 40.715776812762606 ], [ -73.811523981971803, 40.715978019943272 ], [ -73.807822318108293, 40.715911466482574 ], [ -73.804742825144572, 40.716168964504476 ], [ -73.801921811416562, 40.716549519518423 ], [ -73.798095227327082, 40.717542251814237 ], [ -73.798047924992602, 40.717408397123691 ], [ -73.79278970039698, 40.719077581758206 ], [ -73.790708345153035, 40.719268652029648 ], [ -73.790899606015785, 40.718875807790802 ], [ -73.791628426481211, 40.718417965310159 ], [ -73.792013766396593, 40.717967687438161 ], [ -73.792241756334988, 40.717427179493249 ], [ -73.792404133495552, 40.716193040973778 ], [ -73.793585702993994, 40.714128678174475 ], [ -73.793607044023219, 40.713508470009856 ], [ -73.793026542040309, 40.711981364641019 ], [ -73.793037999863046, 40.710711075424264 ] ] ] } },
{ "type": "Feature", "properties": { "NTA2020": "QN0871" }, "geometry": { "type": "Polygon", "coordinates": [ [ [ -73.824811784217587, 40.7396309598996 ], [ -73.825665354173992, 40.732279577876049 ], [ -73.833862671531108, 40.730553189009072 ], [ -73.834003687874002, 40.731567710163461 ], [ -73.834899394832632, 40.732967642265777 ], [ -73.835848246776337, 40.733833748755011 ], [ -73.836048457384749, 40.734265584619919 ], [ -73.835605088476385, 40.735134539214421 ], [ -73.835398129644972, 40.736912389552288 ], [ -73.835645856401698, 40.738491011139018 ], [ -73.836275270974596, 40.739568376005536 ], [ -73.836624197873675, 40.739365059613945 ], [ -73.836750881187285, 40.739720534286477 ], [ -73.837107207151774, 40.741396228782079 ], [ -73.836992700231534, 40.742093341754661 ], [ -73.836099891898655, 40.742429069782993 ], [ -73.835861318721328, 40.743227984538585 ], [ -73.831155494209511, 40.742340917944595 ], [ -73.83133868429907, 40.73917063039395 ], [ -73.830905965890778, 40.739132763893622 ], [ -73.830994230893452, 40.73856549499871 ], [ -73.8311345171537, 40.738561906976472 ], [ -73.830535512975104, 40.737520194764244 ], [ -73.829467519970081, 40.737024482753476 ], [ -73.828091526432374, 40.737083175776469 ], [ -73.827964551505573, 40.738503203951161 ], [ -73.827012224803809, 40.73856900905124 ], [ -73.825975804620967, 40.739000395214646 ], [ -73.825560793227652, 40.739454360073736 ], [ -73.824974399922027, 40.739440425751106 ], [ -73.824811784217587, 40.7396309598996 ] ] ] } },
{ "type": "Feature", "properties": { "NTA2020": "QN0891" }, "geometry": { "type": "Polygon", "coordinates": [ [ [ -73.756782727155382, 40.726305784862625 ], [ -73.75848259330094, 40.725948103738432 ], [ -73.759859646438287, 40.72587438745591 ], [ -73.765037551998347, 40.726488153980235 ], [ -73.769240747961078, 40.725902701255237 ], [ -73.771395781473473, 40.725350501341403 ], [ -73.774371086865827, 40.724261132110229 ], [ -73.775484735947316, 40.723720614872377 ], [ -73.777325628159517, 40.722392701143214 ], [ -73.778037658908204, 40.7232842687147 ], [ -73.777003278593341, 40.723720008682314 ], [ -73.776341890428654, 40.724465647097148 ], [ -73.775233872268899, 40.72523753332748 ], [ -73.77757506882061, 40.730193275807046 ], [ -73.774913353149145, 40.730912860270976 ], [ -73.770108306561482, 40.731779508415023 ], [ -73.772295854571496, 40.735109696234908 ], [ -73.773157935593829, 40.736992898158022 ], [ -73.774550668502911, 40.740815102009378 ], [ -73.775758925788296, 40.743367227472554 ], [ -73.772444587655315, 40.743919583342709 ], [ -73.769477932288751, 40.745247249770131 ], [ -73.767762783038336, 40.74584353402269 ], [ -73.766878535967948, 40.744093579206286 ], [ -73.76556849744513, 40.743258155025892 ], [ -73.762486092772761, 40.73673098195227 ], [ -73.762733034677368, 40.735262163174831 ], [ -73.765110183463122, 40.734557738043584 ], [ -73.763699791701654, 40.732864116847857 ], [ -73.765550859877536, 40.732544283942673 ], [ -73.764535148541682, 40.731469279295503 ], [ -73.762263248967557, 40.729604676440253 ], [ -73.760660999999331, 40.72861599835575 ], [ -73.758458857146636, 40.727542699940969 ], [ -73.756782727155382, 40.726305784862625 ] ] ] } },
{ "type": "Feature", "properties": { "NTA2020": "QN0901" }, "geometry": { "type": "Polygon", "coordinates": [ [ [ -73.816475312596623, 40.702450427419429 ], [ -73.81686030425206, 40.702444331821233 ], [ -73.817333358151714, 40.702957786012284 ], [ -73.817543761932569, 40.70265734932007 ], [ -73.822458904101296, 40.703655531284603 ], [ -73.831521096066439, 40.701389628798786 ], [ -73.832132041518662, 40.702794080793339 ], [ -73.833917096866656, 40.70234736797039 ], [ -73.834602449160613, 40.703927467125467 ], [ -73.835975346822678, 40.703432157449242 ], [ -73.836618821321423, 40.703420017871899 ], [ -73.8381363534196, 40.706182028808612 ], [ -73.838081378742984, 40.706562043474101 ], [ -73.837147029888925, 40.707957046263374 ], [ -73.838284288362445, 40.7084093586259 ], [ -73.843146253012975, 40.709223456418798 ], [ -73.841339366090892, 40.709946234363159 ], [ -73.837708941993696, 40.711036484271325 ], [ -73.836114765828086, 40.711825146874297 ], [ -73.835977071108644, 40.711705956976893 ], [ -73.831095893438317, 40.71428061247699 ], [ -73.825578628576395, 40.715762608675234 ], [ -73.82428940584002, 40.713870066106907 ], [ -73.823944059832513, 40.713233299847033 ], [ -73.824159193385469, 40.713132559774799 ], [ -73.823950206604891, 40.712863363579594 ], [ -73.821313918463304, 40.710548220306165 ], [ -73.820365137766302, 40.709523412745298 ], [ -73.819537768066112, 40.708279410767581 ], [ -73.819527704228534, 40.708579128170754 ], [ -73.816475312596623, 40.702450427419429 ] ] ] } },
{ "type": "Feature", "properties": { "NTA2020": "QN0902" }, "geometry": { "type": "Polygon", "coordinates": [ [ [ -73.816475312596623, 40.702450427419429 ], [ -73.81372585751059, 40.697132095233819 ], [ -73.814392403235189, 40.697074215417459 ], [ -73.820861898295377, 40.695353559055789 ], [ -73.821080964656758, 40.695778997645128 ], [ -73.829675977225747, 40.693526975788203 ], [ -73.844960281342267, 40.689162625084577 ], [ -73.847733255271677, 40.694775279966912 ], [ -73.848941289826996, 40.69755684757137 ], [ -73.849477635416733, 40.698195807896823 ], [ -73.845024728771065, 40.699359377016215 ], [ -73.842756642466156, 40.700657695306745 ], [ -73.841563780944227, 40.70110059871763 ], [ -73.83947815175415, 40.702690194330707 ], [ -73.836962378110371, 40.704212452333167 ], [ -73.836618821321423, 40.703420017871899 ], [ -73.835975346822678, 40.703432157449242 ], [ -73.834602449160613, 40.703927467125467 ], [ -73.833917096866656, 40.70234736797039 ], [ -73.832132041518662, 40.702794080793339 ], [ -73.831521096066439, 40.701389628798786 ], [ -73.822458904101296, 40.703655531284603 ], [ -73.817543761932569, 40.70265734932007 ], [ -73.817333358151714, 40.702957786012284 ], [ -73.81686030425206, 40.702444331821233 ], [ -73.816475312596623, 40.702450427419429 ] ] ] } },
{ "type": "Feature", "properties": { "NTA2020": "QN0903" }, "geometry": { "type": "Polygon", "coordinates": [ [ [ -73.810725875210267, 40.691922422303413 ], [ -73.825011289387049, 40.687952318428799 ], [ -73.825993473885561, 40.689953662258034 ], [ -73.82851136759183, 40.689239056295953 ], [ -73.827530213917299, 40.687239482736565 ], [ -73.835950828410319, 40.684843546885851 ], [ -73.836936007759292, 40.686843325190154 ], [ -73.837278101270286, 40.686747345921113 ], [ -73.838105800419626, 40.688433107152697 ], [ -73.836346177892665, 40.688927630557707 ], [ -73.837505061913802, 40.691293979439173 ], [ -73.821080964656758, 40.695778997645128 ], [ -73.820861898295377, 40.695353559055789 ], [ -73.814159990164697, 40.697117911544872 ], [ -73.81372585751059, 40.697132095233819 ], [ -73.810725875210267, 40.691922422303413 ] ] ] } },
{ "type": "Feature", "properties": { "NTA2020": "QN0904" }, "geometry": { "type": "Polygon", "coordinates": [ [ [ -73.835950828410319, 40.684843546885851 ], [ -73.838077690693353, 40.684238909703048 ], [ -73.836974862836669, 40.68198801776397 ], [ -73.838650657853748, 40.681438237150545 ], [ -73.840128561271811, 40.681146650583749 ], [ -73.841196056632256, 40.683351366843951 ], [ -73.847868176319395, 40.681486832122886 ], [ -73.851978645343522, 40.682564211284991 ], [ -73.850990892828776, 40.68056836766047 ], [ -73.853980147679863, 40.679683035465963 ], [ -73.858198360345654, 40.679430849068645 ], [ -73.8587857683697, 40.680630463643517 ], [ -73.863349435269242, 40.679351641391555 ], [ -73.864100966791341, 40.682372850292644 ], [ -73.866019932207308, 40.681919587028041 ], [ -73.866302638534989, 40.683186694603002 ], [ -73.837505061913802, 40.691293979439173 ], [ -73.836346177892665, 40.688927630557707 ], [ -73.838105800419626, 40.688433107152697 ], [ -73.837278101270286, 40.686747345921113 ], [ -73.836936007759292, 40.686843325190154 ], [ -73.835950828410319, 40.684843546885851 ] ] ] } },
{ "type": "Feature", "properties": { "NTA2020": "QN0905" }, "geometry": { "type": "Polygon", "coordinates": [ [ [ -73.849138372429039, 40.698282741201915 ], [ -73.849477635416733, 40.698195807896823 ], [ -73.848941289826996, 40.69755684757137 ], [ -73.847733255271677, 40.694775279966912 ], [ -73.844960281342267, 40.689162625084577 ], [ -73.866302638534989, 40.683186694603002 ], [ -73.866598483492695, 40.685269559069937 ], [ -73.867456940775497, 40.688400441659191 ], [ -73.868684543705783, 40.694034691905642 ], [ -73.86840518949181, 40.694731186243871 ], [ -73.857444477396186, 40.696912984716818 ], [ -73.852745116860774, 40.697560750098987 ], [ -73.852832622788071, 40.698407766583266 ], [ -73.854566305296103, 40.700594051087535 ], [ -73.854241563811712, 40.700744299585402 ], [ -73.854124740592141, 40.700765084809468 ], [ -73.85410116469248, 40.700513748826779 ], [ -73.850708422562661, 40.700203125104409 ], [ -73.849138372429039, 40.698282741201915 ] ] ] } },
{ "type": "Feature", "properties": { "NTA2020": "QN1001" }, "geometry": { "type": "Polygon", "coordinates": [ [ [ -73.807364548937016, 40.685962123014384 ], [ -73.801792954414239, 40.674393991091023 ], [ -73.801317713906286, 40.672784224978678 ], [ -73.801244042084775, 40.669843008304696 ], [ -73.801417090134635, 40.667778095437235 ], [ -73.802148665026593, 40.665249953966516 ], [ -73.80614395972853, 40.664912730210041 ], [ -73.80845016180497, 40.6644613012649 ], [ -73.811688612532208, 40.663132872013421 ], [ -73.813268434157408, 40.662812917534126 ], [ -73.814105203850687, 40.662795182285244 ], [ -73.822961012522555, 40.663860138247479 ], [ -73.823052105663265, 40.663553878638375 ], [ -73.826873539243437, 40.663704107994512 ], [ -73.832705339041254, 40.665405772613482 ], [ -73.838119466911749, 40.676629889058916 ], [ -73.837942510351738, 40.676794209756402 ], [ -73.840128561271811, 40.681146650583749 ], [ -73.836974862836669, 40.68198801776397 ], [ -73.838077690693353, 40.684238909703048 ], [ -73.827530213917299, 40.687239482736565 ], [ -73.82851136759183, 40.689239056295953 ], [ -73.825993473885561, 40.689953662258034 ], [ -73.825011289387049, 40.687952318428799 ], [ -73.810725875210267, 40.691922422303413 ], [ -73.807364548937016, 40.685962123014384 ] ] ] } },
{ "type": "Feature", "properties": { "NTA2020": "QN1002" }, "geometry": { "type": "Polygon", "coordinates": [ [ [ -73.841196056632256, 40.683351366843951 ], [ -73.837942510351738, 40.676794209756402 ], [ -73.838119466911749, 40.676629889058916 ], [ -73.83334819203354, 40.666773187014478 ], [ -73.834876542347004, 40.667211664717144 ], [ -73.83790595577895, 40.6675114055816 ], [ -73.838453546791683, 40.667662010715958 ], [ -73.838343581952643, 40.667989026574602 ], [ -73.84008169944893, 40.668459218813538 ], [ -73.840467838826513, 40.668718507717259 ], [ -73.840136236907639, 40.668268025014207 ], [ -73.842426339892469, 40.6687803465583 ], [ -73.84258049032691, 40.669280533138263 ], [ -73.843221500884141, 40.669340410883677 ], [ -73.848477653024815, 40.670916738652771 ], [ -73.861318635825597, 40.675021268815428 ], [ -73.86234580535023, 40.679164786146906 ], [ -73.863282970302279, 40.679079371678625 ], [ -73.863349435269242, 40.679351641391555 ], [ -73.8587857683697, 40.680630463643517 ], [ -73.858198360345654, 40.679430849068645 ], [ -73.853980147679863, 40.679683035465963 ], [ -73.850990892828776, 40.68056836766047 ], [ -73.851978645343522, 40.682564211284991 ], [ -73.847868176319395, 40.681486832122886 ], [ -73.841196056632256, 40.683351366843951 ] ] ] } },
{ "type": "Feature", "properties": { "NTA2020": "QN1003" }, "geometry": { "type": "MultiPolygon", "coordinates": [ [ [ [ -73.860212219023609, 40.654840052131512 ], [ -73.860540778824813, 40.654623996610503 ], [ -73.860989173539124, 40.655209767105191 ], [ -73.860720157173333, 40.655197183442951 ], [ -73.860212219023609, 40.654840052131512 ] ] ], [ [ [ -73.830327253370641, 40.655132805803319 ], [ -73.830266018514919, 40.655428646784777 ], [ -73.829889198560181, 40.655522822584039 ], [ -73.829945564358383, 40.65542449435295 ], [ -73.830327253370641, 40.655132805803319 ] ] ], [ [ [ -73.857113491966913, 40.673575054595005 ], [ -73.843221500884141, 40.669340410883677 ], [ -73.84258049032691, 40.669280533138263 ], [ -73.842426339892469, 40.6687803465583 ], [ -73.84215802097917, 40.66870144772713 ], [ -73.840136236907639, 40.668268025014207 ], [ -73.840467838826513, 40.668718507717259 ], [ -73.84008169944893, 40.668459218813538 ], [ -73.838343581952643, 40.667989026574602 ], [ -73.838453546791683, 40.667662010715958 ], [ -73.83790595577895, 40.6675114055816 ], [ -73.834876542347004, 40.667211664717144 ], [ -73.83334819203354, 40.666773187014478 ], [ -73.830293752080266, 40.660401991532147 ], [ -73.829314201528291, 40.658898656745542 ], [ -73.828599424046971, 40.657196973016035 ], [ -73.826392428444905, 40.648324348615638 ], [ -73.827015025728429, 40.648759712732264 ], [ -73.828460411057193, 40.649118677724836 ], [ -73.82959697362601, 40.649827658085911 ], [ -73.830010398184129, 40.650328374657583 ], [ -73.829869487665249, 40.650429630141801 ], [ -73.830007674492705, 40.65090347505749 ], [ -73.830936513534809, 40.651626129255845 ], [ -73.831321750157869, 40.652726532870439 ], [ -73.831287744717073, 40.653478837926677 ], [ -73.831560393425491, 40.653603277647839 ], [ -73.831583220596585, 40.653813786333728 ], [ -73.829014175579744, 40.656107884452481 ], [ -73.829666776521449, 40.655599040016348 ], [ -73.830150326867397, 40.655664602844418 ], [ -73.830443280719223, 40.655519472444524 ], [ -73.830602459747723, 40.654806889777561 ], [ -73.831708144115453, 40.653931174296936 ], [ -73.832054451305424, 40.654046418067637 ], [ -73.832000528707468, 40.654440818965092 ], [ -73.832216985185809, 40.65446038629301 ], [ -73.831493301030093, 40.654979820539765 ], [ -73.831161008097538, 40.655919233234606 ], [ -73.830212131610068, 40.656337192505532 ], [ -73.830033014565558, 40.656567168336117 ], [ -73.829376034105891, 40.656506335718504 ], [ -73.829236537990496, 40.656664527519062 ], [ -73.829309746953385, 40.656932457535213 ], [ -73.828967787402959, 40.657205247920118 ], [ -73.829179197345795, 40.657799778544316 ], [ -73.830130287405169, 40.658402643218615 ], [ -73.829707068389183, 40.658502513864562 ], [ -73.829599869031583, 40.658656806412814 ], [ -73.830149501047586, 40.659808684957341 ], [ -73.830012141849892, 40.659163163878837 ], [ -73.829695200833967, 40.658655928691523 ], [ -73.83019910654933, 40.658508969064165 ], [ -73.830244270393919, 40.658349969348173 ], [ -73.82922393902868, 40.65770651238396 ], [ -73.829094348252028, 40.657334218663316 ], [ -73.829498261739545, 40.656905907955426 ], [ -73.829502651198467, 40.656647431983316 ], [ -73.830091725696803, 40.656736357448672 ], [ -73.830505320573778, 40.656342367316185 ], [ -73.831271125642147, 40.656003271624591 ], [ -73.831553091771752, 40.655242972372207 ], [ -73.831852384792825, 40.654885038266997 ], [ -73.832181860678972, 40.654894752457388 ], [ -73.832903095245968, 40.657483771623099 ], [ -73.832781943614734, 40.657548460383531 ], [ -73.832084971008598, 40.656131028511346 ], [ -73.831943945782555, 40.656171427253469 ], [ -73.832600363706064, 40.657826591627327 ], [ -73.831126644218344, 40.658318786441065 ], [ -73.833384394725442, 40.658051859208008 ], [ -73.831566814126376, 40.651167714415784 ], [ -73.831187191795564, 40.650751711170919 ], [ -73.83079877895905, 40.648976559206474 ], [ -73.831487235172119, 40.647887278516272 ], [ -73.834534973047312, 40.648025130788291 ], [ -73.835608004544497, 40.648469073611828 ], [ -73.835972234964927, 40.649348763416057 ], [ -73.838453067225075, 40.659361619700917 ], [ -73.83880690398891, 40.660941834977592 ], [ -73.838627242939054, 40.661081642785014 ], [ -73.838837057090643, 40.661121523880766 ], [ -73.838929251737909, 40.661270033852432 ], [ -73.838892394889271, 40.661403524755819 ], [ -73.838075556397442, 40.661587959823024 ], [ -73.838140814472823, 40.662069507593372 ], [ -73.838438973307689, 40.662343847914798 ], [ -73.839695965155514, 40.662238304105145 ], [ -73.839623957919926, 40.661996129195273 ], [ -73.839979499756197, 40.66190427386227 ], [ -73.836813345751565, 40.649249415002011 ], [ -73.837387787796402, 40.649118149969226 ], [ -73.846791621749119, 40.647796329176238 ], [ -73.848397910346321, 40.654497426412547 ], [ -73.853205161506324, 40.653807885445701 ], [ -73.854373462764059, 40.658605261076914 ], [ -73.853546902055029, 40.659316105966958 ], [ -73.853616781590262, 40.659733864757222 ], [ -73.857352694759427, 40.656795746613433 ], [ -73.859670179376096, 40.65518789566341 ], [ -73.860840306999165, 40.656171574779187 ], [ -73.861351932443441, 40.656394621191232 ], [ -73.861401309961693, 40.656567739317317 ], [ -73.860674145859534, 40.656584592168223 ], [ -73.860616693296876, 40.656464657206953 ], [ -73.860615570408925, 40.656640542174571 ], [ -73.860208395009536, 40.657010374949095 ], [ -73.8600677781954, 40.656779861049557 ], [ -73.860055695744535, 40.656972255155402 ], [ -73.859833635214883, 40.656977063220488 ], [ -73.860074997982252, 40.657048611080029 ], [ -73.859810276096781, 40.657322411493716 ], [ -73.859938972795405, 40.657720177150409 ], [ -73.859592448186149, 40.657988453401735 ], [ -73.859582008635286, 40.658331003795041 ], [ -73.859779930906839, 40.658549383164647 ], [ -73.860258478900832, 40.658629711739081 ], [ -73.860226795016786, 40.658897433263505 ], [ -73.860451829905713, 40.658796719321728 ], [ -73.860512086000256, 40.658497671946293 ], [ -73.860980775321977, 40.658381303388417 ], [ -73.860857730878109, 40.658719926792472 ], [ -73.860490004862442, 40.658994143594128 ], [ -73.860612073112208, 40.659326534605178 ], [ -73.861322764688182, 40.658514932165886 ], [ -73.861248509379521, 40.658224086024475 ], [ -73.860934993687749, 40.658056067528683 ], [ -73.8601122166708, 40.65832681519467 ], [ -73.859768395889063, 40.65828193634578 ], [ -73.860213638115354, 40.657913469551616 ], [ -73.860576462180703, 40.657834589805994 ], [ -73.860407142018801, 40.657761341568182 ], [ -73.860350306724825, 40.657226067167656 ], [ -73.860623723374815, 40.657205456082913 ], [ -73.86087003515479, 40.656908975372595 ], [ -73.861613711636181, 40.65699651025281 ], [ -73.86172714514386, 40.658033653993201 ], [ -73.862697782995326, 40.657618309012413 ], [ -73.863170833404041, 40.658276512948888 ], [ -73.860304945640536, 40.659634655303968 ], [ -73.8576153718558, 40.660118933153832 ], [ -73.858429507913044, 40.663453360931058 ], [ -73.855684611550359, 40.663867492874722 ], [ -73.857633231743719, 40.671656194038889 ], [ -73.860385198547277, 40.671251710989708 ], [ -73.861318635825597, 40.675021268815428 ], [ -73.858251536260568, 40.674135611189385 ], [ -73.857113491966913, 40.673575054595005 ] ] ] ] } },
{ "type": "Feature", "properties": { "NTA2020": "QN1091" }, "geometry": { "type": "MultiPolygon", "coordinates": [ [ [ [ -73.857223309843661, 40.650278670541418 ], [ -73.860013228909907, 40.653973425862098 ], [ -73.860540778824813, 40.654623996610503 ], [ -73.860212219023609, 40.654840052131512 ], [ -73.859792427507358, 40.654476157377033 ], [ -73.85975533673269, 40.654104176189783 ], [ -73.85941022942697, 40.653864737422388 ], [ -73.859444740271513, 40.65363754760174 ], [ -73.859045292297992, 40.653107976083952 ], [ -73.858980029131672, 40.652675457834725 ], [ -73.857319415155132, 40.651237099007886 ], [ -73.85695870357813, 40.650587373975156 ], [ -73.857223309843661, 40.650278670541418 ] ] ], [ [ [ -73.854373462764059, 40.658605261076914 ], [ -73.853205161506324, 40.653807885445701 ], [ -73.848397910346321, 40.654497426412547 ], [ -73.846791621749119, 40.647796329176238 ], [ -73.836813345751565, 40.649249415002011 ], [ -73.835923201391424, 40.645499791178523 ], [ -73.836330747872765, 40.645321149280527 ], [ -73.838608961029095, 40.645347908312729 ], [ -73.839897976763865, 40.645126678036732 ], [ -73.84039185359002, 40.644887914529228 ], [ -73.841260054465067, 40.644884793637601 ], [ -73.845794840602267, 40.644101509257368 ], [ -73.849506990841761, 40.644133765678795 ], [ -73.852076284740562, 40.646176148091008 ], [ -73.852431996324796, 40.647159295230708 ], [ -73.852342575020018, 40.647677310151579 ], [ -73.851725873981323, 40.6489121545698 ], [ -73.851372021650775, 40.649179903598764 ], [ -73.851189558105858, 40.649070620916277 ], [ -73.850905524614106, 40.649168196000396 ], [ -73.850781859959056, 40.649806092725377 ], [ -73.85058099294757, 40.649862205947827 ], [ -73.850586656335423, 40.650337980994991 ], [ -73.850377083496539, 40.65027449987565 ], [ -73.850422610127211, 40.650476994825453 ], [ -73.849257268408238, 40.651031532550924 ], [ -73.849397664063218, 40.651434878950397 ], [ -73.849922533162911, 40.651657963603704 ], [ -73.85078499726184, 40.651532851904314 ], [ -73.851491163699194, 40.651197973179904 ], [ -73.851786065593657, 40.650815639382174 ], [ -73.852509496115843, 40.650551403671102 ], [ -73.854033294880495, 40.650660311571571 ], [ -73.854959395437547, 40.650968436249563 ], [ -73.855250811244446, 40.651270374878195 ], [ -73.855878227142298, 40.651289801364463 ], [ -73.85624490971604, 40.65159728234628 ], [ -73.856349488586829, 40.65217859576142 ], [ -73.856838654810133, 40.65290324441272 ], [ -73.8571023487833, 40.652961230086866 ], [ -73.857723317739669, 40.652726229071703 ], [ -73.85828132383817, 40.652994872151865 ], [ -73.858520266581465, 40.65331118940378 ], [ -73.858758079916981, 40.654161626832504 ], [ -73.859154984460275, 40.654402468871076 ], [ -73.859327359009427, 40.654940570395048 ], [ -73.859670179376096, 40.65518789566341 ], [ -73.857352694759427, 40.656795746613433 ], [ -73.853616781590262, 40.659733864757222 ], [ -73.853546902055029, 40.659316105966958 ], [ -73.854373462764059, 40.658605261076914 ] ] ] ] } },
{ "type": "Feature", "properties": { "NTA2020": "QN1101" }, "geometry": { "type": "Polygon", "coordinates": [ [ [ -73.771638114614035, 40.744196938701265 ], [ -73.773432988377792, 40.743718683277443 ], [ -73.780408485240841, 40.742629799648206 ], [ -73.795356478638581, 40.738537300594174 ], [ -73.796411784321933, 40.738325326190171 ], [ -73.796439401145733, 40.738438947645847 ], [ -73.796724979248353, 40.738416643125717 ], [ -73.796292972916092, 40.738552306431565 ], [ -73.797223730688884, 40.740098034721726 ], [ -73.797230850381595, 40.741695506636034 ], [ -73.795212577758008, 40.743495568792227 ], [ -73.794605352603128, 40.744332916713063 ], [ -73.794463683988752, 40.744970022209962 ], [ -73.794722649440686, 40.747599330209077 ], [ -73.797295246991894, 40.749435052890547 ], [ -73.794721412573423, 40.750621319796167 ], [ -73.794577269900003, 40.753563011339125 ], [ -73.794932461679025, 40.757798030073403 ], [ -73.790315169966661, 40.75782345059033 ], [ -73.790760046204809, 40.7609857694247 ], [ -73.79343991212555, 40.760764127962496 ], [ -73.793025513657639, 40.764621192188706 ], [ -73.793959146528792, 40.764695319925679 ], [ -73.793179444899408, 40.77040317772672 ], [ -73.795657020772694, 40.773036086714626 ], [ -73.793652303361185, 40.773360438642548 ], [ -73.791635261325681, 40.774238655587105 ], [ -73.784593394153219, 40.776141225191793 ], [ -73.784481041780779, 40.773950950490963 ], [ -73.784009018848991, 40.772003974864063 ], [ -73.778381496741474, 40.761226056373076 ], [ -73.775645035906322, 40.752629013498044 ], [ -73.771740978127482, 40.744843996765468 ], [ -73.771926044126815, 40.744790738396205 ], [ -73.771638114614035, 40.744196938701265 ] ] ] } },
{ "type": "Feature", "properties": { "NTA2020": "QN1102" }, "geometry": { "type": "Polygon", "coordinates": [ [ [ -73.767604545676804, 40.778299034659398 ], [ -73.767618940754943, 40.777994693915907 ], [ -73.767091134847348, 40.776844841109217 ], [ -73.765104368202145, 40.773799038723091 ], [ -73.764176331146984, 40.772829989940142 ], [ -73.76126301259842, 40.770395965074307 ], [ -73.759600780928238, 40.768723256713045 ], [ -73.758935120936954, 40.768334328515884 ], [ -73.758642643580785, 40.767357170035488 ], [ -73.757870305672284, 40.766946427949577 ], [ -73.757390208038743, 40.767166672358456 ], [ -73.756410842897509, 40.76651422276764 ], [ -73.756500719376447, 40.766344505520621 ], [ -73.75602210333291, 40.76646442121023 ], [ -73.755473104397922, 40.766365580416533 ], [ -73.754936743412642, 40.766093252138894 ], [ -73.754100654884411, 40.765349353964567 ], [ -73.753770365304476, 40.765304631986965 ], [ -73.755672269215651, 40.764691149131245 ], [ -73.759197704630708, 40.764326745505294 ], [ -73.758864313990728, 40.763274541259108 ], [ -73.758362965725084, 40.763497383001621 ], [ -73.757848587166947, 40.762566799540281 ], [ -73.758023778618522, 40.762111024299557 ], [ -73.758480750666337, 40.761994737148996 ], [ -73.758001317671614, 40.760379867480545 ], [ -73.75682062196401, 40.75973480633192 ], [ -73.755837133232646, 40.757742061784555 ], [ -73.755573437164202, 40.758280951840639 ], [ -73.755116483564052, 40.758479498133312 ], [ -73.754047448913909, 40.758512386011404 ], [ -73.753209971843987, 40.758244873008486 ], [ -73.752302593889439, 40.759455199333104 ], [ -73.751155829715302, 40.759069768753307 ], [ -73.750577106913738, 40.758014894987404 ], [ -73.750047645321587, 40.758404658291838 ], [ -73.748095879411821, 40.755899549723921 ], [ -73.747111138343442, 40.754173286090861 ], [ -73.747741165056581, 40.753849944646937 ], [ -73.747098854077151, 40.752346829179459 ], [ -73.746807946196526, 40.752028417998844 ], [ -73.749025028714499, 40.750980015547988 ], [ -73.750333228143404, 40.750661106946794 ], [ -73.750367795705372, 40.750777068340689 ], [ -73.752311887367227, 40.75045926989791 ], [ -73.757588361513925, 40.749154752620953 ], [ -73.761401632539361, 40.747567309224429 ], [ -73.768625998715606, 40.745582745629363 ], [ -73.771638114614035, 40.744196938701265 ], [ -73.771926044126815, 40.744790738396205 ], [ -73.771740978127482, 40.744843996765468 ], [ -73.775645035906322, 40.752629013498044 ], [ -73.778381496741474, 40.761226056373076 ], [ -73.784009018848991, 40.772003974864063 ], [ -73.784481041780779, 40.773950950490963 ], [ -73.784593394153219, 40.776141225191793 ], [ -73.775839583321712, 40.778612372614631 ], [ -73.775537322474733, 40.777025597980433 ], [ -73.768612679140944, 40.779095211065645 ], [ -73.768156409345707, 40.778125269769802 ], [ -73.767604545676804, 40.778299034659398 ] ] ] } },
{ "type": "Feature", "properties": { "NTA2020": "QN1103" }, "geometry": { "type": "MultiPolygon", "coordinates": [ [ [ [ -73.745060311496218, 40.779142943443837 ], [ -73.744292897775495, 40.778747261923485 ], [ -73.744546297096946, 40.778854650647169 ], [ -73.744812356044235, 40.778556897596928 ], [ -73.745060311496218, 40.779142943443837 ] ] ], [ [ [ -73.746724571503563, 40.780306525799709 ], [ -73.745592243402314, 40.779580679271135 ], [ -73.745818729490139, 40.779666716873493 ], [ -73.746820655550565, 40.779374310157813 ], [ -73.747244807130741, 40.780076344709521 ], [ -73.746724571503563, 40.780306525799709 ] ] ], [ [ [ -73.748731086381795, 40.780956438898784 ], [ -73.748249110188738, 40.780764779712541 ], [ -73.748027633364387, 40.780483149609722 ], [ -73.748144524055149, 40.780240380301187 ], [ -73.747357910625425, 40.779383308064318 ], [ -73.747778929114773, 40.779114997508309 ], [ -73.747396734129751, 40.77906412516225 ], [ -73.747165582288872, 40.778856333347186 ], [ -73.746793751375151, 40.77903485158366 ], [ -73.746866256832007, 40.778877504024592 ], [ -73.745641296237793, 40.777828848700352 ], [ -73.745348003048662, 40.777153449562384 ], [ -73.745687699098255, 40.778152983986075 ], [ -73.74611030250216, 40.778455075037186 ], [ -73.746009964245275, 40.778876572896671 ], [ -73.745407769013255, 40.778982460382274 ], [ -73.745290684154767, 40.778864264277288 ], [ -73.745076771839479, 40.778249081351248 ], [ -73.744617294982049, 40.777919266815594 ], [ -73.74523985922653, 40.777402429775925 ], [ -73.74524624200906, 40.776962855464177 ], [ -73.745017274040762, 40.776597812463422 ], [ -73.745075120500104, 40.777452100644403 ], [ -73.74466521379361, 40.77768349538006 ], [ -73.74471768193898, 40.777487047521269 ], [ -73.744431016293476, 40.777456153522238 ], [ -73.744415918141357, 40.778123246439023 ], [ -73.744084430347257, 40.778255459125994 ], [ -73.74433449820566, 40.778431374020094 ], [ -73.744040914572196, 40.77859010478241 ], [ -73.740079739057649, 40.776208795394894 ], [ -73.739375988207442, 40.776013669668394 ], [ -73.739123620035116, 40.775704143575354 ], [ -73.737702836222937, 40.774793585732382 ], [ -73.721533246796724, 40.764823189586217 ], [ -73.720975883683991, 40.764760158784696 ], [ -73.713325421448857, 40.759730189571478 ], [ -73.71698648579823, 40.759428053217043 ], [ -73.71875744125397, 40.758788999326086 ], [ -73.720145243106344, 40.757911359893832 ], [ -73.721134208958034, 40.756944422478306 ], [ -73.722332432511962, 40.754883970022114 ], [ -73.723294177103611, 40.753778306670434 ], [ -73.726259385303607, 40.75186982669841 ], [ -73.727361037401806, 40.75083798695487 ], [ -73.727974061110302, 40.749978963711186 ], [ -73.729044123940483, 40.747232388914789 ], [ -73.730957678631569, 40.744859004236886 ], [ -73.73232546773508, 40.743645412603001 ], [ -73.732532976401842, 40.74376601375026 ], [ -73.733744712929393, 40.742851632477588 ], [ -73.734873072263113, 40.744461268285512 ], [ -73.735039216205905, 40.746184076100846 ], [ -73.735430003187844, 40.747160668622179 ], [ -73.737083783393459, 40.748131774530933 ], [ -73.738304685951434, 40.749246829571227 ], [ -73.739853760425049, 40.751298529951335 ], [ -73.740873617949219, 40.751968385524833 ], [ -73.741724200671612, 40.753282086240269 ], [ -73.741780797603042, 40.753482216444375 ], [ -73.741278377824571, 40.754576386430273 ], [ -73.739793481077157, 40.755398881844023 ], [ -73.739294614395533, 40.755876248034141 ], [ -73.73914373219489, 40.756393617566793 ], [ -73.739263254819463, 40.756917048866633 ], [ -73.739705661442912, 40.756622934703721 ], [ -73.739643156578296, 40.756738382338881 ], [ -73.740416776949345, 40.756676317474337 ], [ -73.741208206459376, 40.756204617685718 ], [ -73.741259455066682, 40.75671049718796 ], [ -73.742502139244792, 40.758588149546867 ], [ -73.743106258310632, 40.758494264626385 ], [ -73.743466093592559, 40.759338299436166 ], [ -73.744738264765488, 40.760759975550194 ], [ -73.74597810563418, 40.763976284900281 ], [ -73.749369955947998, 40.762933643855732 ], [ -73.75021253221098, 40.763749382657359 ], [ -73.746875217667821, 40.764518629421659 ], [ -73.749408465733822, 40.767551978944361 ], [ -73.753388530064669, 40.765333946087409 ], [ -73.75507210849031, 40.76753310678739 ], [ -73.754859158295076, 40.768404252455873 ], [ -73.754393882691545, 40.768753463251244 ], [ -73.754713916878487, 40.768795143897563 ], [ -73.754705937166847, 40.769741522946759 ], [ -73.75533279459178, 40.770998154653363 ], [ -73.755534987288954, 40.770985526494414 ], [ -73.755342162560837, 40.771022152743811 ], [ -73.755573326493206, 40.771529125922733 ], [ -73.755082677136343, 40.771713228994841 ], [ -73.755115235623208, 40.771834906487015 ], [ -73.755059203860426, 40.771719174693416 ], [ -73.754380747575368, 40.772041271642244 ], [ -73.753570009061349, 40.772694616129371 ], [ -73.753366919994804, 40.773207847260899 ], [ -73.753955739398975, 40.774306209075178 ], [ -73.754241499993853, 40.775266830365261 ], [ -73.755185753943152, 40.776498070830257 ], [ -73.754858006597317, 40.776896399516481 ], [ -73.754981937472181, 40.777043803362844 ], [ -73.754813228934253, 40.77761903230563 ], [ -73.755517816045312, 40.777584144522585 ], [ -73.755517375817917, 40.777704048364207 ], [ -73.754708372266066, 40.777717812200734 ], [ -73.754301835408711, 40.778406111489922 ], [ -73.754026240095413, 40.77960387939472 ], [ -73.75300812549709, 40.780866075188548 ], [ -73.75299839296423, 40.781289489522152 ], [ -73.751839762844412, 40.782338278630668 ], [ -73.750620905818451, 40.782603121302046 ], [ -73.750207703660095, 40.782399274879474 ], [ -73.749918064207222, 40.781936138445481 ], [ -73.749535146720362, 40.781780594237787 ], [ -73.748731086381795, 40.780956438898784 ] ] ] ] } },
{ "type": "Feature", "properties": { "NTA2020": "QN1104" }, "geometry": { "type": "Polygon", "coordinates": [ [ [ -73.740290816298838, 40.73851667014025 ], [ -73.741597148973312, 40.73690816945637 ], [ -73.743061515116906, 40.735479146428823 ], [ -73.746737502427337, 40.732583220727875 ], [ -73.750672901732472, 40.729183001339081 ], [ -73.753747966903475, 40.727425965379759 ], [ -73.756782727155382, 40.726305784862625 ], [ -73.758458857146636, 40.727542699940969 ], [ -73.760660999999331, 40.72861599835575 ], [ -73.762263248967557, 40.729604676440253 ], [ -73.764535148541682, 40.731469279295503 ], [ -73.765550859877536, 40.732544283942673 ], [ -73.763699791701654, 40.732864116847857 ], [ -73.765110183463122, 40.734557738043584 ], [ -73.762733034677368, 40.735262163174831 ], [ -73.762486092772761, 40.73673098195227 ], [ -73.76556849744513, 40.743258155025892 ], [ -73.766878535967948, 40.744093579206286 ], [ -73.767762783038336, 40.74584353402269 ], [ -73.761401632539361, 40.747567309224429 ], [ -73.757229938702409, 40.749264642795239 ], [ -73.752311887367227, 40.75045926989791 ], [ -73.750367795705372, 40.750777068340689 ], [ -73.750333228143404, 40.750661106946794 ], [ -73.749025028714499, 40.750980015547988 ], [ -73.746807946196526, 40.752028417998844 ], [ -73.745707587538959, 40.751585515771104 ], [ -73.743822055822292, 40.747428195305432 ], [ -73.74625984333565, 40.746711475813981 ], [ -73.744775871290216, 40.743281097372268 ], [ -73.745676211154787, 40.743027298620973 ], [ -73.748571611092856, 40.743339288978078 ], [ -73.753473000272749, 40.742404844704851 ], [ -73.751389675276954, 40.740194159509066 ], [ -73.750982300996696, 40.740021462847665 ], [ -73.74996804311489, 40.739745752986835 ], [ -73.7439619355481, 40.740789126956066 ], [ -73.74360280254858, 40.739012608815209 ], [ -73.743068208213813, 40.738440817761884 ], [ -73.741067000021999, 40.738978000040348 ], [ -73.740194784462247, 40.739030940841175 ], [ -73.740290816298838, 40.73851667014025 ] ] ] } },
{ "type": "Feature", "properties": { "NTA2020": "QN1191" }, "geometry": { "type": "Polygon", "coordinates": [ [ [ -73.733744712929436, 40.742851632477588 ], [ -73.738351046852259, 40.740339938083586 ], [ -73.739399029700408, 40.73952101337138 ], [ -73.740290816298838, 40.73851667014025 ], [ -73.740194784462247, 40.739030940841175 ], [ -73.741067000021999, 40.738978000040348 ], [ -73.743068208213813, 40.738440817761884 ], [ -73.74360280254858, 40.739012608815209 ], [ -73.7439619355481, 40.740789126956066 ], [ -73.74996804311489, 40.739745752986835 ], [ -73.751389675276954, 40.740194159509066 ], [ -73.753473000272749, 40.742404844704851 ], [ -73.748571611092856, 40.743339288978078 ], [ -73.745676211154787, 40.743027298620973 ], [ -73.744775871290216, 40.743281097372268 ], [ -73.74625984333565, 40.746711475813981 ], [ -73.743822055822292, 40.747428195305432 ], [ -73.745707587538959, 40.751585515771104 ], [ -73.746526813466161, 40.751842646449298 ], [ -73.747098854077151, 40.752346829179459 ], [ -73.747741165056581, 40.753849944646937 ], [ -73.747111138343442, 40.754173286090861 ], [ -73.748095879411821, 40.755899549723921 ], [ -73.750047645321587, 40.758404658291838 ], [ -73.750577106913738, 40.758014894987404 ], [ -73.751155829715302, 40.759069768753307 ], [ -73.752302593889439, 40.759455199333104 ], [ -73.753209971843987, 40.758244873008486 ], [ -73.754047448913909, 40.758512386011404 ], [ -73.755116483564052, 40.758479498133312 ], [ -73.755573437164202, 40.758280951840639 ], [ -73.755837133232646, 40.757742061784555 ], [ -73.75682062196401, 40.75973480633192 ], [ -73.758001317671614, 40.760379867480545 ], [ -73.758480750666337, 40.761994737148996 ], [ -73.758023778618522, 40.762111024299557 ], [ -73.757848587166947, 40.762566799540281 ], [ -73.758362965725084, 40.763497383001621 ], [ -73.758864313990728, 40.763274541259108 ], [ -73.759197704630708, 40.764326745505294 ], [ -73.755672269215651, 40.764691149131245 ], [ -73.753770365304476, 40.765304631986965 ], [ -73.753804414452205, 40.76506822784458 ], [ -73.753409947264316, 40.764692659656554 ], [ -73.752192615365232, 40.763830418515127 ], [ -73.751074322525596, 40.761763671336261 ], [ -73.748612250725614, 40.760927803076036 ], [ -73.747535134750564, 40.759857196187362 ], [ -73.746559818679501, 40.7593391476885 ], [ -73.746289044913752, 40.759059244817557 ], [ -73.74642482955997, 40.758209665279828 ], [ -73.746261363136838, 40.757774541449137 ], [ -73.746103342528968, 40.757679382258509 ], [ -73.745775822206113, 40.757848636632197 ], [ -73.744635990572093, 40.75689117586716 ], [ -73.744688777202512, 40.756600027516527 ], [ -73.744558640307773, 40.756557885832564 ], [ -73.744581952449622, 40.756922659798803 ], [ -73.744866183386591, 40.757204304878989 ], [ -73.745759849542097, 40.757913517108669 ], [ -73.746046681746108, 40.757809942869315 ], [ -73.746311967054908, 40.758054814022785 ], [ -73.746062149421917, 40.758761500449275 ], [ -73.746358930290555, 40.759290872701222 ], [ -73.747494241533062, 40.759976687354765 ], [ -73.748872549615896, 40.76166805363242 ], [ -73.74922202176387, 40.761579747082855 ], [ -73.749173944625724, 40.76137774432538 ], [ -73.750040421305769, 40.761576082739666 ], [ -73.750570493653058, 40.761915474821585 ], [ -73.75142048789607, 40.762761694366773 ], [ -73.751695234557104, 40.763651827368747 ], [ -73.752510927501035, 40.764527376918721 ], [ -73.753045710900068, 40.764817227435167 ], [ -73.753388530064726, 40.765333946087409 ], [ -73.749408465733922, 40.767551978944361 ], [ -73.746875217667878, 40.764518629421616 ], [ -73.750212532210924, 40.763749382657309 ], [ -73.749369955948069, 40.762933643855732 ], [ -73.745978105634222, 40.763976284900245 ], [ -73.744738264765488, 40.760759975550194 ], [ -73.743466093592659, 40.759338299436166 ], [ -73.743106258310689, 40.758494264626385 ], [ -73.742502139244891, 40.758588149546831 ], [ -73.741259455066739, 40.756710497187917 ], [ -73.74120820645949, 40.756204617685682 ], [ -73.740416776949445, 40.756676317474337 ], [ -73.739643156578296, 40.756738382338838 ], [ -73.739705661443068, 40.756622934703657 ], [ -73.739263254819562, 40.756917048866583 ], [ -73.739143732195004, 40.756393617566793 ], [ -73.73929461439559, 40.755876248034141 ], [ -73.739793481077257, 40.755398881844023 ], [ -73.741278377824571, 40.754576386430223 ], [ -73.741780797603042, 40.75348221644434 ], [ -73.741724200671726, 40.753282086240219 ], [ -73.740873617949319, 40.751968385524798 ], [ -73.739853760425149, 40.751298529951335 ], [ -73.738304685951576, 40.749246829571184 ], [ -73.737083783393459, 40.748131774530933 ], [ -73.735430003187844, 40.747160668622179 ], [ -73.735039216205962, 40.746184076100818 ], [ -73.734873072263184, 40.74446126828547 ], [ -73.733744712929436, 40.742851632477588 ] ] ] } },
{ "type": "Feature", "properties": { "NTA2020": "QN1201" }, "geometry": { "type": "Polygon", "coordinates": [ [ [ -73.768445464507977, 40.709637027158507 ], [ -73.774308436488553, 40.707393668458408 ], [ -73.775051580986016, 40.706924035561258 ], [ -73.775492583560634, 40.706254672351925 ], [ -73.775592187699729, 40.705329308723158 ], [ -73.775074622964581, 40.705239983801846 ], [ -73.77230768665234, 40.700571507823675 ], [ -73.77395659465941, 40.69980578158966 ], [ -73.77586892894918, 40.701655170719278 ], [ -73.780344911740059, 40.705412416708448 ], [ -73.782024361583453, 40.705481726609243 ], [ -73.78279775483675, 40.705361137704649 ], [ -73.789663915462043, 40.703039488522201 ], [ -73.791155697266703, 40.702294075801291 ], [ -73.792391703146009, 40.702166529652942 ], [ -73.791869165567135, 40.701366137188636 ], [ -73.792605067179821, 40.700432100476498 ], [ -73.793577087348766, 40.699756471695864 ], [ -73.795721737936134, 40.699014735113622 ], [ -73.797861934464635, 40.697993404277469 ], [ -73.806424794048766, 40.690873858413788 ], [ -73.808902169007411, 40.69256434895528 ], [ -73.810725875210267, 40.691922422303413 ], [ -73.814166574828675, 40.697879864164463 ], [ -73.816475312596623, 40.702450427419429 ], [ -73.813564706099413, 40.702528498001769 ], [ -73.811528569193001, 40.702272874880478 ], [ -73.812012485843056, 40.705944944808429 ], [ -73.806948563293645, 40.707367100413727 ], [ -73.808046308320186, 40.709356827634842 ], [ -73.805482413873037, 40.710088855940988 ], [ -73.805012476525434, 40.709473334686507 ], [ -73.803668301898426, 40.708746046901332 ], [ -73.803024147406759, 40.708139657094328 ], [ -73.801932970560557, 40.70891159585274 ], [ -73.801414163287504, 40.709686873023678 ], [ -73.798701506790692, 40.710663377114116 ], [ -73.797768101341447, 40.709143188341805 ], [ -73.794730523529267, 40.710012461966038 ], [ -73.789289138476363, 40.712033123689572 ], [ -73.788725457072076, 40.712066780632931 ], [ -73.787846784139347, 40.711810833166389 ], [ -73.786575286935758, 40.711972493277955 ], [ -73.777123469061038, 40.714261994083884 ], [ -73.775374212219674, 40.711677506263342 ], [ -73.774500502830065, 40.7119457809588 ], [ -73.773143723987431, 40.709921192371787 ], [ -73.77172444612691, 40.710316818854132 ], [ -73.768445464507977, 40.709637027158507 ] ] ] } },
{ "type": "Feature", "properties": { "NTA2020": "QN1202" }, "geometry": { "type": "Polygon", "coordinates": [ [ [ -73.77395659465941, 40.69980578158966 ], [ -73.782770797810201, 40.695995141624074 ], [ -73.77789337371739, 40.689917690032594 ], [ -73.779772950700561, 40.689281169987964 ], [ -73.780781554983008, 40.691029942948781 ], [ -73.785803808020631, 40.688996219423927 ], [ -73.790384682961118, 40.687753613799444 ], [ -73.793908416781264, 40.686304690894588 ], [ -73.795614867868608, 40.688656891263072 ], [ -73.799950428437256, 40.68682771945371 ], [ -73.798982092065785, 40.684858737825955 ], [ -73.805856685811236, 40.682907317890503 ], [ -73.807364548937016, 40.685962123014384 ], [ -73.810725875210267, 40.691922422303413 ], [ -73.808902169007411, 40.69256434895528 ], [ -73.806424794048766, 40.690873858413788 ], [ -73.797861934464635, 40.697993404277469 ], [ -73.795721737936134, 40.699014735113622 ], [ -73.793577087348766, 40.699756471695864 ], [ -73.792605067179821, 40.700432100476498 ], [ -73.791869165567135, 40.701366137188636 ], [ -73.792391703146009, 40.702166529652942 ], [ -73.791155697266703, 40.702294075801291 ], [ -73.789663915462043, 40.703039488522201 ], [ -73.782565825839626, 40.705424863867769 ], [ -73.780344911740059, 40.705412416708448 ], [ -73.77586892894918, 40.701655170719278 ], [ -73.77395659465941, 40.69980578158966 ] ] ] } },
{ "type": "Feature", "properties": { "NTA2020": "QN1203" }, "geometry": { "type": "Polygon", "coordinates": [ [ [ -73.77789337371739, 40.689917690032594 ], [ -73.776619119852171, 40.68836372355063 ], [ -73.775704799541444, 40.687612382062156 ], [ -73.772400157947359, 40.685279615969925 ], [ -73.769740913266475, 40.683786275352766 ], [ -73.770143247332882, 40.683111097054187 ], [ -73.772322112700749, 40.681490968263851 ], [ -73.77469730182014, 40.680486046911412 ], [ -73.777229236493667, 40.679652721449905 ], [ -73.780258594826847, 40.67784092439009 ], [ -73.783973840530436, 40.675117609201216 ], [ -73.785747000930385, 40.672379429594287 ], [ -73.786575278825623, 40.672766710565277 ], [ -73.788086472908688, 40.673009626499031 ], [ -73.789409994219795, 40.666841158687163 ], [ -73.793066942808466, 40.667067294320738 ], [ -73.797110690285663, 40.666949668718182 ], [ -73.799196495975281, 40.666517526838184 ], [ -73.801634740204349, 40.666757553858147 ], [ -73.801244042084775, 40.669843008304696 ], [ -73.801254159782019, 40.67188912770893 ], [ -73.801490033902766, 40.673544847463411 ], [ -73.805856685811236, 40.682907317890503 ], [ -73.798982092065785, 40.684858737825955 ], [ -73.799950428437256, 40.68682771945371 ], [ -73.795614867868608, 40.688656891263072 ], [ -73.793908416781264, 40.686304690894588 ], [ -73.790384682961118, 40.687753613799444 ], [ -73.785803808020631, 40.688996219423927 ], [ -73.780781554983008, 40.691029942948781 ], [ -73.779772950700561, 40.689281169987964 ], [ -73.77789337371739, 40.689917690032594 ] ] ] } },
{ "type": "Feature", "properties": { "NTA2020": "QN1204" }, "geometry": { "type": "Polygon", "coordinates": [ [ [ -73.760314640009412, 40.675109971379342 ], [ -73.758804850297082, 40.673005654863623 ], [ -73.758617956209264, 40.673040833040901 ], [ -73.758497615179991, 40.672648444992994 ], [ -73.756362392596742, 40.6724292371103 ], [ -73.756437342919526, 40.669666378742114 ], [ -73.756995333614242, 40.667741268564413 ], [ -73.757631296181501, 40.666451156607046 ], [ -73.771544607186527, 40.667963269100142 ], [ -73.773424627468771, 40.668027620093284 ], [ -73.789409994219795, 40.666841158687163 ], [ -73.788086472908688, 40.673009626499031 ], [ -73.786575278825623, 40.672766710565277 ], [ -73.785747000930385, 40.672379429594287 ], [ -73.783973840530436, 40.675117609201216 ], [ -73.78095126308115, 40.677353507522866 ], [ -73.777229236493667, 40.679652721449905 ], [ -73.77469730182014, 40.680486046911412 ], [ -73.772322112700749, 40.681490968263851 ], [ -73.770143247332882, 40.683111097054187 ], [ -73.769740913266475, 40.683786275352766 ], [ -73.767155333012965, 40.682377093372637 ], [ -73.761613502415614, 40.679727942155857 ], [ -73.761917644261061, 40.678881831946086 ], [ -73.763249208157731, 40.676789803753906 ], [ -73.763676775784106, 40.674745525726685 ], [ -73.762486004300357, 40.674194981766064 ], [ -73.760314640009412, 40.675109971379342 ] ] ] } },
{ "type": "Feature", "properties": { "NTA2020": "QN1205" }, "geometry": { "type": "Polygon", "coordinates": [ [ [ -73.750470581827258, 40.705639931035059 ], [ -73.746181579504039, 40.696121925982986 ], [ -73.745074800225453, 40.69639094941072 ], [ -73.743592860878394, 40.696215325310433 ], [ -73.744679555382419, 40.693412263972782 ], [ -73.748503410660305, 40.687781835458381 ], [ -73.750017043508777, 40.685891319008633 ], [ -73.751030206225721, 40.684222867368192 ], [ -73.75225828619395, 40.681491411472649 ], [ -73.75484909670557, 40.67792883838743 ], [ -73.755761692274703, 40.675885909420508 ], [ -73.756488858358068, 40.676022762088508 ], [ -73.756918817190297, 40.676528870874975 ], [ -73.762486004300357, 40.674194981766064 ], [ -73.763676775784106, 40.674745525726685 ], [ -73.763249208157731, 40.676789803753906 ], [ -73.761917644261061, 40.678881831946086 ], [ -73.761613502415614, 40.679727942155857 ], [ -73.767155333012965, 40.682377093372637 ], [ -73.769740913266475, 40.683786275352766 ], [ -73.772400157947359, 40.685279615969925 ], [ -73.775704799541444, 40.687612382062156 ], [ -73.777257841050499, 40.689071920669896 ], [ -73.780921045807418, 40.693839700325938 ], [ -73.782770797810201, 40.695995141624074 ], [ -73.77230768665234, 40.700571507823675 ], [ -73.775074622964581, 40.705239983801846 ], [ -73.775592187699729, 40.705329308723158 ], [ -73.775492583560634, 40.706254672351925 ], [ -73.775051580986016, 40.706924035561258 ], [ -73.774308436488553, 40.707393668458408 ], [ -73.768445464507977, 40.709637027158507 ], [ -73.768259690524673, 40.709526367876961 ], [ -73.767344318778441, 40.706636346495685 ], [ -73.762299962745928, 40.707949418258409 ], [ -73.761760169811225, 40.706605806522404 ], [ -73.761967288053796, 40.706606172520338 ], [ -73.761950162620153, 40.70592086492298 ], [ -73.76213041346395, 40.705501091921491 ], [ -73.760955465506697, 40.702909577938094 ], [ -73.750470581827258, 40.705639931035059 ] ] ] } },
{ "type": "Feature", "properties": { "NTA2020": "QN1206" }, "geometry": { "type": "Polygon", "coordinates": [ [ [ -73.750470581827258, 40.705639931035059 ], [ -73.760955465506697, 40.702909577938094 ], [ -73.76213041346395, 40.705501091921491 ], [ -73.761950162620153, 40.70592086492298 ], [ -73.761967288053796, 40.706606172520338 ], [ -73.761760169811225, 40.706605806522404 ], [ -73.762299962745928, 40.707949418258409 ], [ -73.767344318778441, 40.706636346495685 ], [ -73.768259690524673, 40.709526367876961 ], [ -73.768812173402424, 40.709808124557306 ], [ -73.77172444612691, 40.710316818854132 ], [ -73.773143723987431, 40.709921192371787 ], [ -73.774500502830065, 40.7119457809588 ], [ -73.775374212219674, 40.711677506263342 ], [ -73.777123469061038, 40.714261994083884 ], [ -73.773571352344561, 40.715120095370033 ], [ -73.767332281529363, 40.717289796811961 ], [ -73.764469517235426, 40.718890392879104 ], [ -73.759441430070666, 40.721063443754531 ], [ -73.753708345568242, 40.713324636738335 ], [ -73.750470581827258, 40.705639931035059 ] ] ] } },
{ "type": "Feature", "properties": { "NTA2020": "QN1301" }, "geometry": { "type": "Polygon", "coordinates": [ [ [ -73.713325421448857, 40.759730189571478 ], [ -73.701633458260588, 40.752493329691262 ], [ -73.700009063210459, 40.739323413161664 ], [ -73.701470730381075, 40.737511560964123 ], [ -73.707662172399196, 40.727830934507793 ], [ -73.710499953620683, 40.727227087413311 ], [ -73.710752172302747, 40.730525375058498 ], [ -73.711478048761052, 40.732501401376389 ], [ -73.715449468356994, 40.739216804071248 ], [ -73.720101015676164, 40.74977532930653 ], [ -73.722585719096145, 40.748850451710354 ], [ -73.723395962838183, 40.750389075926037 ], [ -73.726272132890131, 40.749306490762251 ], [ -73.727680326181698, 40.749639245075727 ], [ -73.728290560283853, 40.747458664998426 ], [ -73.728649412262158, 40.748067880272991 ], [ -73.7281220194117, 40.749661972002741 ], [ -73.727361037401806, 40.75083798695487 ], [ -73.726259385303607, 40.75186982669841 ], [ -73.723294177103611, 40.753778306670434 ], [ -73.722332432511962, 40.754883970022114 ], [ -73.721134208958034, 40.756944422478306 ], [ -73.720145243106344, 40.757911359893832 ], [ -73.71875744125397, 40.758788999326086 ], [ -73.71698648579823, 40.759428053217043 ], [ -73.713325421448857, 40.759730189571478 ] ] ] } },
{ "type": "Feature", "properties": { "NTA2020": "QN1302" }, "geometry": { "type": "Polygon", "coordinates": [ [ [ -73.710499953620726, 40.727227087413262 ], [ -73.716932880570297, 40.726386415555474 ], [ -73.725671969594416, 40.724037658993197 ], [ -73.728162339212133, 40.72308414028538 ], [ -73.728364153599188, 40.72361435238173 ], [ -73.729907810569713, 40.723273012360593 ], [ -73.731472151209118, 40.727411795274243 ], [ -73.745555914100152, 40.730637473984245 ], [ -73.746491622367571, 40.731414589047965 ], [ -73.746737502427337, 40.732583220727875 ], [ -73.743061515116906, 40.735479146428823 ], [ -73.741597148973312, 40.73690816945637 ], [ -73.739006962500639, 40.73985598031804 ], [ -73.738042993210371, 40.740528003966695 ], [ -73.734320023923587, 40.742491937414108 ], [ -73.732532976401842, 40.743766013750218 ], [ -73.732325467735237, 40.743645412602959 ], [ -73.730957678631569, 40.744859004236851 ], [ -73.729219408809257, 40.746953516078818 ], [ -73.728649412262158, 40.748067880272956 ], [ -73.72829056028381, 40.747458664998426 ], [ -73.727680326181755, 40.749639245075691 ], [ -73.72627213289023, 40.749306490762216 ], [ -73.723395962838239, 40.750389075926002 ], [ -73.722585719096145, 40.748850451710354 ], [ -73.720101015676221, 40.749775329306495 ], [ -73.715449468357107, 40.739216804071248 ], [ -73.711478048761165, 40.732501401376389 ], [ -73.710752172302847, 40.730525375058455 ], [ -73.710499953620726, 40.727227087413262 ] ] ] } },
{ "type": "Feature", "properties": { "NTA2020": "QN1303" }, "geometry": { "type": "Polygon", "coordinates": [ [ [ -73.728162339212133, 40.72308414028538 ], [ -73.730326289020383, 40.722157296783308 ], [ -73.729176295154446, 40.71916721456175 ], [ -73.726971467170131, 40.710714504031898 ], [ -73.72689487481324, 40.709978573619395 ], [ -73.727046965527123, 40.709498753313113 ], [ -73.726777595335037, 40.703059292404085 ], [ -73.734264552939464, 40.703219542878315 ], [ -73.734304036600079, 40.702478131695081 ], [ -73.740776758619489, 40.702679837863897 ], [ -73.740503364866242, 40.703433556949939 ], [ -73.741488052219836, 40.703431612134956 ], [ -73.745908710194357, 40.70228727366441 ], [ -73.745001190606686, 40.700262213049839 ], [ -73.747730121155968, 40.699553136832904 ], [ -73.751212469699198, 40.707306580078097 ], [ -73.753708345568242, 40.713324636738335 ], [ -73.759441430070666, 40.721063443754531 ], [ -73.754969194627947, 40.724159647309037 ], [ -73.755480736881793, 40.725119807263965 ], [ -73.756880113810055, 40.726278605346316 ], [ -73.754548918597436, 40.727076773531522 ], [ -73.751885454446764, 40.728417599556757 ], [ -73.749621065728448, 40.730005327095256 ], [ -73.746737502427337, 40.732583220727875 ], [ -73.746491622367571, 40.731414589047965 ], [ -73.745555914100152, 40.730637473984245 ], [ -73.731472151209118, 40.727411795274243 ], [ -73.729907810569713, 40.723273012360593 ], [ -73.728364153599188, 40.72361435238173 ], [ -73.728162339212133, 40.72308414028538 ] ] ] } },
{ "type": "Feature", "properties": { "NTA2020": "QN1304" }, "geometry": { "type": "Polygon", "coordinates": [ [ [ -73.726777595335037, 40.703059292404085 ], [ -73.726202596767365, 40.688984340809128 ], [ -73.725797879423141, 40.684353849825087 ], [ -73.725862641163388, 40.683241080946352 ], [ -73.737441637715236, 40.686700767889668 ], [ -73.73759994057508, 40.686362011531095 ], [ -73.747467889387352, 40.68932218056846 ], [ -73.744679555382419, 40.693412263972782 ], [ -73.743592860878394, 40.696215325310433 ], [ -73.745074800225453, 40.69639094941072 ], [ -73.746181579504039, 40.696121925982986 ], [ -73.747730121155968, 40.699553136832904 ], [ -73.745001190606686, 40.700262213049839 ], [ -73.745908710194357, 40.70228727366441 ], [ -73.741092939544572, 40.70348106268105 ], [ -73.740503364866242, 40.703433556949939 ], [ -73.740776758619489, 40.702679837863897 ], [ -73.734304036600079, 40.702478131695081 ], [ -73.734264552939464, 40.703219542878315 ], [ -73.726777595335037, 40.703059292404085 ] ] ] } },
{ "type": "Feature", "properties": { "NTA2020": "QN1305" }, "geometry": { "type": "Polygon", "coordinates": [ [ [ -73.734526959641855, 40.685774004037228 ], [ -73.727182724279871, 40.683597330017221 ], [ -73.728516568628024, 40.681210472561517 ], [ -73.729505557952336, 40.680055725643896 ], [ -73.730473012609892, 40.679347936760628 ], [ -73.731061424066752, 40.678306620720981 ], [ -73.733032233453258, 40.676495026139577 ], [ -73.73512559372999, 40.67393842058565 ], [ -73.735921716390408, 40.672651183089563 ], [ -73.735522965267307, 40.672557072152621 ], [ -73.736777279122066, 40.670765124539145 ], [ -73.737184244549411, 40.670909813249217 ], [ -73.737988060050256, 40.669789636430956 ], [ -73.741178172984874, 40.666402954373318 ], [ -73.757631296181501, 40.666451156607046 ], [ -73.756995333614242, 40.667741268564413 ], [ -73.756437342919526, 40.669666378742114 ], [ -73.756362392596742, 40.6724292371103 ], [ -73.758497615179991, 40.672648444992994 ], [ -73.758617956209264, 40.673040833040901 ], [ -73.758804850297082, 40.673005654863623 ], [ -73.760314640009412, 40.675109971379342 ], [ -73.756918817190297, 40.676528870874975 ], [ -73.756488858358068, 40.676022762088508 ], [ -73.755761692274703, 40.675885909420508 ], [ -73.75484909670557, 40.67792883838743 ], [ -73.75225828619395, 40.681491411472649 ], [ -73.751030206225721, 40.684222867368192 ], [ -73.750017043508777, 40.685891319008633 ], [ -73.74095291409823, 40.683291216209987 ], [ -73.740463880092278, 40.684193838714933 ], [ -73.739502375470479, 40.683896683023328 ], [ -73.739647227208451, 40.683598451423087 ], [ -73.735811492552898, 40.682452446198603 ], [ -73.734237348632632, 40.685342779886028 ], [ -73.733954243248874, 40.685262348537449 ], [ -73.734526959641855, 40.685774004037228 ] ] ] } },
{ "type": "Feature", "properties": { "NTA2020": "QN1306" }, "geometry": { "type": "Polygon", "coordinates": [ [ [ -73.757631296181501, 40.666451156607046 ], [ -73.73849170581623, 40.666415405126926 ], [ -73.740017521256092, 40.664747953826648 ], [ -73.742442797474624, 40.660868528749376 ], [ -73.744956100765663, 40.658169821210137 ], [ -73.74507382785491, 40.657560727463057 ], [ -73.74487420325562, 40.656144558173494 ], [ -73.743287140938889, 40.656134732086898 ], [ -73.743325468624732, 40.652537804508945 ], [ -73.746549971787118, 40.652563754933553 ], [ -73.746450651574136, 40.651544652233184 ], [ -73.745873284440151, 40.650436252480247 ], [ -73.746153579050628, 40.650471512943156 ], [ -73.746248872712826, 40.648594623003405 ], [ -73.746440618621833, 40.648053553358949 ], [ -73.746081663779009, 40.645570393660222 ], [ -73.74616513084267, 40.64486228002346 ], [ -73.747116662567066, 40.644371845789685 ], [ -73.748571788303522, 40.645550284908303 ], [ -73.769761452552828, 40.657482236193125 ], [ -73.773829647238145, 40.659651158772704 ], [ -73.776904529915896, 40.660672156262599 ], [ -73.779329331406373, 40.661839520344095 ], [ -73.779193775535916, 40.661690359830878 ], [ -73.78341610746287, 40.663082476485698 ], [ -73.787511779282838, 40.66382524347155 ], [ -73.796414926513151, 40.665020930518445 ], [ -73.799819543965498, 40.665259261974768 ], [ -73.802148665026593, 40.665249953966516 ], [ -73.801634740204349, 40.666757553858147 ], [ -73.799196495975281, 40.666517526838184 ], [ -73.797110690285663, 40.666949668718182 ], [ -73.793066942808466, 40.667067294320738 ], [ -73.789409994219795, 40.666841158687163 ], [ -73.773424627468771, 40.668027620093284 ], [ -73.771544607186527, 40.667963269100142 ], [ -73.757631296181501, 40.666451156607046 ] ] ] } },
{ "type": "Feature", "properties": { "NTA2020": "QN1307" }, "geometry": { "type": "Polygon", "coordinates": [ [ [ -73.725862641163388, 40.683241080946352 ], [ -73.725630051196944, 40.679587951283985 ], [ -73.72629437184834, 40.677058112803699 ], [ -73.727556162904378, 40.67416158819001 ], [ -73.728241312114093, 40.668024097501615 ], [ -73.728272722549733, 40.666429592083645 ], [ -73.728113513964203, 40.665345314939429 ], [ -73.727857872193397, 40.665067970184111 ], [ -73.727817509498891, 40.663116783481897 ], [ -73.728330718759608, 40.663043943731182 ], [ -73.727931244114927, 40.661748835104881 ], [ -73.726444386742457, 40.659161615423784 ], [ -73.725567697704122, 40.656725143081388 ], [ -73.725502590724943, 40.655516515572295 ], [ -73.724984707128272, 40.654253435404016 ], [ -73.725226081070161, 40.652001000147479 ], [ -73.730514572350543, 40.650310312004933 ], [ -73.73513501472506, 40.64973203996427 ], [ -73.739044821314337, 40.648201180344429 ], [ -73.741437059763626, 40.646889178319995 ], [ -73.741661413175336, 40.642198062182445 ], [ -73.742050849527686, 40.641474204525707 ], [ -73.741422793149638, 40.640503390753338 ], [ -73.742273872259204, 40.640123381451502 ], [ -73.741259000673836, 40.63889749993762 ], [ -73.739471216265954, 40.635706432332 ], [ -73.739959575703807, 40.635143809875913 ], [ -73.740003904141361, 40.635308864792783 ], [ -73.740969936739376, 40.635034406682422 ], [ -73.741030686277483, 40.63511759397349 ], [ -73.740787812001145, 40.635161034869796 ], [ -73.741706209829061, 40.635037546266958 ], [ -73.741684734200078, 40.634949817061916 ], [ -73.741488871059445, 40.635010134048805 ], [ -73.741464737299225, 40.634942889329672 ], [ -73.741770383121036, 40.634881032620768 ], [ -73.741787753222781, 40.635021719479013 ], [ -73.74195564830444, 40.634891812903767 ], [ -73.742496284317127, 40.635135314764071 ], [ -73.742391239526356, 40.635630300126849 ], [ -73.742585398435921, 40.635453356661166 ], [ -73.742296833417441, 40.635738911057167 ], [ -73.742420653147619, 40.635749566594832 ], [ -73.741249591824783, 40.636939700769865 ], [ -73.741023090033465, 40.6372720124605 ], [ -73.741117941744477, 40.637468149794302 ], [ -73.740964876863657, 40.637304775030103 ], [ -73.741303724911035, 40.637898812918465 ], [ -73.741890403056075, 40.638122213540271 ], [ -73.742729663033671, 40.638270155981722 ], [ -73.743971284962356, 40.637880012614886 ], [ -73.744038154506228, 40.637986076622582 ], [ -73.743522262381859, 40.638889486374808 ], [ -73.743734215046302, 40.639022117663998 ], [ -73.744795581485064, 40.637075029076165 ], [ -73.744712755116993, 40.63730704689425 ], [ -73.74563429196273, 40.636952665561267 ], [ -73.746263857120297, 40.636442219111508 ], [ -73.746430868963927, 40.63648106606842 ], [ -73.746769736326968, 40.636894185536882 ], [ -73.746453943019191, 40.637259820881241 ], [ -73.74515886775076, 40.638077412252073 ], [ -73.745296394098176, 40.638330139540749 ], [ -73.745673160042543, 40.63812465742798 ], [ -73.745510582517539, 40.637943881033394 ], [ -73.747042260527664, 40.636932365464439 ], [ -73.746773897757279, 40.637853235473209 ], [ -73.746871314064933, 40.638031241756757 ], [ -73.746601391570607, 40.63834941467902 ], [ -73.74632551514452, 40.639325173863327 ], [ -73.746347701296131, 40.639878009826468 ], [ -73.746170688619841, 40.640395921682135 ], [ -73.746354943052282, 40.640678746446078 ], [ -73.746314678679482, 40.641394313181593 ], [ -73.746753432344207, 40.642308561370861 ], [ -73.747902062639511, 40.64385498488182 ], [ -73.748751212616085, 40.644471103350355 ], [ -73.748781033982269, 40.645118880998872 ], [ -73.749002487124471, 40.645168209683533 ], [ -73.749452742440013, 40.64493123440834 ], [ -73.752049026082943, 40.646651936810912 ], [ -73.751573841251854, 40.647259301706882 ], [ -73.748318327038618, 40.645399056053265 ], [ -73.747116662567066, 40.644371845789685 ], [ -73.74616513084267, 40.64486228002346 ], [ -73.746081663779009, 40.645570393660222 ], [ -73.746440618621833, 40.648053553358949 ], [ -73.746248872712826, 40.648594623003405 ], [ -73.746153579050628, 40.650471512943156 ], [ -73.745873284440151, 40.650436252480247 ], [ -73.746450651574136, 40.651544652233184 ], [ -73.746549971787118, 40.652563754933553 ], [ -73.743325468624732, 40.652537804508945 ], [ -73.743287140938889, 40.656134732086898 ], [ -73.74487420325562, 40.656144558173494 ], [ -73.745010802358081, 40.658021654028417 ], [ -73.742442797474624, 40.660868528749376 ], [ -73.740017521256092, 40.664747953826648 ], [ -73.73849170581623, 40.666415405126926 ], [ -73.741178172984874, 40.666402954373318 ], [ -73.737988060050256, 40.669789636430956 ], [ -73.737184244549411, 40.670909813249217 ], [ -73.736777279122066, 40.670765124539145 ], [ -73.735522965267307, 40.672557072152621 ], [ -73.735921716390408, 40.672651183089563 ], [ -73.73512559372999, 40.67393842058565 ], [ -73.733032233453258, 40.676495026139577 ], [ -73.731061424066752, 40.678306620720981 ], [ -73.730473012609892, 40.679347936760628 ], [ -73.729505557952336, 40.680055725643896 ], [ -73.728516568628024, 40.681210472561517 ], [ -73.727182724279871, 40.683597330017221 ], [ -73.725862641163388, 40.683241080946352 ] ] ] } },
{ "type": "Feature", "properties": { "NTA2020": "QN1371" }, "geometry": { "type": "Polygon", "coordinates": [ [ [ -73.733960253586687, 40.685638562524403 ], [ -73.734526959641855, 40.685774004037228 ], [ -73.733954243248874, 40.685262348537449 ], [ -73.734237348632632, 40.685342779886028 ], [ -73.735811492552898, 40.682452446198603 ], [ -73.739647227208451, 40.683598451423087 ], [ -73.739502375470479, 40.683896683023328 ], [ -73.740463880092278, 40.684193838714933 ], [ -73.74095291409823, 40.683291216209987 ], [ -73.750017043508777, 40.685891319008633 ], [ -73.747467889387352, 40.68932218056846 ], [ -73.73759994057508, 40.686362011531095 ], [ -73.737441637715236, 40.686700767889668 ], [ -73.733960253586687, 40.685638562524403 ] ] ] } },
{ "type": "Feature", "properties": { "NTA2020": "QN1401" }, "geometry": { "type": "Polygon", "coordinates": [ [ [ -73.769644691266635, 40.590768712743845 ], [ -73.770231414965224, 40.593974903605137 ], [ -73.771331618188995, 40.593444499328442 ], [ -73.77270068474634, 40.593123305689403 ], [ -73.772808269522429, 40.594073916029508 ], [ -73.773674619059747, 40.593893115628433 ], [ -73.773882521330378, 40.59576940794809 ], [ -73.770661573081256, 40.596001998883793 ], [ -73.771096663249935, 40.598301143752487 ], [ -73.770372770584217, 40.598090092354454 ], [ -73.769458365266118, 40.598256138356767 ], [ -73.768154957363237, 40.597819886033164 ], [ -73.767936690624765, 40.598122751072658 ], [ -73.768291683024799, 40.598340350555226 ], [ -73.769700719868624, 40.598640131026322 ], [ -73.770336348164733, 40.598984223332785 ], [ -73.770900269701883, 40.598842975782773 ], [ -73.771158073378686, 40.599393242407615 ], [ -73.771111034458627, 40.60054602854742 ], [ -73.770737333848345, 40.601535502254862 ], [ -73.770839175286639, 40.601810916096262 ], [ -73.770743833186799, 40.601945318621091 ], [ -73.770617588147417, 40.601868730981607 ], [ -73.770185882740947, 40.602748823325108 ], [ -73.770420368137465, 40.602941983418809 ], [ -73.770161222225184, 40.603086523532198 ], [ -73.770377504377407, 40.603578623571259 ], [ -73.770565214076626, 40.604840409753493 ], [ -73.770004081714049, 40.60535479083623 ], [ -73.770063423336936, 40.605656345626556 ], [ -73.769836227406941, 40.606278008749541 ], [ -73.770019204863203, 40.607186892953486 ], [ -73.769777582645503, 40.607535272143316 ], [ -73.769826752351776, 40.607842059985039 ], [ -73.769237018469923, 40.608422175857072 ], [ -73.768935124415705, 40.609182021123388 ], [ -73.769151284411151, 40.609674746445421 ], [ -73.769715310211581, 40.610036996860032 ], [ -73.771291217534497, 40.610417525962994 ], [ -73.771846622792893, 40.610824244209603 ], [ -73.772214380551318, 40.611497664584071 ], [ -73.773403890789879, 40.611090448779088 ], [ -73.77296895866229, 40.610156972116222 ], [ -73.773767677531268, 40.611256222475504 ], [ -73.773938277539116, 40.612120151753729 ], [ -73.77417180232338, 40.611828715275912 ], [ -73.773837381283514, 40.612907640396379 ], [ -73.773418587433625, 40.613662313498686 ], [ -73.772967617891226, 40.613559360925699 ], [ -73.771741567027661, 40.613961049954838 ], [ -73.769330851312247, 40.613974525075903 ], [ -73.768354650177827, 40.614227148473518 ], [ -73.766914967882244, 40.614291006611438 ], [ -73.765300797849378, 40.613822831590866 ], [ -73.765017245229188, 40.613491355198413 ], [ -73.765154294789454, 40.613085895716139 ], [ -73.765117373157906, 40.612482972986648 ], [ -73.764977724199881, 40.612331642577018 ], [ -73.765059616791731, 40.612035230610473 ], [ -73.762299440904286, 40.611359206045954 ], [ -73.76172413788882, 40.611847242757733 ], [ -73.760236357569767, 40.61082086495032 ], [ -73.761782429606043, 40.609151670054501 ], [ -73.761550519058929, 40.609031365800824 ], [ -73.759984469750236, 40.610879377344176 ], [ -73.759491198333862, 40.610815795910909 ], [ -73.759720990391131, 40.610151597871116 ], [ -73.759196729320792, 40.610370385733873 ], [ -73.756560534031934, 40.610139425129844 ], [ -73.755870912856054, 40.610306797650601 ], [ -73.755606847261504, 40.61007736522695 ], [ -73.755874129121423, 40.610385185054817 ], [ -73.755563690841555, 40.610118427946333 ], [ -73.754995010854756, 40.610132208014925 ], [ -73.754732195725708, 40.61040524167845 ], [ -73.7534583619682, 40.610519862908767 ], [ -73.750087710767914, 40.611640553827208 ], [ -73.74821585882674, 40.612011077589507 ], [ -73.747993073172523, 40.612310157967819 ], [ -73.747614188632369, 40.611998010883433 ], [ -73.747215678850054, 40.612178839153302 ], [ -73.746855390245457, 40.611574099557075 ], [ -73.745761501127305, 40.6119916547473 ], [ -73.743108945078276, 40.607715996502357 ], [ -73.743397315880856, 40.60747217106811 ], [ -73.740291389761438, 40.604598232281042 ], [ -73.7392073973718, 40.604040143299713 ], [ -73.738403943876889, 40.603121135783205 ], [ -73.738225977941653, 40.602566027211417 ], [ -73.738356177022695, 40.597600478307179 ], [ -73.738652802774737, 40.59731935956323 ], [ -73.738489004008088, 40.597358894240237 ], [ -73.738719680768995, 40.596948817326464 ], [ -73.73858466737633, 40.597253194615661 ], [ -73.738787975036487, 40.596975355521451 ], [ -73.739380236601789, 40.597239072946579 ], [ -73.739927472148551, 40.597054949532406 ], [ -73.740117735787948, 40.596727747475271 ], [ -73.739798757236002, 40.596428603789207 ], [ -73.740097142626709, 40.596208647291746 ], [ -73.740391538349755, 40.596182195673194 ], [ -73.740360127495293, 40.59677499554013 ], [ -73.740643843108202, 40.597001198658326 ], [ -73.741083153428434, 40.596823066569726 ], [ -73.741573803310231, 40.596903945892272 ], [ -73.741830835239369, 40.596695551450075 ], [ -73.74151239169116, 40.596528612514476 ], [ -73.740520598182002, 40.596571856456428 ], [ -73.740547013623981, 40.596119685717973 ], [ -73.739927929850012, 40.596061587313372 ], [ -73.739579049975021, 40.596376337848731 ], [ -73.739609880551569, 40.596763437540339 ], [ -73.739463703030623, 40.596878420092075 ], [ -73.739496608736701, 40.597020371261678 ], [ -73.739883060073041, 40.59677097418956 ], [ -73.739648533722743, 40.596567152060814 ], [ -73.739747240228596, 40.596542604835122 ], [ -73.739909946901903, 40.596772744520322 ], [ -73.739796340289445, 40.596882675627953 ], [ -73.739508858672835, 40.597040044091614 ], [ -73.739398108248892, 40.597046325656258 ], [ -73.738928507262983, 40.596875489466527 ], [ -73.739397963638453, 40.597029543017953 ], [ -73.739439571247374, 40.596897402307491 ], [ -73.738946906941024, 40.596763166426953 ], [ -73.738383604011858, 40.597117408563768 ], [ -73.738412311000829, 40.595923504948317 ], [ -73.737989818469146, 40.594556043245021 ], [ -73.738487439719748, 40.594352262988281 ], [ -73.73877153079917, 40.594525207530474 ], [ -73.738777535149097, 40.59435500821526 ], [ -73.738816625164787, 40.594359764453465 ], [ -73.73878644978727, 40.594529565560244 ], [ -73.739001967782912, 40.594586232244453 ], [ -73.739294306281224, 40.594453005560716 ], [ -73.739564653313906, 40.594561578577476 ], [ -73.73958763297756, 40.594426525108545 ], [ -73.739619652224491, 40.594580041878871 ], [ -73.739958015923648, 40.594500768787093 ], [ -73.739986787493251, 40.594632859899676 ], [ -73.740135803645757, 40.594511572738917 ], [ -73.740628320641235, 40.594721652272092 ], [ -73.740901705961846, 40.594488249253232 ], [ -73.740895202749371, 40.594611579191927 ], [ -73.741318206253254, 40.594792592881191 ], [ -73.741620916923381, 40.594786493135217 ], [ -73.74169766300281, 40.594641744052829 ], [ -73.742226030970727, 40.594905883324301 ], [ -73.742429263343809, 40.594868517806511 ], [ -73.742387425848761, 40.594729256060191 ], [ -73.743349516032211, 40.594795148276319 ], [ -73.743484422822377, 40.594590516488033 ], [ -73.744624997931837, 40.594661774797906 ], [ -73.746655114647453, 40.594295694902179 ], [ -73.747452046647496, 40.594025919778005 ], [ -73.748179290962611, 40.593515861768246 ], [ -73.749125247575293, 40.593216367270415 ], [ -73.750499361035239, 40.592346903499426 ], [ -73.751693694956614, 40.591312251325839 ], [ -73.753447801778208, 40.59096412991309 ], [ -73.755954636230669, 40.590874198049818 ], [ -73.757891898618723, 40.591356988277717 ], [ -73.761343116783252, 40.591726633850428 ], [ -73.762952755721372, 40.591611177431069 ], [ -73.767969730065033, 40.590729482964399 ], [ -73.768586954880305, 40.59086859720199 ], [ -73.769644691266635, 40.590768712743845 ] ] ] } },
{ "type": "Feature", "properties": { "NTA2020": "QN1402" }, "geometry": { "type": "Polygon", "coordinates": [ [ [ -73.789162617743173, 40.596077299267989 ], [ -73.788238188758427, 40.59610983603573 ], [ -73.788373053738667, 40.597505637853153 ], [ -73.786704450559199, 40.597623998566647 ], [ -73.782091495580801, 40.597856018617577 ], [ -73.781952406103841, 40.596456490767885 ], [ -73.779847186343659, 40.596592625806473 ], [ -73.779684256824424, 40.596687977720926 ], [ -73.779670703337345, 40.59737216738398 ], [ -73.779043644050788, 40.597649399826132 ], [ -73.777421747448287, 40.598812404360103 ], [ -73.777198506293203, 40.599576959253049 ], [ -73.776001638507992, 40.601394324407444 ], [ -73.775600496987877, 40.601648453646966 ], [ -73.774972073537811, 40.601744487091949 ], [ -73.774742850433825, 40.600743783346175 ], [ -73.774119950968839, 40.599881381792599 ], [ -73.774223385236098, 40.5990052182418 ], [ -73.773744328390791, 40.59867015398153 ], [ -73.773714861642432, 40.598234835990787 ], [ -73.773001013149297, 40.597879593978476 ], [ -73.77171463891419, 40.597973592208419 ], [ -73.771096663249935, 40.598301143752487 ], [ -73.770661573081256, 40.596001998883793 ], [ -73.773882521330378, 40.59576940794809 ], [ -73.773674619059747, 40.593893115628433 ], [ -73.772808269522429, 40.594073916029508 ], [ -73.77270068474634, 40.593123305689403 ], [ -73.771331618188995, 40.593444499328442 ], [ -73.770231414965224, 40.593974903605137 ], [ -73.769644691266635, 40.590768712743845 ], [ -73.77082611071539, 40.590553026911735 ], [ -73.775930428218601, 40.590181408327972 ], [ -73.775836885952671, 40.590324598757732 ], [ -73.776662434808102, 40.590066332166586 ], [ -73.777613520768597, 40.590053471208698 ], [ -73.779184953561071, 40.589593108895343 ], [ -73.780430361018958, 40.589596621429074 ], [ -73.784533110484901, 40.588478055217912 ], [ -73.787683707157456, 40.587922937712058 ], [ -73.788784068731275, 40.587450288867302 ], [ -73.789414707935748, 40.587628147304123 ], [ -73.792007624644398, 40.58721746494183 ], [ -73.796089807988395, 40.58632639682407 ], [ -73.796715278952078, 40.586365199003595 ], [ -73.800612739459851, 40.585481514408791 ], [ -73.801829073230167, 40.585351826712468 ], [ -73.803257712432796, 40.584893212906927 ], [ -73.803721194060046, 40.585017937450182 ], [ -73.805842873413042, 40.584457517249433 ], [ -73.806791933467125, 40.584419899205663 ], [ -73.807991828951316, 40.584004409503926 ], [ -73.813524487275586, 40.583473149046746 ], [ -73.821341650239603, 40.581262127455169 ], [ -73.824043106563991, 40.585629856694432 ], [ -73.82465623413691, 40.585452642251013 ], [ -73.825248827067668, 40.586900869423367 ], [ -73.824764278750976, 40.587039215772279 ], [ -73.824801166234465, 40.587154615369982 ], [ -73.824743522898885, 40.587045141973654 ], [ -73.822936886315233, 40.587491649727532 ], [ -73.821459719917726, 40.586769924921256 ], [ -73.817415861474373, 40.588917014109711 ], [ -73.817638004506534, 40.589285798982601 ], [ -73.816741975823575, 40.589319169845936 ], [ -73.815248323750893, 40.589989056292865 ], [ -73.814700674617185, 40.590610589888151 ], [ -73.813632214108267, 40.590793631897775 ], [ -73.813256715664281, 40.591046302490987 ], [ -73.813588566126356, 40.591697685823561 ], [ -73.81323474432736, 40.591070739515068 ], [ -73.813129916697221, 40.59124662634175 ], [ -73.81224338225374, 40.591325823102302 ], [ -73.811703448363474, 40.591593746637955 ], [ -73.811513031827118, 40.591783490316843 ], [ -73.811494235858689, 40.592901326696854 ], [ -73.811334636231734, 40.591744623179899 ], [ -73.811007665851093, 40.591768297259776 ], [ -73.810817918745002, 40.592090269198629 ], [ -73.810950189527318, 40.592503059144569 ], [ -73.811385931520334, 40.592442318454559 ], [ -73.811407512271614, 40.592871257238698 ], [ -73.811072870210452, 40.593022330572111 ], [ -73.811373839358083, 40.592861101607632 ], [ -73.81137331289645, 40.592703054284236 ], [ -73.810749749133322, 40.592792113552584 ], [ -73.811373472555587, 40.59268449963313 ], [ -73.811358293157852, 40.592462584044981 ], [ -73.810939658946012, 40.59254684780668 ], [ -73.810805379044211, 40.592092095735147 ], [ -73.809899299133519, 40.592270953886548 ], [ -73.810039205845143, 40.593077910041607 ], [ -73.809903403001428, 40.593080776051735 ], [ -73.809778318495233, 40.592399027786222 ], [ -73.809731383937148, 40.592404186053344 ], [ -73.809807497165153, 40.592710409504782 ], [ -73.809709824363892, 40.592439608339454 ], [ -73.809486657448943, 40.592766035136584 ], [ -73.809611963788583, 40.593576984263727 ], [ -73.806874567463765, 40.59226495387226 ], [ -73.806028074598515, 40.592009309004553 ], [ -73.805779028390418, 40.590759499668629 ], [ -73.805823897731244, 40.591889325189932 ], [ -73.804303335080633, 40.591318879307238 ], [ -73.804165691030391, 40.591854709832823 ], [ -73.807826111432391, 40.593369935328035 ], [ -73.808046886839676, 40.5936503128762 ], [ -73.807811428310671, 40.593907379875475 ], [ -73.807977570993472, 40.594157868664396 ], [ -73.80711253952029, 40.595284075424338 ], [ -73.806041498073853, 40.595554555213567 ], [ -73.80485298477258, 40.595056336043363 ], [ -73.804114599546679, 40.594319170453417 ], [ -73.804008832859921, 40.593767724909938 ], [ -73.804125680152723, 40.593513805103214 ], [ -73.803809022312024, 40.592891163925401 ], [ -73.803617394554394, 40.592941337743831 ], [ -73.803031539993597, 40.592577189490058 ], [ -73.802438462903098, 40.592640063835141 ], [ -73.802509650872835, 40.593948128041546 ], [ -73.803135034407234, 40.593757943071211 ], [ -73.80318082190891, 40.593945378130982 ], [ -73.802513042829858, 40.593966851792395 ], [ -73.802568376010697, 40.594272266994217 ], [ -73.80324253171004, 40.594087239865452 ], [ -73.803287938930211, 40.59428211589173 ], [ -73.803240242957756, 40.594204054877174 ], [ -73.802604428509852, 40.594287751542467 ], [ -73.802709838590729, 40.594306433032152 ], [ -73.802345138456616, 40.594495975256933 ], [ -73.803185744044157, 40.594663002841649 ], [ -73.803440170414532, 40.594434209176882 ], [ -73.803196753649559, 40.594678199883269 ], [ -73.803377543038323, 40.59486904065907 ], [ -73.803655193133565, 40.594730642532689 ], [ -73.803724542673862, 40.594817111979907 ], [ -73.803651670807241, 40.594753142781613 ], [ -73.803384680362015, 40.594885260358701 ], [ -73.803200106231969, 40.59487284642416 ], [ -73.803384723493224, 40.594949580087714 ], [ -73.803207044072423, 40.5950096836171 ], [ -73.803390973279036, 40.595006512494152 ], [ -73.803214942512568, 40.595145648450625 ], [ -73.803908422647226, 40.595004813834841 ], [ -73.803314537292167, 40.595179561436929 ], [ -73.803684686957226, 40.595197790183839 ], [ -73.80470623094206, 40.596386675014543 ], [ -73.805111854799122, 40.597151047998132 ], [ -73.804702145685511, 40.597683110832918 ], [ -73.803933389224028, 40.597943498583952 ], [ -73.802979433257477, 40.598844304553005 ], [ -73.801670926801776, 40.598896309269449 ], [ -73.800948678628188, 40.59915166461991 ], [ -73.800915006239649, 40.599390761135801 ], [ -73.800776547076239, 40.599162360478338 ], [ -73.800495263719782, 40.599204368068591 ], [ -73.800473792277955, 40.599331559123762 ], [ -73.800451318614748, 40.599182568377763 ], [ -73.799160400090443, 40.599258138097177 ], [ -73.799196908253847, 40.599369394966807 ], [ -73.799128776423061, 40.599373353570414 ], [ -73.799140241966768, 40.599258494215896 ], [ -73.79843078589488, 40.599173714081076 ], [ -73.795546376211277, 40.599496762149087 ], [ -73.794572615505672, 40.599420737093851 ], [ -73.793873660846714, 40.599606708589128 ], [ -73.793309017363498, 40.599981183339445 ], [ -73.792331215481539, 40.599969281197566 ], [ -73.790253535471678, 40.601251302598286 ], [ -73.787855748817194, 40.603113344635361 ], [ -73.786353328118238, 40.603194659038479 ], [ -73.786178840412234, 40.603032062874426 ], [ -73.787162418553649, 40.602326431072321 ], [ -73.787929942587482, 40.600995302549755 ], [ -73.789534621305236, 40.599971815429271 ], [ -73.79033378979446, 40.59919828434149 ], [ -73.791240710058489, 40.596787348821898 ], [ -73.790931422510823, 40.595961183406523 ], [ -73.791036174923946, 40.595522240105744 ], [ -73.790862923798883, 40.595013137764013 ], [ -73.790420482307496, 40.59475269551087 ], [ -73.790570041960407, 40.594951800299789 ], [ -73.790806261416904, 40.596093395884289 ], [ -73.790594429740352, 40.596108384772791 ], [ -73.790538576665199, 40.594980784056062 ], [ -73.790319324747415, 40.594861655403804 ], [ -73.790378963347749, 40.594751965913105 ], [ -73.79014961159244, 40.594819577941024 ], [ -73.790316254762303, 40.596048198939442 ], [ -73.790424814722712, 40.596053932153929 ], [ -73.790178300013153, 40.59607131970445 ], [ -73.790281511773586, 40.596051416106235 ], [ -73.790131194916214, 40.59482287479851 ], [ -73.789866504906712, 40.594715543994525 ], [ -73.789895889109573, 40.594820736517043 ], [ -73.789845695604427, 40.59471959684835 ], [ -73.789673529504725, 40.594843524405114 ], [ -73.789713171980651, 40.594842611043077 ], [ -73.789873606483951, 40.596204443784586 ], [ -73.789999094390893, 40.596208943503306 ], [ -73.789698723608169, 40.596228039911374 ], [ -73.78984110232885, 40.596206946879853 ], [ -73.789673896758288, 40.594860475900191 ], [ -73.789402427099745, 40.594949785523738 ], [ -73.789353115133338, 40.595193764975399 ], [ -73.789172560287469, 40.595192316776611 ], [ -73.789162617743173, 40.596077299267989 ] ] ] } },
{ "type": "Feature", "properties": { "NTA2020": "QN1403" }, "geometry": { "type": "MultiPolygon", "coordinates": [ [ [ [ -73.883687280963358, 40.568843404832357 ], [ -73.883369273161975, 40.56833185975092 ], [ -73.883130947743226, 40.568380626014111 ], [ -73.882756802462069, 40.567569861621706 ], [ -73.903330229404773, 40.561846616768165 ], [ -73.908072964581422, 40.5607937232216 ], [ -73.910095022912685, 40.560772363344199 ], [ -73.909952989936215, 40.56050111275183 ], [ -73.910078292922677, 40.557314419967049 ], [ -73.909899885144668, 40.557117218095769 ], [ -73.909889457763029, 40.556673069593081 ], [ -73.913165281809981, 40.556343214140085 ], [ -73.913603618257909, 40.556468074544597 ], [ -73.920986314596973, 40.556275094438725 ], [ -73.922066125021004, 40.555149255465686 ], [ -73.92909878255746, 40.553093445098447 ], [ -73.929653742718997, 40.554124924183441 ], [ -73.929822919077679, 40.554074863540428 ], [ -73.931186509953051, 40.557015831327469 ], [ -73.931671918598184, 40.556849316363007 ], [ -73.932222041603765, 40.557676341960175 ], [ -73.926157232754207, 40.561552609723122 ], [ -73.924214613025782, 40.562001318824883 ], [ -73.921078228813826, 40.562079852884885 ], [ -73.920368102804517, 40.562218832467622 ], [ -73.920259631729991, 40.562612293058542 ], [ -73.920098401484083, 40.562571180610036 ], [ -73.920331201426677, 40.562226054886565 ], [ -73.917660819000858, 40.562826149686479 ], [ -73.914553369612861, 40.564353432433833 ], [ -73.913867496264004, 40.564608096141875 ], [ -73.913131801280045, 40.564638243946042 ], [ -73.91220200769321, 40.56505456984997 ], [ -73.911883196630029, 40.564990405238717 ], [ -73.911926920704047, 40.565112328570912 ], [ -73.911954643661858, 40.565811322672857 ], [ -73.912161818932674, 40.565836251568101 ], [ -73.911736153400696, 40.565872653485719 ], [ -73.911925519097821, 40.565813862377226 ], [ -73.911858090293933, 40.56499543800328 ], [ -73.910798176830681, 40.565110995831539 ], [ -73.91010099909532, 40.564956000904445 ], [ -73.910037629057854, 40.564793710601947 ], [ -73.909771706118832, 40.565305405307576 ], [ -73.909716849259596, 40.565287425461221 ], [ -73.910023076421297, 40.564780209538455 ], [ -73.909762584369744, 40.564284836928131 ], [ -73.909277081490558, 40.563997124153055 ], [ -73.908725451368227, 40.563931291537592 ], [ -73.907919159690749, 40.564148439869733 ], [ -73.90809155650993, 40.563721631350575 ], [ -73.907985759972775, 40.563442441628055 ], [ -73.906647241152129, 40.562785914176111 ], [ -73.905943828751603, 40.562688582093649 ], [ -73.904694554553728, 40.562827185601918 ], [ -73.902871433300788, 40.563514864206127 ], [ -73.902523134480504, 40.562947583809752 ], [ -73.901708397768104, 40.562740497918227 ], [ -73.900003920918522, 40.563215692414971 ], [ -73.896132624453045, 40.565358427566849 ], [ -73.895337250270671, 40.566332100370914 ], [ -73.89567174387966, 40.567031643449361 ], [ -73.895447958843903, 40.56685850603499 ], [ -73.895187049253096, 40.566913600827647 ], [ -73.895046321351515, 40.567190914696631 ], [ -73.894130280934576, 40.567820149652839 ], [ -73.892610134456191, 40.5685872472867 ], [ -73.890164959211916, 40.568228524775343 ], [ -73.889594924492002, 40.567941890234074 ], [ -73.889111030722276, 40.567916236690941 ], [ -73.888368030308911, 40.568144925927854 ], [ -73.887862225082173, 40.568038044986501 ], [ -73.886546839364428, 40.568470978109424 ], [ -73.885341830196793, 40.568599348654637 ], [ -73.884896782202006, 40.568499584876889 ], [ -73.884309731052866, 40.5686961195387 ], [ -73.884887071247263, 40.568470205668731 ], [ -73.88475594832849, 40.568289139187463 ], [ -73.884677389726093, 40.568441342398202 ], [ -73.884298760829509, 40.568436802053057 ], [ -73.884736897991374, 40.568268513240653 ], [ -73.884459753355841, 40.567892836758908 ], [ -73.884166466260524, 40.568001951564007 ], [ -73.884256054500042, 40.568157133402394 ], [ -73.884148067270374, 40.56800897730119 ], [ -73.883989074502153, 40.56806016069423 ], [ -73.884071719351468, 40.568195014133508 ], [ -73.883974125313131, 40.568064973133538 ], [ -73.883791037030093, 40.568123911827151 ], [ -73.884023400924065, 40.568503115610866 ], [ -73.883780867561171, 40.568127185959909 ], [ -73.883576706727212, 40.568209769754269 ], [ -73.883691949778139, 40.568395359722707 ], [ -73.883478500815613, 40.568473114104954 ], [ -73.883904278844113, 40.568906204259285 ], [ -73.883687280963358, 40.568843404832357 ] ] ], [ [ [ -73.824672978562887, 40.585494831344228 ], [ -73.824043106563991, 40.585629856694432 ], [ -73.821341650239603, 40.581262127455169 ], [ -73.822289914941891, 40.581096073193926 ], [ -73.827173788849848, 40.579444512955241 ], [ -73.831460933314546, 40.578419437622777 ], [ -73.833869231721806, 40.577649897608985 ], [ -73.837784913049802, 40.575923683475445 ], [ -73.843783590751855, 40.573887452041781 ], [ -73.852202023995545, 40.570745103504109 ], [ -73.853965565770878, 40.570312548872728 ], [ -73.85720330672298, 40.5691005004877 ], [ -73.86022276711229, 40.567921097324451 ], [ -73.862552860291487, 40.566810012300856 ], [ -73.862868922773117, 40.566830571546369 ], [ -73.863087675287503, 40.567597728869409 ], [ -73.864068023903869, 40.569297979214639 ], [ -73.864466329330313, 40.569141786025078 ], [ -73.864541761109436, 40.569242922956562 ], [ -73.866683599622505, 40.572988328529398 ], [ -73.864572453001827, 40.573690011972246 ], [ -73.864493029112708, 40.573542775759265 ], [ -73.863347400683935, 40.574021232448558 ], [ -73.863966419918839, 40.575026786720912 ], [ -73.862750615984396, 40.575857984982257 ], [ -73.862883018908008, 40.57605976175735 ], [ -73.853055495851152, 40.581255267855042 ], [ -73.850443851491946, 40.582130243581396 ], [ -73.848610535383045, 40.582188142143664 ], [ -73.845205663448027, 40.58157985705045 ], [ -73.839353858990393, 40.581857262805514 ], [ -73.83895663981427, 40.582574258547062 ], [ -73.838553064512396, 40.582791713796666 ], [ -73.835840800974196, 40.582878939362161 ], [ -73.828524712613401, 40.58485421987983 ], [ -73.828036536404497, 40.586052886726783 ], [ -73.825248827067668, 40.586900869423367 ], [ -73.824672978562887, 40.585494831344228 ] ] ], [ [ [ -73.820173480178283, 40.615180619138755 ], [ -73.817498110362791, 40.614214131565241 ], [ -73.816526812443556, 40.614947009658593 ], [ -73.816547528588387, 40.614470136769306 ], [ -73.816233666846472, 40.614231046198654 ], [ -73.814718126938132, 40.614496088553018 ], [ -73.814440324111857, 40.614749038671775 ], [ -73.814080624327914, 40.614558409738876 ], [ -73.814164498975614, 40.614291070143409 ], [ -73.814682626105395, 40.613975157854014 ], [ -73.814867259721325, 40.614010649752835 ], [ -73.81485722289095, 40.614299226214861 ], [ -73.815495266374398, 40.614039815635799 ], [ -73.814795632553185, 40.613194029981329 ], [ -73.815036384946282, 40.612976213749448 ], [ -73.815239565604784, 40.612983579258334 ], [ -73.815469483170503, 40.613342929511042 ], [ -73.816156266983114, 40.612942116013457 ], [ -73.815598588452843, 40.610672516330673 ], [ -73.815403662557813, 40.610384802016576 ], [ -73.814502616326564, 40.611058473506532 ], [ -73.814498767618375, 40.610735453658258 ], [ -73.815207208649369, 40.609816733594457 ], [ -73.814770737923368, 40.608851029282796 ], [ -73.81486539856337, 40.60802059898468 ], [ -73.815061298787299, 40.607317030279944 ], [ -73.815741740638245, 40.60646524523554 ], [ -73.815460664832116, 40.606428137510015 ], [ -73.815528167222851, 40.606163069945097 ], [ -73.815525367236646, 40.606407380282008 ], [ -73.815959620684893, 40.606262483354513 ], [ -73.815888297784639, 40.605929034359228 ], [ -73.816425299888948, 40.60522412407753 ], [ -73.817391921066516, 40.605158123784257 ], [ -73.817253705933879, 40.603940324691884 ], [ -73.817720327046374, 40.602224999742091 ], [ -73.818311211202513, 40.601339712213466 ], [ -73.818490660548136, 40.599389559478162 ], [ -73.81928142201501, 40.597529611379223 ], [ -73.820384063845836, 40.596568761887177 ], [ -73.820533858020895, 40.596136840258588 ], [ -73.820446056346469, 40.595748414727836 ], [ -73.82067265991698, 40.595195706673586 ], [ -73.820930952733306, 40.595108061610688 ], [ -73.821200353629806, 40.594712294942184 ], [ -73.824135069059082, 40.594633056748044 ], [ -73.825477935640535, 40.595080657585292 ], [ -73.827252239388372, 40.594769003016161 ], [ -73.82887841315555, 40.594805210384038 ], [ -73.833217441722326, 40.594217587388385 ], [ -73.834252474015898, 40.59465992013417 ], [ -73.834721371468873, 40.595055510149265 ], [ -73.834846999975639, 40.595543000442099 ], [ -73.834396000069276, 40.596464000371036 ], [ -73.833489999643149, 40.596916000366122 ], [ -73.83336099995887, 40.59723600026016 ], [ -73.832508118416868, 40.597573311991127 ], [ -73.832393645196206, 40.597803353383327 ], [ -73.831541060059607, 40.597951026558626 ], [ -73.830628521129555, 40.597433426225862 ], [ -73.830389225480801, 40.597734020087898 ], [ -73.829483418231234, 40.598133942405212 ], [ -73.829097774222106, 40.597763455723289 ], [ -73.828061596754267, 40.597680402648848 ], [ -73.827846915053016, 40.597999838263512 ], [ -73.827220929985074, 40.598331194570669 ], [ -73.827103145590641, 40.598688685509742 ], [ -73.826895272141456, 40.598705251651197 ], [ -73.825979859765212, 40.599472067192814 ], [ -73.82584854764572, 40.599440239578897 ], [ -73.825906295213045, 40.599109958200621 ], [ -73.825567907505388, 40.598548148083616 ], [ -73.825076108286012, 40.598214643742587 ], [ -73.824654206630868, 40.598149247205299 ], [ -73.824317337431964, 40.598313105321161 ], [ -73.823958710582971, 40.598876896677261 ], [ -73.824522712764121, 40.598951263990578 ], [ -73.824770890584247, 40.598391843875191 ], [ -73.824526249244812, 40.599129027224322 ], [ -73.824390043150629, 40.599098113026471 ], [ -73.824517336553285, 40.598965809235665 ], [ -73.82407791355017, 40.598909203833038 ], [ -73.824218704431601, 40.599074488421977 ], [ -73.824165698885366, 40.599299380169704 ], [ -73.823766123471827, 40.600040070821912 ], [ -73.821944418255953, 40.599801156482094 ], [ -73.821469298996348, 40.59999372277133 ], [ -73.822343622157973, 40.600225661909327 ], [ -73.824436438282831, 40.600344983853233 ], [ -73.824452180747542, 40.600796963192096 ], [ -73.823989001241202, 40.601001987127063 ], [ -73.823539721611738, 40.601559448848228 ], [ -73.823615888150414, 40.602286492616273 ], [ -73.823067216377595, 40.602341993407663 ], [ -73.822944847404813, 40.602582909467849 ], [ -73.822765634777824, 40.604202605069126 ], [ -73.822902830034934, 40.604687269044014 ], [ -73.822467467684234, 40.605524982823724 ], [ -73.822904633776545, 40.605851276927041 ], [ -73.822360008760981, 40.606469261162694 ], [ -73.82211377846275, 40.606471956171212 ], [ -73.82126470342719, 40.607002850913098 ], [ -73.820904561918894, 40.607781246721864 ], [ -73.820032435635824, 40.608923656260906 ], [ -73.819982279472285, 40.609560386210482 ], [ -73.819617954279664, 40.610479041567949 ], [ -73.820518879429443, 40.611949949228112 ], [ -73.820434036150999, 40.612066787006157 ], [ -73.820878417901426, 40.612257345820119 ], [ -73.821284210528958, 40.61109692878356 ], [ -73.821062285332189, 40.610763848873447 ], [ -73.820626982182063, 40.610529995217107 ], [ -73.820487005556117, 40.610224379292532 ], [ -73.820858785057311, 40.609231058773837 ], [ -73.82114637084436, 40.60906241107137 ], [ -73.821382681256338, 40.608545544946836 ], [ -73.821614600231868, 40.608480319226736 ], [ -73.821825313399287, 40.608963997185967 ], [ -73.821667978388703, 40.609232317110028 ], [ -73.821862052413522, 40.609869212568498 ], [ -73.822330798471327, 40.610287703255757 ], [ -73.822892333485768, 40.610337022194088 ], [ -73.82319489785435, 40.610937836119597 ], [ -73.824004128553653, 40.611631768410739 ], [ -73.824103270901261, 40.612326097485621 ], [ -73.822349611033573, 40.614260026197329 ], [ -73.821416016413806, 40.615054763934666 ], [ -73.820758925707054, 40.615232679518691 ], [ -73.820173480178283, 40.615180619138755 ] ] ] ] } },
{ "type": "Feature", "properties": { "NTA2020": "QN1491" }, "geometry": { "type": "MultiPolygon", "coordinates": [ [ [ [ -73.774641133756433, 40.600850796763304 ], [ -73.774763131722892, 40.600831744885014 ], [ -73.774763811655291, 40.600845785874604 ], [ -73.774641133756433, 40.600850796763304 ] ] ], [ [ [ -73.774616578841886, 40.600970651107374 ], [ -73.774479542471639, 40.600970890061411 ], [ -73.774747247218144, 40.600949790343293 ], [ -73.774616578841886, 40.600970651107374 ] ] ], [ [ [ -73.776358436947902, 40.609655838242354 ], [ -73.775222550769854, 40.609703547146886 ], [ -73.774128973942183, 40.608746595868062 ], [ -73.774459047224312, 40.608447927535316 ], [ -73.774814410089178, 40.608399563112364 ], [ -73.774217377533517, 40.607636638971464 ], [ -73.774325414813447, 40.607456943493297 ], [ -73.774602945990736, 40.60741764888256 ], [ -73.774848865464804, 40.608024833159718 ], [ -73.77523851986183, 40.608550943000289 ], [ -73.776007721528217, 40.609190754248182 ], [ -73.774945984842603, 40.608065420270663 ], [ -73.77459009469672, 40.607297656592834 ], [ -73.77458447675636, 40.606525967320763 ], [ -73.775187112613366, 40.604500256318516 ], [ -73.774687989646367, 40.60432464838923 ], [ -73.774913738996645, 40.604112513232423 ], [ -73.775376083168453, 40.604157308867848 ], [ -73.77588140582175, 40.603471681753454 ], [ -73.776053917610653, 40.602752894402279 ], [ -73.77558895434602, 40.60304029958796 ], [ -73.775688143627008, 40.602814740670517 ], [ -73.776057935551094, 40.602513317422222 ], [ -73.776479242549883, 40.602448176643428 ], [ -73.776625458024839, 40.602207778288125 ], [ -73.776489886889223, 40.60217172568651 ], [ -73.77780302365808, 40.600966552204099 ], [ -73.778083277516728, 40.600799843368726 ], [ -73.778368729187562, 40.600838780051788 ], [ -73.778075652154854, 40.600700774366665 ], [ -73.778180869783085, 40.600385541085821 ], [ -73.780109000851084, 40.600727429033789 ], [ -73.78081083231416, 40.599947754527015 ], [ -73.781940900742072, 40.599073841775535 ], [ -73.781894056909636, 40.598436409594868 ], [ -73.781358744407953, 40.597969371289608 ], [ -73.78132973998126, 40.597753037446964 ], [ -73.780167422231514, 40.597200859410158 ], [ -73.780155941303377, 40.596880565702321 ], [ -73.779754605054109, 40.597274656383554 ], [ -73.779684256824424, 40.596687977720926 ], [ -73.781952406103841, 40.596456490767885 ], [ -73.782091495580801, 40.597856018617577 ], [ -73.786704450559199, 40.597623998566647 ], [ -73.788373053738667, 40.597505637853153 ], [ -73.788238188758427, 40.59610983603573 ], [ -73.789162617743173, 40.596077299267989 ], [ -73.789259960909988, 40.59691675778663 ], [ -73.789068291215017, 40.598019927382644 ], [ -73.787102312265887, 40.599443300892439 ], [ -73.786624094636437, 40.600018633178323 ], [ -73.785971097662198, 40.600316491814723 ], [ -73.78579378813437, 40.600568928495875 ], [ -73.786143586986356, 40.600648618751713 ], [ -73.78578006551939, 40.600593261893074 ], [ -73.785642052732697, 40.600797194520879 ], [ -73.785983591177867, 40.600918237941947 ], [ -73.785632763732906, 40.600816383628498 ], [ -73.785393580870348, 40.6015180217085 ], [ -73.784482331703998, 40.601800098582956 ], [ -73.783505609053122, 40.602563438742777 ], [ -73.783128024059096, 40.603760992350509 ], [ -73.783481382714257, 40.604047836313654 ], [ -73.783947649711962, 40.604824425116881 ], [ -73.783666962924073, 40.605324436431751 ], [ -73.780987330712293, 40.607907054028821 ], [ -73.779270154449492, 40.609307361807517 ], [ -73.77856806939954, 40.609643663429026 ], [ -73.777687594256477, 40.609804580868662 ], [ -73.77703113969541, 40.6098482718862 ], [ -73.776358436947902, 40.609655838242354 ] ] ] ] } },
{ "type": "Feature", "properties": { "NTA2020": "QN8081" }, "geometry": { "type": "MultiPolygon", "coordinates": [ [ [ [ -73.872809200161157, 40.785903109100033 ], [ -73.87282839783694, 40.785954461738363 ], [ -73.872774059405401, 40.78594192145885 ], [ -73.872809200161157, 40.785903109100033 ] ] ], [ [ [ -73.871248562426075, 40.786038150752461 ], [ -73.869780811926375, 40.785337933325856 ], [ -73.869181135039128, 40.785943489570798 ], [ -73.869870074344448, 40.785085906565676 ], [ -73.869437516571892, 40.783638399311194 ], [ -73.868605261847136, 40.783809150925485 ], [ -73.868484613958188, 40.783698459741977 ], [ -73.869423447954105, 40.783591314917814 ], [ -73.870480298989577, 40.782306112315275 ], [ -73.871462923581774, 40.782126400740843 ], [ -73.872322869189532, 40.78110076163248 ], [ -73.872017418092796, 40.780955752131014 ], [ -73.870219107574201, 40.781247326867849 ], [ -73.872028319651633, 40.780933362223301 ], [ -73.872336039984134, 40.781085052782345 ], [ -73.872557326737265, 40.780821121542601 ], [ -73.864710664971881, 40.776733185751034 ], [ -73.855051062718189, 40.772195389989129 ], [ -73.85508635910341, 40.771831388277441 ], [ -73.856462729892982, 40.770273061828881 ], [ -73.857572300028863, 40.770452983758176 ], [ -73.857883408779855, 40.770659711639993 ], [ -73.857824632317246, 40.770437311090106 ], [ -73.858038840704438, 40.770203522202927 ], [ -73.857719995469139, 40.770300247825354 ], [ -73.857347309503979, 40.770184232215414 ], [ -73.856849904524651, 40.76954245203823 ], [ -73.856212676102913, 40.769195797255243 ], [ -73.856245657462821, 40.768885713696477 ], [ -73.85704790262325, 40.769139555446323 ], [ -73.857678002662396, 40.768276265391528 ], [ -73.858052619465241, 40.768090656371371 ], [ -73.858773765531637, 40.767349995098506 ], [ -73.859375104297783, 40.767075328942724 ], [ -73.860855359445907, 40.766932118089258 ], [ -73.861102771522795, 40.767271942529852 ], [ -73.861313861662168, 40.766940631241255 ], [ -73.862688641766297, 40.766875910504901 ], [ -73.862720214797307, 40.76667064229224 ], [ -73.862157856617017, 40.766191757929526 ], [ -73.860433378197115, 40.76386888237311 ], [ -73.860936914890175, 40.763728615491999 ], [ -73.862931343803623, 40.766104481701696 ], [ -73.8642723136862, 40.767432858253585 ], [ -73.865983492590459, 40.768860127130004 ], [ -73.868002817549197, 40.770255169348168 ], [ -73.870261427145536, 40.771356961781812 ], [ -73.872595910978276, 40.771830944328308 ], [ -73.875201448223635, 40.771771300224955 ], [ -73.877536123417414, 40.77125311954007 ], [ -73.879123877675781, 40.77062093702127 ], [ -73.884319105023522, 40.767981661496954 ], [ -73.887729882248649, 40.76691443487212 ], [ -73.888217777783936, 40.768589987898757 ], [ -73.888744440490967, 40.768918179253717 ], [ -73.889454868375395, 40.773532951629178 ], [ -73.885807622866523, 40.774022224475416 ], [ -73.885833615613819, 40.774109240439941 ], [ -73.885669476579238, 40.774126056083858 ], [ -73.885670076650356, 40.77443307121694 ], [ -73.885632310353699, 40.774097074788635 ], [ -73.885784736976689, 40.774024712164582 ], [ -73.883916279637972, 40.774132606591579 ], [ -73.884551505322364, 40.774360621829601 ], [ -73.884837423911378, 40.774952980243143 ], [ -73.8847736190733, 40.775332280586568 ], [ -73.884288305527406, 40.775483097036727 ], [ -73.884409571880596, 40.77554936037474 ], [ -73.885055226584413, 40.778405312744191 ], [ -73.885250269865921, 40.778612901742505 ], [ -73.885052917410292, 40.778775435169521 ], [ -73.885119688817809, 40.779511375382612 ], [ -73.88541287251148, 40.779659960035282 ], [ -73.885108870062695, 40.779522310043873 ], [ -73.885193362727151, 40.779786214099218 ], [ -73.885008975101016, 40.779564807117346 ], [ -73.884881137311382, 40.779987196238764 ], [ -73.883852032194667, 40.78026432025711 ], [ -73.882904911866461, 40.780348696737256 ], [ -73.882744497172084, 40.78022342356963 ], [ -73.881390759855535, 40.780601608408084 ], [ -73.879734668431141, 40.780654817547365 ], [ -73.879586468347085, 40.780698110357577 ], [ -73.879606924328542, 40.780850313065287 ], [ -73.879358060361184, 40.780656680629946 ], [ -73.879204838516173, 40.780767389334912 ], [ -73.878705625188744, 40.780585909950148 ], [ -73.879051156930785, 40.781730532860813 ], [ -73.87930868295247, 40.781853657829771 ], [ -73.878858374855838, 40.782398178681227 ], [ -73.879747778535844, 40.78283656420713 ], [ -73.879701636722601, 40.782882818072324 ], [ -73.878831467817335, 40.782430714494396 ], [ -73.878339232980537, 40.783025920749445 ], [ -73.875157548934638, 40.781509449150711 ], [ -73.874845273313852, 40.781684924577931 ], [ -73.871248562426075, 40.786038150752461 ] ] ] ] } },
{ "type": "Feature", "properties": { "NTA2020": "QN8191" }, "geometry": { "type": "Polygon", "coordinates": [ [ [ -73.846709337301178, 40.761345269136982 ], [ -73.84596638489468, 40.760699991405325 ], [ -73.843243814226909, 40.755336803767953 ], [ -73.838618589641058, 40.757044846392404 ], [ -73.837917327694456, 40.754541434799258 ], [ -73.836842273121164, 40.75333813231827 ], [ -73.835591538493432, 40.751377132771033 ], [ -73.832295357390606, 40.751941790636828 ], [ -73.832223314044271, 40.751419886983648 ], [ -73.833085823861509, 40.747989124735462 ], [ -73.834625221516944, 40.746880950883408 ], [ -73.835675539474607, 40.744850518062734 ], [ -73.836099891898655, 40.742429069782993 ], [ -73.836992700231647, 40.742093341754611 ], [ -73.837065087503106, 40.741864717902089 ], [ -73.837107207151846, 40.741396228782079 ], [ -73.836694587663075, 40.739541254243797 ], [ -73.836624197873675, 40.739365059613903 ], [ -73.836275270974596, 40.739568376005536 ], [ -73.835645856401698, 40.738491011139018 ], [ -73.835398129645085, 40.736912389552288 ], [ -73.835605088476441, 40.735134539214386 ], [ -73.836048457384749, 40.734265584619884 ], [ -73.83584824677645, 40.733833748755011 ], [ -73.834899394832576, 40.732967642265727 ], [ -73.834003687874116, 40.731567710163418 ], [ -73.833862671531108, 40.730553189009029 ], [ -73.833070879578216, 40.729919031382863 ], [ -73.830732145460473, 40.726549328469062 ], [ -73.82979911046516, 40.725897254001168 ], [ -73.828051453336641, 40.725324849655017 ], [ -73.827309004494438, 40.724646077497724 ], [ -73.825567656621331, 40.719721014661921 ], [ -73.825399239593068, 40.717414855982398 ], [ -73.822893974556408, 40.717489401011214 ], [ -73.819523438699207, 40.717339733202955 ], [ -73.819304694317964, 40.71713608089447 ], [ -73.819982309170371, 40.716575510595675 ], [ -73.823365522798284, 40.716557923478369 ], [ -73.823946856001797, 40.716153432102409 ], [ -73.82517896691455, 40.716014996893129 ], [ -73.825943831638838, 40.715647298733799 ], [ -73.82989578755911, 40.714571242647175 ], [ -73.830978208833855, 40.714313605288453 ], [ -73.831458669197986, 40.714554449937218 ], [ -73.830504610071642, 40.714856944799607 ], [ -73.829833283666275, 40.715567783659424 ], [ -73.834883594127731, 40.719303272416965 ], [ -73.835380451477377, 40.720722180372142 ], [ -73.837314594933943, 40.723571508554464 ], [ -73.839854342905397, 40.728177569283389 ], [ -73.84146810861364, 40.729998093474855 ], [ -73.842855584206617, 40.731140911168062 ], [ -73.844188865316198, 40.732642019580709 ], [ -73.845426130941021, 40.734949803276869 ], [ -73.846055418364941, 40.737099188972223 ], [ -73.846893661936747, 40.738671217394185 ], [ -73.847213615878829, 40.738643986683918 ], [ -73.847757401756539, 40.739299089087069 ], [ -73.847791735336912, 40.73983078601136 ], [ -73.848094957095824, 40.740026992282395 ], [ -73.850115566364181, 40.740723562798429 ], [ -73.854369281325418, 40.74873893019182 ], [ -73.854425752536613, 40.748851726884538 ], [ -73.850864397100338, 40.749995641874648 ], [ -73.852617253522425, 40.753405065527978 ], [ -73.853350951817276, 40.756012838314014 ], [ -73.854076120530138, 40.757652292977959 ], [ -73.855009208589777, 40.758879225701016 ], [ -73.855769974501612, 40.759538342684735 ], [ -73.85912375795418, 40.761275498655685 ], [ -73.859756289265036, 40.761835799661512 ], [ -73.859562523094255, 40.761971966997599 ], [ -73.860936914890175, 40.763728615491956 ], [ -73.860433378197072, 40.763868882373075 ], [ -73.859413393981001, 40.762483265339334 ], [ -73.858920563126134, 40.762406401185203 ], [ -73.858922981826254, 40.762122346018984 ], [ -73.858645104879528, 40.762514395909058 ], [ -73.858887227262642, 40.762133609398632 ], [ -73.85869110268321, 40.762221190500895 ], [ -73.858843715062534, 40.762058766779191 ], [ -73.858619152818733, 40.761935596998931 ], [ -73.857654736162289, 40.763079823351148 ], [ -73.858415386829904, 40.763453130422675 ], [ -73.858500812553672, 40.763376433082513 ], [ -73.858343193089794, 40.763562560957993 ], [ -73.858395314095347, 40.763477059121783 ], [ -73.857638966019039, 40.763099449137222 ], [ -73.856838887017759, 40.764000179114916 ], [ -73.856963559398054, 40.764074427863122 ], [ -73.856674823623493, 40.763930188326178 ], [ -73.856802909562902, 40.763980845460871 ], [ -73.857582854707047, 40.763072900626604 ], [ -73.856690352230004, 40.762635632858775 ], [ -73.856586753887726, 40.762722840114286 ], [ -73.856782369634914, 40.762508277406617 ], [ -73.856711693994811, 40.762615686952522 ], [ -73.85760424037187, 40.763053281789034 ], [ -73.858176310704224, 40.762396294726457 ], [ -73.856611958134394, 40.761649542256748 ], [ -73.858194331325322, 40.762374107984584 ], [ -73.858585262844443, 40.76191700859696 ], [ -73.857121335345155, 40.761188903872807 ], [ -73.855302660296815, 40.760649584752287 ], [ -73.854663664588983, 40.760171169562128 ], [ -73.85372403934953, 40.760246388634854 ], [ -73.852793765949542, 40.75997216613451 ], [ -73.852778286949743, 40.760121310752389 ], [ -73.852990793997691, 40.760191788293199 ], [ -73.852701078381969, 40.760128117818986 ], [ -73.852774833869589, 40.759964228175967 ], [ -73.852547502302144, 40.760069811742952 ], [ -73.852241585414092, 40.759921607983955 ], [ -73.852665344185695, 40.759918326769522 ], [ -73.851585529011857, 40.759355420656995 ], [ -73.850219788558093, 40.75956659936076 ], [ -73.849301108143379, 40.760242875350016 ], [ -73.849874844961491, 40.76110381294847 ], [ -73.851974129628715, 40.760249407381785 ], [ -73.852072001778481, 40.76039288467215 ], [ -73.849811624751425, 40.761270974008177 ], [ -73.849166624061539, 40.760296584287879 ], [ -73.848686556590394, 40.7601384946081 ], [ -73.846709337301178, 40.761345269136982 ] ] ] } },
{ "type": "Feature", "properties": { "NTA2020": "QN8291" }, "geometry": { "type": "Polygon", "coordinates": [ [ [ -73.836962378110371, 40.704212452333167 ], [ -73.83947815175415, 40.702690194330707 ], [ -73.841563780944227, 40.70110059871763 ], [ -73.842756642466156, 40.700657695306745 ], [ -73.845024728771065, 40.699359377016215 ], [ -73.849138372429039, 40.698282741201915 ], [ -73.850708422562661, 40.700203125104409 ], [ -73.85410116469248, 40.700513748826779 ], [ -73.854124740592141, 40.700765084809468 ], [ -73.854493199640331, 40.700642593755099 ], [ -73.852832622788071, 40.698407766583266 ], [ -73.852745116860774, 40.697560750098987 ], [ -73.857444477396186, 40.696912984716818 ], [ -73.86840518949181, 40.694731186243871 ], [ -73.868917626907503, 40.695146561514051 ], [ -73.870674218437003, 40.697841064848923 ], [ -73.869314332184118, 40.699355147335361 ], [ -73.869526277687299, 40.701605743380796 ], [ -73.868985083719735, 40.701744355953664 ], [ -73.869155961574734, 40.702893433660364 ], [ -73.862808556493334, 40.703410915805755 ], [ -73.858084515492919, 40.702896776983209 ], [ -73.858234948996454, 40.702832890670642 ], [ -73.858932243991106, 40.701320344758926 ], [ -73.85827405827601, 40.701223659238948 ], [ -73.857279340412589, 40.701212513322162 ], [ -73.857227627179157, 40.701651719352036 ], [ -73.855295715092609, 40.701991009610524 ], [ -73.855292759046407, 40.702595501787691 ], [ -73.852520190544439, 40.702291723617577 ], [ -73.854708239553588, 40.705210974145224 ], [ -73.854716525199734, 40.706769496327766 ], [ -73.84933156214035, 40.708388333680823 ], [ -73.845671981491137, 40.708410366124028 ], [ -73.844537387803527, 40.708661054970065 ], [ -73.843146253012975, 40.709223456418798 ], [ -73.838284288362445, 40.7084093586259 ], [ -73.837147029888925, 40.707957046263374 ], [ -73.838081378742984, 40.706562043474101 ], [ -73.83814221741352, 40.706258901280599 ], [ -73.836962378110371, 40.704212452333167 ] ] ] } },
{ "type": "Feature", "properties": { "NTA2020": "QN8381" }, "geometry": { "type": "MultiPolygon", "coordinates": [ [ [ [ -73.747157816147592, 40.637060523525783 ], [ -73.747064856712441, 40.637160999268417 ], [ -73.746993911909684, 40.637150645186921 ], [ -73.747157816147592, 40.637060523525783 ] ] ], [ [ [ -73.747043163419633, 40.63756642696179 ], [ -73.746943206381943, 40.637529202177063 ], [ -73.747049131705239, 40.637545134399581 ], [ -73.747043163419633, 40.63756642696179 ] ] ], [ [ [ -73.82503467568317, 40.663580134808512 ], [ -73.823052105663209, 40.663553878638375 ], [ -73.822961012522555, 40.663860138247514 ], [ -73.814105203850573, 40.662795182285244 ], [ -73.813268434157351, 40.662812917534175 ], [ -73.811688612532109, 40.663132872013421 ], [ -73.808450161804871, 40.664461301264936 ], [ -73.80614395972853, 40.664912730210041 ], [ -73.80299527141301, 40.665216610780533 ], [ -73.799819543965398, 40.665259261974803 ], [ -73.795819148156397, 40.664955627952885 ], [ -73.785025137403139, 40.663421072396204 ], [ -73.782039381608101, 40.66271170742445 ], [ -73.779193775535859, 40.661690359830907 ], [ -73.779329331406373, 40.661839520344131 ], [ -73.776904529915726, 40.660672156262635 ], [ -73.773829647238202, 40.659651158772732 ], [ -73.764754553974427, 40.654746896604514 ], [ -73.751573841251854, 40.647259301706882 ], [ -73.752049026082886, 40.646651936810912 ], [ -73.753270904927845, 40.647333762016572 ], [ -73.753403653561264, 40.647162374607483 ], [ -73.753233282694325, 40.647052114686218 ], [ -73.753541918358707, 40.647196312319267 ], [ -73.753292106748987, 40.647343402722008 ], [ -73.753889644369352, 40.647542603556857 ], [ -73.754278098567653, 40.647886422078948 ], [ -73.754503696014496, 40.64793547905429 ], [ -73.754927686429099, 40.6475727210385 ], [ -73.754612084380241, 40.647200458955552 ], [ -73.753792893693287, 40.646705604685557 ], [ -73.753737708263401, 40.646960423577831 ], [ -73.753401895071647, 40.64680746120932 ], [ -73.753611341044518, 40.646856182256499 ], [ -73.753761463613728, 40.646686322658134 ], [ -73.750570328119466, 40.644728556673897 ], [ -73.749076312912194, 40.643632870051661 ], [ -73.74776524915336, 40.642094843285058 ], [ -73.747398870993649, 40.641353376426686 ], [ -73.74754412808042, 40.641132168216544 ], [ -73.747446506190798, 40.640021636908585 ], [ -73.748124885847787, 40.636872731644779 ], [ -73.748398155361613, 40.636653637319938 ], [ -73.74845072655566, 40.635636137586232 ], [ -73.749035286934514, 40.635081234190508 ], [ -73.750696069741437, 40.634627975765625 ], [ -73.752437585729382, 40.633676779740746 ], [ -73.753483977247342, 40.633514291079152 ], [ -73.754791003049164, 40.632882488363265 ], [ -73.757388100559879, 40.632107760630838 ], [ -73.757735575541972, 40.631823811049131 ], [ -73.759009554008784, 40.631489296379954 ], [ -73.760531598414715, 40.630663317189658 ], [ -73.762194078137867, 40.630259432956557 ], [ -73.763087896708441, 40.629658898502072 ], [ -73.764530026372938, 40.629221136357039 ], [ -73.765008914051165, 40.629412182577148 ], [ -73.76474289734864, 40.629168085400252 ], [ -73.76649560506911, 40.628250375901331 ], [ -73.768604087207834, 40.624732718412247 ], [ -73.768842754594985, 40.623939291733514 ], [ -73.76855326007481, 40.623189229179033 ], [ -73.768667817172641, 40.622731964623242 ], [ -73.769446523564014, 40.622015448432109 ], [ -73.769518432534881, 40.622121828506188 ], [ -73.769723484169774, 40.621761688968242 ], [ -73.769821990552927, 40.621404972670796 ], [ -73.769614873893389, 40.621146969174092 ], [ -73.77011166618432, 40.620250229291109 ], [ -73.770188291657348, 40.619791010419107 ], [ -73.77109318732866, 40.619977707782148 ], [ -73.771654546884051, 40.620416427319483 ], [ -73.771716994471333, 40.620961679300606 ], [ -73.770915000120496, 40.622403888654311 ], [ -73.77081128882655, 40.622949747294633 ], [ -73.770860012505892, 40.623330538875507 ], [ -73.771438836640115, 40.623284616705 ], [ -73.77172760284958, 40.623585028532958 ], [ -73.771699084058, 40.623438988708493 ], [ -73.771973183247169, 40.623272116811059 ], [ -73.771881493434037, 40.623203602553247 ], [ -73.772145469045071, 40.623046105701761 ], [ -73.772031314311988, 40.622991213405697 ], [ -73.772188240278453, 40.622995794297751 ], [ -73.775118911884761, 40.619233847486122 ], [ -73.775180460015065, 40.619264717886175 ], [ -73.772209507697866, 40.623005232488431 ], [ -73.772362601627094, 40.623147326004272 ], [ -73.772168979327787, 40.623055547842561 ], [ -73.772004605753096, 40.623261929019066 ], [ -73.772170182688185, 40.623359631167887 ], [ -73.771996692044269, 40.623281559486401 ], [ -73.771818828377306, 40.623499017984393 ], [ -73.771987764484265, 40.623597581962109 ], [ -73.771738975152786, 40.623605726072157 ], [ -73.772661488098663, 40.624570903560119 ], [ -73.773486683388484, 40.625059228704146 ], [ -73.774075264154931, 40.625783482840241 ], [ -73.77654229953626, 40.627651725232816 ], [ -73.779468976879429, 40.627315505121508 ], [ -73.78419483231913, 40.620892669909118 ], [ -73.789558142894265, 40.622791994920071 ], [ -73.78822856145473, 40.623765129054853 ], [ -73.785940583200457, 40.625847005680946 ], [ -73.785363207580971, 40.626706656838294 ], [ -73.784979961008446, 40.626544986213368 ], [ -73.784878887408951, 40.626631470707984 ], [ -73.783630789498758, 40.628142521869179 ], [ -73.783284158202193, 40.628954348917382 ], [ -73.78348975751075, 40.630165115720111 ], [ -73.784347641760107, 40.631373320934877 ], [ -73.78570293806429, 40.63209498948207 ], [ -73.786906666844814, 40.632261900728949 ], [ -73.788323394403477, 40.63342507956289 ], [ -73.789354064270341, 40.63401030904614 ], [ -73.789427171955253, 40.634263035461402 ], [ -73.789716000304523, 40.634067249819722 ], [ -73.790769474643525, 40.633848726217494 ], [ -73.790664495349091, 40.63415293950542 ], [ -73.790792842989319, 40.634282043707664 ], [ -73.798037518347044, 40.631196239807529 ], [ -73.797968295039098, 40.631101307474843 ], [ -73.798118722261989, 40.631037509261141 ], [ -73.798276154152973, 40.631252179365845 ], [ -73.798055372350575, 40.631224458599341 ], [ -73.790811112504997, 40.634310355510799 ], [ -73.791081327726502, 40.634232634365823 ], [ -73.791308777882207, 40.634401300654851 ], [ -73.791228985097433, 40.634857064069941 ], [ -73.792223180376226, 40.63589008828 ], [ -73.793433691961127, 40.636086690847357 ], [ -73.794259643337142, 40.636564203549753 ], [ -73.794743874331161, 40.636629367394548 ], [ -73.797257428670747, 40.638007613757765 ], [ -73.79863891922632, 40.638403779072235 ], [ -73.799237119838637, 40.638420109703652 ], [ -73.801772202514158, 40.639760283952754 ], [ -73.804659301753048, 40.640905209998159 ], [ -73.805659396524803, 40.641601983628931 ], [ -73.806702006757646, 40.641776184672914 ], [ -73.808645687165537, 40.642814927880401 ], [ -73.810757493781168, 40.643492391254817 ], [ -73.812033336832911, 40.644303575045818 ], [ -73.813643601586264, 40.64469095009872 ], [ -73.815651040916435, 40.645630022430986 ], [ -73.818303169563521, 40.646267664491027 ], [ -73.818818422407418, 40.646592515218636 ], [ -73.82010812248005, 40.648104021637209 ], [ -73.821229206058604, 40.648975150170834 ], [ -73.822151431980657, 40.650135289739808 ], [ -73.822605726734764, 40.652786106843145 ], [ -73.823218494070701, 40.654116556715884 ], [ -73.823465604215528, 40.655313015554334 ], [ -73.823421214472233, 40.656025495147048 ], [ -73.822467655965511, 40.659159866398923 ], [ -73.821611255101345, 40.659935285598287 ], [ -73.821691394394108, 40.660035086743122 ], [ -73.821535524648482, 40.659972383056193 ], [ -73.821746502156913, 40.660118366593387 ], [ -73.821607002436011, 40.66016103760392 ], [ -73.821511793307849, 40.659982105602168 ], [ -73.819700741206844, 40.660724086808735 ], [ -73.819714199092147, 40.660873726175943 ], [ -73.819657252870229, 40.660741919045471 ], [ -73.818695315586794, 40.661105051055202 ], [ -73.817644023337934, 40.660949032430054 ], [ -73.81767296498694, 40.66105972277709 ], [ -73.81750491431545, 40.661048326201545 ], [ -73.817567271191336, 40.660936734262066 ], [ -73.816567593066182, 40.660742517012885 ], [ -73.815981803887126, 40.660835816548605 ], [ -73.81605203034718, 40.660711574205209 ], [ -73.814681487913745, 40.660515214761759 ], [ -73.814570117582463, 40.660634597639159 ], [ -73.814625339698466, 40.660506673653188 ], [ -73.812621255176623, 40.66015704989843 ], [ -73.811438338440297, 40.660254210773587 ], [ -73.81124435291099, 40.660544639566723 ], [ -73.811455577687681, 40.660736552235342 ], [ -73.818671843741612, 40.662132776928708 ], [ -73.823318702297513, 40.660207910462461 ], [ -73.8240659556742, 40.65848414691245 ], [ -73.82426410867653, 40.657779092686631 ], [ -73.824041304568851, 40.65775567016432 ], [ -73.824267760403615, 40.657746511638557 ], [ -73.824929409633157, 40.655441532374567 ], [ -73.823475274807194, 40.650476295891274 ], [ -73.823421999471762, 40.649464000315717 ], [ -73.823180999973999, 40.649157000427934 ], [ -73.822907177008901, 40.648093446004772 ], [ -73.823194441115561, 40.648011161680323 ], [ -73.8239036472566, 40.648866720139523 ], [ -73.824012622363199, 40.64922918251969 ], [ -73.824587603008993, 40.649483149180362 ], [ -73.82499846516194, 40.649376930882923 ], [ -73.825341030857984, 40.649665376158687 ], [ -73.825889102979744, 40.649486068816081 ], [ -73.826144830596533, 40.650081840942654 ], [ -73.82630014811815, 40.650022985779714 ], [ -73.826172045356444, 40.649526935708906 ], [ -73.826407355698507, 40.649289162577183 ], [ -73.826220336388914, 40.648361027594461 ], [ -73.826392428444905, 40.648324348615674 ], [ -73.828599424046914, 40.657196973016035 ], [ -73.829314201528334, 40.658898656745542 ], [ -73.829913356872837, 40.65966566868466 ], [ -73.832705339041254, 40.665405772613518 ], [ -73.827897588457347, 40.663906307529054 ], [ -73.82503467568317, 40.663580134808512 ] ] ] ] } },
{ "type": "Feature", "properties": { "NTA2020": "QN8491" }, "geometry": { "type": "MultiPolygon", "coordinates": [ [ [ [ -73.826493503420011, 40.591027062258078 ], [ -73.826431654995389, 40.590316005294568 ], [ -73.82690355436803, 40.589928838481129 ], [ -73.827373857667126, 40.58976440102488 ], [ -73.82734320867813, 40.589943381348732 ], [ -73.827619123700231, 40.589995259338522 ], [ -73.82756509831016, 40.590502927213663 ], [ -73.827689059257068, 40.590568540518859 ], [ -73.827538538804362, 40.590541299716847 ], [ -73.827054262083735, 40.590978416960482 ], [ -73.827285451958971, 40.591478763564552 ], [ -73.825983564064529, 40.591970618634328 ], [ -73.825483335233045, 40.591973385711043 ], [ -73.825617985854493, 40.59171161387421 ], [ -73.826327740865494, 40.591461408450755 ], [ -73.826493503420011, 40.591027062258078 ] ] ], [ [ [ -73.831932772557991, 40.593447796924167 ], [ -73.831168826446827, 40.591488144309267 ], [ -73.833573760626948, 40.589035171849147 ], [ -73.834586737827422, 40.589122164967904 ], [ -73.835190783924119, 40.58938174674023 ], [ -73.836879499699137, 40.589520256507988 ], [ -73.837082486858037, 40.589796165685499 ], [ -73.838067561128284, 40.590301872106487 ], [ -73.838147005743494, 40.590733759855233 ], [ -73.83880085144699, 40.591197765370268 ], [ -73.838395273036028, 40.59039175254734 ], [ -73.840626136694056, 40.591534555049734 ], [ -73.840504514648728, 40.591206651752159 ], [ -73.841798352949922, 40.592007596152428 ], [ -73.842379331159364, 40.592478318069034 ], [ -73.842437093003483, 40.592872845387909 ], [ -73.842644713536927, 40.592953538358252 ], [ -73.8427900062687, 40.593327379146032 ], [ -73.84336470419548, 40.593470143868856 ], [ -73.843500656979671, 40.595084109755909 ], [ -73.84056972163728, 40.597300702794186 ], [ -73.837458334802363, 40.596862867843029 ], [ -73.83569788024873, 40.594808941170669 ], [ -73.834928027795556, 40.594311897380713 ], [ -73.834760266144826, 40.593944294501597 ], [ -73.834000020303051, 40.593619712650892 ], [ -73.831932772557991, 40.593447796924167 ] ] ], [ [ [ -73.823040078493577, 40.600068074785874 ], [ -73.822978576463001, 40.600043707224799 ], [ -73.823031951009369, 40.599930516883362 ], [ -73.823040078493577, 40.600068074785874 ] ] ], [ [ [ -73.823180159642959, 40.600083849028174 ], [ -73.823152931594294, 40.599976662649723 ], [ -73.823173562022575, 40.599978005312714 ], [ -73.823180159642959, 40.600083849028174 ] ] ], [ [ [ -73.809970594060559, 40.600067537380234 ], [ -73.810144175230363, 40.600054855642234 ], [ -73.809974652517326, 40.599836702803927 ], [ -73.810188964345784, 40.599860400366076 ], [ -73.810294938573151, 40.599689389650095 ], [ -73.81029011586071, 40.59899167007238 ], [ -73.810488081081928, 40.598779311236946 ], [ -73.811315605414293, 40.598549831584691 ], [ -73.811575503455217, 40.598141199259594 ], [ -73.812220732877577, 40.598553908477818 ], [ -73.813595301210228, 40.600361848355966 ], [ -73.814607125590356, 40.601299029252544 ], [ -73.815014715685635, 40.602056291061054 ], [ -73.814801177495823, 40.604080343333507 ], [ -73.814442229979932, 40.604165201869336 ], [ -73.814286936985795, 40.604455666221646 ], [ -73.81320862394746, 40.604355439085474 ], [ -73.812666257845919, 40.603888919774953 ], [ -73.811702997675127, 40.603613945269529 ], [ -73.810169588195961, 40.602799763042462 ], [ -73.810035487524956, 40.602654296920299 ], [ -73.81007598476701, 40.602210087872386 ], [ -73.809863338573152, 40.601895789505328 ], [ -73.810034259377431, 40.601610907957919 ], [ -73.809912581665984, 40.601320209932851 ], [ -73.810042932314801, 40.600954710042629 ], [ -73.809850645023957, 40.600365616758637 ], [ -73.809970594060559, 40.600067537380234 ] ] ], [ [ [ -73.800528366526095, 40.607088627043076 ], [ -73.799746767891151, 40.60688018843814 ], [ -73.798519461301041, 40.606816970499878 ], [ -73.797927364988723, 40.606579404885622 ], [ -73.798409187079656, 40.606009968760503 ], [ -73.798265754249869, 40.605490196096454 ], [ -73.798677078464081, 40.605703682961718 ], [ -73.799580792857626, 40.605311748709624 ], [ -73.800053280999052, 40.605465433101919 ], [ -73.800109280789911, 40.605318866321156 ], [ -73.799525435684501, 40.605243484415908 ], [ -73.798707140926481, 40.605621108231794 ], [ -73.798049183914955, 40.605406155218198 ], [ -73.797811422063077, 40.605159920329598 ], [ -73.798037353649292, 40.604837037398674 ], [ -73.798624224610819, 40.604806048432295 ], [ -73.798768591810699, 40.605015969149179 ], [ -73.798796148415349, 40.604865221748433 ], [ -73.799937946076184, 40.604610037405365 ], [ -73.800205591462131, 40.604834629807257 ], [ -73.80048632023508, 40.604762818280904 ], [ -73.800235503525656, 40.604801630578287 ], [ -73.800046501626213, 40.604561682802974 ], [ -73.797900837910916, 40.604720085652787 ], [ -73.797663260297014, 40.605308388925224 ], [ -73.79815149082475, 40.605632528229862 ], [ -73.798018611188724, 40.605657082449639 ], [ -73.798215619928968, 40.605936296740815 ], [ -73.797661434221894, 40.606357756408229 ], [ -73.79725850165994, 40.606058553879159 ], [ -73.796347611336458, 40.605788003356054 ], [ -73.796467656052712, 40.605187564116818 ], [ -73.796693759944475, 40.605105923761229 ], [ -73.796114522882931, 40.604693963202386 ], [ -73.796403729711784, 40.604719381155874 ], [ -73.796651265867538, 40.604542553899748 ], [ -73.796576630320232, 40.604434743734807 ], [ -73.796782470389999, 40.604378705549848 ], [ -73.796796520641507, 40.604498860445744 ], [ -73.797319011781852, 40.604066678876521 ], [ -73.798004805220842, 40.604210365226876 ], [ -73.798965506419393, 40.604098812800366 ], [ -73.79916891656309, 40.604267912351105 ], [ -73.800198146744492, 40.604224297859162 ], [ -73.80037472842119, 40.604376656822872 ], [ -73.800620051682344, 40.604230432871049 ], [ -73.800747973249642, 40.604348418739839 ], [ -73.800789190957488, 40.604212950784039 ], [ -73.801068562696898, 40.604380082137723 ], [ -73.801713647866578, 40.604110116743279 ], [ -73.801777309172266, 40.604270208013567 ], [ -73.802002081595333, 40.604170607828067 ], [ -73.802313313587462, 40.604408892896195 ], [ -73.80242464702377, 40.604222439399436 ], [ -73.802724081141605, 40.604507365894705 ], [ -73.803219512382412, 40.604565985584088 ], [ -73.803380626244135, 40.604304069469805 ], [ -73.803811832342234, 40.604360997416514 ], [ -73.803694503171684, 40.604624521651871 ], [ -73.803377404880166, 40.604698932460956 ], [ -73.803773092023278, 40.605149328188041 ], [ -73.803670258691014, 40.60543786197092 ], [ -73.803935545540639, 40.605643741805928 ], [ -73.803388524358823, 40.605870443192913 ], [ -73.803143020331859, 40.60636693493278 ], [ -73.801817022668729, 40.606422953048138 ], [ -73.80077334667854, 40.607076295751519 ], [ -73.800581010654057, 40.606837222004309 ], [ -73.800996981074434, 40.60659087506226 ], [ -73.800644448843059, 40.606329315717041 ], [ -73.801033736579811, 40.606479897154536 ], [ -73.801074009501349, 40.606410565607497 ], [ -73.800695724773007, 40.606235019045855 ], [ -73.800338639245567, 40.606278815696776 ], [ -73.800854796517328, 40.606635045708209 ], [ -73.800482799005138, 40.606792635144643 ], [ -73.800528366526095, 40.607088627043076 ] ] ], [ [ [ -73.82952414988597, 40.607339324342973 ], [ -73.829608270394999, 40.607256359558484 ], [ -73.829571584565443, 40.607342390951366 ], [ -73.82952414988597, 40.607339324342973 ] ] ], [ [ [ -73.796656996590215, 40.608960915071322 ], [ -73.796308739591566, 40.608735914686932 ], [ -73.796008633179042, 40.608217360286012 ], [ -73.796478178341275, 40.608002119049466 ], [ -73.796525759797461, 40.607894166729587 ], [ -73.796275079209977, 40.607854940274372 ], [ -73.796261242481492, 40.60762499077665 ], [ -73.796549416764563, 40.607287540866182 ], [ -73.796112877775386, 40.607408655218357 ], [ -73.796115335818996, 40.607793713152375 ], [ -73.795819879999272, 40.608133919632323 ], [ -73.795516943673903, 40.607354963300715 ], [ -73.79527814038407, 40.605814321533721 ], [ -73.795726989543311, 40.605230613246661 ], [ -73.796032085038547, 40.605300409783673 ], [ -73.795605020591537, 40.605892468130882 ], [ -73.795701417647038, 40.606460525121818 ], [ -73.79625827629188, 40.606214968163975 ], [ -73.796749377757962, 40.606226355852492 ], [ -73.797897469412703, 40.60686880990842 ], [ -73.799019916904101, 40.60686844010057 ], [ -73.800526176542093, 40.607226338650683 ], [ -73.801070675047825, 40.607179366917045 ], [ -73.801666893347729, 40.606756171683358 ], [ -73.801645016532717, 40.606894036637279 ], [ -73.801793904046008, 40.606844041020956 ], [ -73.801927922709638, 40.606637417746462 ], [ -73.803265232573168, 40.606571932192068 ], [ -73.803774111656892, 40.606120527882446 ], [ -73.804014933374461, 40.606131500174861 ], [ -73.803605488277498, 40.606934151209408 ], [ -73.803084157477869, 40.607465132179684 ], [ -73.802537922936267, 40.607810466656055 ], [ -73.801821433197432, 40.607958823036014 ], [ -73.801402636418004, 40.608226806992981 ], [ -73.801623978813396, 40.608354616637236 ], [ -73.800994212305682, 40.608672097910627 ], [ -73.798176264165164, 40.608991294488099 ], [ -73.796656996590215, 40.608960915071322 ] ] ], [ [ [ -73.827540566226062, 40.609475895332416 ], [ -73.826350298261957, 40.609289152068811 ], [ -73.82581355251645, 40.608917723174699 ], [ -73.825764704551943, 40.608641339507798 ], [ -73.826047123433312, 40.608291750269075 ], [ -73.825768146328173, 40.6078538746129 ], [ -73.826047992745288, 40.607819935708378 ], [ -73.826254336234825, 40.608017969621109 ], [ -73.826791097187737, 40.607909690360337 ], [ -73.826012343306104, 40.607746378754683 ], [ -73.825667381929932, 40.607786224418092 ], [ -73.825407152790291, 40.606699735808036 ], [ -73.82453724237169, 40.605078352593914 ], [ -73.824605581976883, 40.604735633302731 ], [ -73.825764287743468, 40.605035658019183 ], [ -73.827706577431655, 40.605237813031877 ], [ -73.829086026326934, 40.605820966856605 ], [ -73.829402906448422, 40.606581531209777 ], [ -73.829039726700685, 40.607355213673301 ], [ -73.828844801100587, 40.607298355948473 ], [ -73.827769843013826, 40.607765068538676 ], [ -73.827471545646716, 40.608225317265216 ], [ -73.827079693817609, 40.608333084361362 ], [ -73.827602319739768, 40.609297758236231 ], [ -73.827540566226062, 40.609475895332416 ] ] ], [ [ [ -73.832128769036544, 40.609516642372313 ], [ -73.831223173152949, 40.608829586601146 ], [ -73.831306550419228, 40.608411532070861 ], [ -73.831091290700215, 40.608554617000841 ], [ -73.830826733076606, 40.608474240040131 ], [ -73.830056174472489, 40.607924796435526 ], [ -73.829778849692602, 40.607115571881181 ], [ -73.829877264363375, 40.606322837406985 ], [ -73.830922715049468, 40.605364982220742 ], [ -73.831775075842444, 40.605094363641349 ], [ -73.831950081731975, 40.605272886312804 ], [ -73.832272129681471, 40.605143308062836 ], [ -73.833129081908467, 40.605272886977033 ], [ -73.834380323598836, 40.605152219489476 ], [ -73.835520060797847, 40.605457621097138 ], [ -73.835740428043309, 40.605785277354464 ], [ -73.834462656202376, 40.607192532942456 ], [ -73.834226313576067, 40.608051343346659 ], [ -73.832470306696109, 40.609461540395522 ], [ -73.832128769036544, 40.609516642372313 ] ] ], [ [ [ -73.766719311132363, 40.615004231647639 ], [ -73.770875003769547, 40.615863723216954 ], [ -73.768548681233568, 40.62055967827331 ], [ -73.76745926950538, 40.620511322062576 ], [ -73.766719311132363, 40.615004231647639 ] ] ], [ [ [ -73.812517935530565, 40.620199822550617 ], [ -73.812687812816876, 40.620463278425603 ], [ -73.812609675010933, 40.62064741708889 ], [ -73.812521034775727, 40.620448693034099 ], [ -73.812517935530565, 40.620199822550617 ] ] ], [ [ [ -73.789558142894265, 40.622791994920071 ], [ -73.78419483231913, 40.620892669909118 ], [ -73.784919003125623, 40.620478691624605 ], [ -73.785215430766812, 40.620063493744468 ], [ -73.785077849022514, 40.619966613580679 ], [ -73.785159200060022, 40.618647282483444 ], [ -73.784781118167771, 40.618335676678704 ], [ -73.784785474862858, 40.617980722338075 ], [ -73.784518826787476, 40.617982670589384 ], [ -73.784581849887104, 40.617855050601307 ], [ -73.784355690211086, 40.61776449058744 ], [ -73.784452737345632, 40.617556590931599 ], [ -73.784299192876773, 40.617353117964306 ], [ -73.784460870680491, 40.617027834627123 ], [ -73.783225545300141, 40.615578730723307 ], [ -73.782489931275009, 40.615567549886855 ], [ -73.782310426569921, 40.615447257365396 ], [ -73.782295274714215, 40.615168153677601 ], [ -73.781890902836238, 40.615047434393759 ], [ -73.781717009124677, 40.615176848796651 ], [ -73.780793765035298, 40.614587567092414 ], [ -73.780708871952825, 40.6140268090059 ], [ -73.781149060730428, 40.613998271479815 ], [ -73.780906216216465, 40.613603676618766 ], [ -73.781159997780847, 40.613601712787144 ], [ -73.7812605110188, 40.613317933505073 ], [ -73.782615574676214, 40.612497968636895 ], [ -73.782879013491538, 40.612488674790406 ], [ -73.783024504980489, 40.612200083189244 ], [ -73.783552214374041, 40.611924451980926 ], [ -73.783943736700792, 40.61204024528891 ], [ -73.784474375672715, 40.611850295948543 ], [ -73.784640866528818, 40.612019520908227 ], [ -73.784975233533373, 40.611929570088179 ], [ -73.7852242315045, 40.611415951745606 ], [ -73.785778093157958, 40.610993477070828 ], [ -73.786218431792179, 40.61091106458278 ], [ -73.786469728009337, 40.610678968981652 ], [ -73.786845186972783, 40.610794723588263 ], [ -73.7871989741232, 40.610655841667231 ], [ -73.787199848103711, 40.610381664913426 ], [ -73.787415445681646, 40.610262111097072 ], [ -73.787707426374681, 40.610365467762392 ], [ -73.787913262143633, 40.610285062700534 ], [ -73.78785894330079, 40.610194384978378 ], [ -73.788659106275475, 40.610090594226833 ], [ -73.788760116609666, 40.609637895678965 ], [ -73.789081601659092, 40.609552805967326 ], [ -73.789018402386446, 40.609222206944672 ], [ -73.789953893623576, 40.60898156632603 ], [ -73.790111670833468, 40.608859453330531 ], [ -73.790012642726438, 40.608685463306976 ], [ -73.790472694918037, 40.608456187914378 ], [ -73.790380206145684, 40.608245490173012 ], [ -73.790856213254429, 40.608048067245427 ], [ -73.790876591002032, 40.607695588784992 ], [ -73.791338996044317, 40.607738045853935 ], [ -73.791397210120692, 40.607610854747378 ], [ -73.791598950081166, 40.607809510119345 ], [ -73.791511146905862, 40.608154521416843 ], [ -73.791157513044539, 40.608251801389258 ], [ -73.791172876726336, 40.6084745986062 ], [ -73.791733026389821, 40.608759343533322 ], [ -73.792749486263276, 40.608646366375574 ], [ -73.793651040954856, 40.608985815471712 ], [ -73.793948936169812, 40.609255632038774 ], [ -73.793845649154207, 40.609417015745535 ], [ -73.794541665146951, 40.609748744979704 ], [ -73.794553692146124, 40.610015601327007 ], [ -73.795056550974067, 40.61048896619431 ], [ -73.79566026939078, 40.61054634634926 ], [ -73.796965819257025, 40.611143529177419 ], [ -73.797367317226659, 40.61115402893568 ], [ -73.797456761957051, 40.611318204396262 ], [ -73.798378692403489, 40.611312481263667 ], [ -73.798525841196764, 40.611515924286927 ], [ -73.798985293944895, 40.61148245721666 ], [ -73.79917318059654, 40.612026246429267 ], [ -73.800015958510713, 40.611638480407791 ], [ -73.800539516772204, 40.611651630324509 ], [ -73.800801259196291, 40.611933903979036 ], [ -73.800239489191455, 40.612081960169292 ], [ -73.799990670715175, 40.612573579828272 ], [ -73.800089789901477, 40.612727977608948 ], [ -73.799934352716051, 40.613143870030441 ], [ -73.799316940774773, 40.613358220089026 ], [ -73.799685101530997, 40.613777474043104 ], [ -73.799517670332122, 40.613906926584491 ], [ -73.799402243669434, 40.614903069234984 ], [ -73.79900252119721, 40.615362598830963 ], [ -73.799008282879683, 40.615582930731847 ], [ -73.798786725441261, 40.615544826149986 ], [ -73.798544656627399, 40.615889596646753 ], [ -73.798163006117477, 40.615716090283613 ], [ -73.798065997173325, 40.615926449979213 ], [ -73.798210993452244, 40.616060366103149 ], [ -73.798060903828357, 40.616326916511255 ], [ -73.797275924972581, 40.61666041255328 ], [ -73.797433341538465, 40.616919232788113 ], [ -73.797410338235153, 40.61714671320604 ], [ -73.797133173534164, 40.61738137966195 ], [ -73.797242981460357, 40.617593763471277 ], [ -73.796783042977211, 40.617704722632666 ], [ -73.797004847788571, 40.618379943958061 ], [ -73.796355679042406, 40.618454684535394 ], [ -73.796188308909095, 40.619609853029239 ], [ -73.795595343084059, 40.620211013104729 ], [ -73.795540272601684, 40.620912629674748 ], [ -73.795022862590613, 40.621291907283336 ], [ -73.795233896641136, 40.621606718870659 ], [ -73.794829575645267, 40.62182737813373 ], [ -73.79446685514668, 40.621785699811163 ], [ -73.794458961006995, 40.621986922036299 ], [ -73.794706500233204, 40.622180682953847 ], [ -73.79457567259594, 40.622519149399423 ], [ -73.793546880174631, 40.622695487317934 ], [ -73.792265680701391, 40.622339427751079 ], [ -73.79142802632299, 40.622277657845437 ], [ -73.79075818793622, 40.622328368324311 ], [ -73.789558142894265, 40.622791994920071 ] ] ], [ [ [ -73.831793169080257, 40.624473586084434 ], [ -73.832279401960747, 40.623735169593523 ], [ -73.832512993886539, 40.623010304377857 ], [ -73.832415514920044, 40.622924796385441 ], [ -73.832750707864278, 40.622828113308394 ], [ -73.833097053353924, 40.622414745835812 ], [ -73.833114929541821, 40.621983834430807 ], [ -73.83324923690202, 40.622016740711487 ], [ -73.833051642686883, 40.621914053800573 ], [ -73.833108220901281, 40.62168088857527 ], [ -73.833682149525842, 40.621381305686455 ], [ -73.833622420023275, 40.622602638829527 ], [ -73.833357819639346, 40.622559727163427 ], [ -73.833084249991856, 40.622761398308157 ], [ -73.833030863846133, 40.623067360007376 ], [ -73.833228501233307, 40.623356510846811 ], [ -73.832676200485977, 40.62390827522686 ], [ -73.832771343808105, 40.62403071789852 ], [ -73.833063108840761, 40.623691260532532 ], [ -73.833259347133861, 40.623831259842383 ], [ -73.833409037705266, 40.623548017888204 ], [ -73.833575506420971, 40.623597917279284 ], [ -73.833559238804483, 40.623936034499977 ], [ -73.833159636042978, 40.624196914655258 ], [ -73.83269995491797, 40.624228036778128 ], [ -73.832156390472477, 40.624692179421132 ], [ -73.831793169080257, 40.624473586084434 ] ] ], [ [ [ -73.773485604187144, 40.625113148721105 ], [ -73.773810244093966, 40.624925596730989 ], [ -73.77383258726536, 40.624944848253485 ], [ -73.773485604187144, 40.625113148721105 ] ] ], [ [ [ -73.812234192165405, 40.625300088367418 ], [ -73.812250577873698, 40.62455183351782 ], [ -73.81243857462384, 40.624534698253996 ], [ -73.812437895434968, 40.624396447773599 ], [ -73.812199389142151, 40.624073876984305 ], [ -73.811734571074524, 40.623866777666109 ], [ -73.811680781777056, 40.623649643699657 ], [ -73.812083441336753, 40.623391728413267 ], [ -73.812515799823117, 40.623539448327641 ], [ -73.81252991145611, 40.623133953359201 ], [ -73.813012651774713, 40.622260227924066 ], [ -73.813250953106007, 40.622558092075018 ], [ -73.813031904918404, 40.623856768421952 ], [ -73.813996829947897, 40.624999172620392 ], [ -73.813861987615752, 40.625043899420696 ], [ -73.814429100287725, 40.625186782534207 ], [ -73.814478707742722, 40.625470874310942 ], [ -73.81383288662272, 40.625926233997639 ], [ -73.812600036122447, 40.626318868060821 ], [ -73.812491495811983, 40.626540675313876 ], [ -73.81198752013151, 40.626022043676514 ], [ -73.812234192165405, 40.625300088367418 ] ] ], [ [ [ -73.798976637912702, 40.625337562413513 ], [ -73.79866235955059, 40.625371825351898 ], [ -73.797815733080085, 40.624453154454912 ], [ -73.797965291265598, 40.624354490399625 ], [ -73.798208778482334, 40.624457244680521 ], [ -73.798754825191835, 40.625077758147583 ], [ -73.799419608463978, 40.624804281492722 ], [ -73.800372652551786, 40.624108341700136 ], [ -73.800362691482135, 40.623935098578606 ], [ -73.799227015098609, 40.624193464368595 ], [ -73.798699318150227, 40.623664822865202 ], [ -73.798677169956022, 40.623434954487621 ], [ -73.799749141032521, 40.621054010188537 ], [ -73.799836366717784, 40.620057742487276 ], [ -73.800162739973658, 40.619626849807815 ], [ -73.800740825508129, 40.619485077652683 ], [ -73.801121745424894, 40.619698781365749 ], [ -73.801813559446146, 40.620831236807589 ], [ -73.802064198536243, 40.620790913796455 ], [ -73.80131044905464, 40.618542873764426 ], [ -73.801493004446257, 40.61840938453804 ], [ -73.801511044494148, 40.617723908062494 ], [ -73.801870937070632, 40.616769360089123 ], [ -73.803474113081592, 40.614400963924943 ], [ -73.803620923268184, 40.616020565629817 ], [ -73.804535171958022, 40.616984037266569 ], [ -73.804478711683927, 40.617553415765492 ], [ -73.804925625351402, 40.618587594611803 ], [ -73.805898706172613, 40.619619112767474 ], [ -73.805642930534731, 40.619891759601828 ], [ -73.806409278666223, 40.621113071688839 ], [ -73.8061672281016, 40.621373794583853 ], [ -73.806291052689787, 40.621736045917274 ], [ -73.806152778473916, 40.621825936168776 ], [ -73.806409505884048, 40.622339556528587 ], [ -73.80594981646442, 40.623380338946468 ], [ -73.80541649344103, 40.623791861933064 ], [ -73.804660386624207, 40.623842938922586 ], [ -73.804699188892457, 40.623987477290676 ], [ -73.803653773017444, 40.624681003693127 ], [ -73.802945731229954, 40.62471800433287 ], [ -73.80196629631449, 40.625227814323033 ], [ -73.801627419722834, 40.625596190231605 ], [ -73.799564419066726, 40.626120235048042 ], [ -73.79906021857397, 40.626580525921817 ], [ -73.798316560797133, 40.626181851214021 ], [ -73.797591903593712, 40.626101422699499 ], [ -73.798976637912702, 40.625337562413513 ] ] ], [ [ [ -73.814293732239548, 40.629142401745916 ], [ -73.814668868408248, 40.627502561822752 ], [ -73.815315492131191, 40.627758544517867 ], [ -73.816173616159176, 40.628901435198983 ], [ -73.816445518978767, 40.629836064927979 ], [ -73.815969758725558, 40.630378718356454 ], [ -73.815276054678066, 40.630228104730222 ], [ -73.814674143052727, 40.629985289404644 ], [ -73.814293732239548, 40.629142401745916 ] ] ], [ [ [ -73.835976467952051, 40.632216695538446 ], [ -73.835063140247215, 40.631844236976349 ], [ -73.835064211954986, 40.631725749520555 ], [ -73.835708398950075, 40.631316697446152 ], [ -73.835937089488638, 40.631349653596509 ], [ -73.836189120939537, 40.631645365872302 ], [ -73.836197456524829, 40.632030148365786 ], [ -73.835976467952051, 40.632216695538446 ] ] ], [ [ [ -73.823375921293433, 40.638987655897644 ], [ -73.822771054386763, 40.635576914085078 ], [ -73.821982013484302, 40.633626223868603 ], [ -73.821846042528094, 40.632040188437365 ], [ -73.820672159424902, 40.628914861429486 ], [ -73.820100034907981, 40.627817036143405 ], [ -73.81825637269327, 40.626996022751939 ], [ -73.818237049847824, 40.626387103716596 ], [ -73.817888680971521, 40.625908450144621 ], [ -73.816230961210991, 40.624689825848328 ], [ -73.816175489830755, 40.624412640035032 ], [ -73.816752647115678, 40.623948497825701 ], [ -73.817952847208218, 40.624093279614826 ], [ -73.818643451154472, 40.623374904357917 ], [ -73.818662042867246, 40.622883156192913 ], [ -73.817548780541358, 40.622087401255918 ], [ -73.817578902893644, 40.621756160877567 ], [ -73.816722383654863, 40.621568292892938 ], [ -73.816623698934919, 40.621967233979873 ], [ -73.816207121147954, 40.622087877251936 ], [ -73.81538719158678, 40.621497779641821 ], [ -73.815307222451821, 40.620687265108877 ], [ -73.815431747042808, 40.620116531242253 ], [ -73.817180538784527, 40.619267274493247 ], [ -73.817444261111262, 40.618911755409208 ], [ -73.817446451389642, 40.618110896493803 ], [ -73.817774298345014, 40.617501121695682 ], [ -73.817517178140463, 40.616396412164498 ], [ -73.817168461370883, 40.615843197722285 ], [ -73.817118936222016, 40.615282192345489 ], [ -73.816526812443485, 40.61494700965865 ], [ -73.817498110362678, 40.614214131565241 ], [ -73.820173480178283, 40.615180619138755 ], [ -73.820758925707054, 40.615232679518691 ], [ -73.821416016413849, 40.615054763934701 ], [ -73.822349611033573, 40.614260026197329 ], [ -73.824103270901205, 40.612326097485621 ], [ -73.824674516379488, 40.612419914122626 ], [ -73.824685843475308, 40.613076418756656 ], [ -73.825753221052707, 40.614192081540104 ], [ -73.827256366329891, 40.613378714124586 ], [ -73.827581929048691, 40.613667659283614 ], [ -73.827875254717952, 40.613697628598437 ], [ -73.82724153726997, 40.61406502057195 ], [ -73.82750222609539, 40.614204666720255 ], [ -73.828455031824959, 40.614216039151742 ], [ -73.830919960014242, 40.615005487033514 ], [ -73.832029709066461, 40.614897699860599 ], [ -73.834018882004287, 40.614381166420692 ], [ -73.833701522722464, 40.620978601344291 ], [ -73.833051415769717, 40.621258402302168 ], [ -73.832548089331567, 40.621751185790373 ], [ -73.831840426398117, 40.621851131654225 ], [ -73.831587987143365, 40.622032807925166 ], [ -73.832676597060271, 40.621863729457694 ], [ -73.832888470888236, 40.622226707580076 ], [ -73.832588686186128, 40.622681386558902 ], [ -73.832261855297574, 40.622754866528851 ], [ -73.831403731476584, 40.622403625632927 ], [ -73.831015724678295, 40.622776203825168 ], [ -73.830681211536913, 40.622625683831693 ], [ -73.83052370974471, 40.622353604344084 ], [ -73.830387231268134, 40.622390847657833 ], [ -73.830073656637651, 40.623043525300382 ], [ -73.830204450037613, 40.623399336499602 ], [ -73.830061159100282, 40.623414968837757 ], [ -73.829956447073258, 40.623705294135931 ], [ -73.82986943301313, 40.623397080144329 ], [ -73.829787888331012, 40.623662792866362 ], [ -73.829478026988696, 40.623762681235661 ], [ -73.829188092235086, 40.624200612352972 ], [ -73.829661769562051, 40.624192513175736 ], [ -73.830113248014484, 40.62382876015225 ], [ -73.83052465124355, 40.622866382048336 ], [ -73.830332944510204, 40.622841451566529 ], [ -73.830414343542941, 40.622632073894188 ], [ -73.830878166252916, 40.622861620455261 ], [ -73.830877675566569, 40.623055273441054 ], [ -73.830604529936963, 40.623255566914224 ], [ -73.830707269030512, 40.623741612471044 ], [ -73.830510590699916, 40.623853993168225 ], [ -73.830461515762096, 40.624072221034616 ], [ -73.830767498379942, 40.62368008429879 ], [ -73.830653035874008, 40.623260919896907 ], [ -73.830976802276624, 40.623143443177518 ], [ -73.831095180378625, 40.622928837873147 ], [ -73.831531987086834, 40.622878424490274 ], [ -73.831928590300038, 40.623195892897868 ], [ -73.831742244833904, 40.622876972518796 ], [ -73.832134271719156, 40.623176828224771 ], [ -73.831548622818488, 40.624096945590686 ], [ -73.830965008942925, 40.62457612851383 ], [ -73.83092041000836, 40.624830037272503 ], [ -73.831344865570415, 40.625006488972261 ], [ -73.831172191709726, 40.625209973436249 ], [ -73.830769027364568, 40.625304272139424 ], [ -73.830951609087791, 40.625527814545514 ], [ -73.830679827789666, 40.625812089945711 ], [ -73.830627617810947, 40.626177624155936 ], [ -73.830823814134732, 40.626811452908001 ], [ -73.831669165548178, 40.627133650271723 ], [ -73.832178743657806, 40.626969729985632 ], [ -73.832303014961965, 40.627078758413852 ], [ -73.832192379565427, 40.627374434231903 ], [ -73.832473930970366, 40.627575791812234 ], [ -73.83228937353509, 40.628133707482142 ], [ -73.83177644033681, 40.628172030732202 ], [ -73.831566868123005, 40.628478725917041 ], [ -73.831617462284171, 40.628752311149199 ], [ -73.831877222334484, 40.628881074079821 ], [ -73.831632692104662, 40.628523477340309 ], [ -73.831886320308158, 40.628177773852407 ], [ -73.832138744884745, 40.628309315838763 ], [ -73.832626050568038, 40.628265371769203 ], [ -73.833011544813488, 40.627919857691019 ], [ -73.833041009077476, 40.628261271060559 ], [ -73.832865287316821, 40.628408350262603 ], [ -73.83289548956779, 40.628903478733015 ], [ -73.832360366712209, 40.629142257747347 ], [ -73.831960807681327, 40.629652729879318 ], [ -73.831896663981922, 40.630572394052166 ], [ -73.83114653243689, 40.632843912759348 ], [ -73.831331128641366, 40.633617691427666 ], [ -73.83193878472683, 40.634236225428481 ], [ -73.831957877866884, 40.634978880565832 ], [ -73.83249094435719, 40.635578551835572 ], [ -73.833406079792255, 40.638501355899095 ], [ -73.832899743611975, 40.638862685066847 ], [ -73.832216588191812, 40.638928490220806 ], [ -73.828667821097341, 40.636614718448016 ], [ -73.828085673532854, 40.635879726836649 ], [ -73.825916579346654, 40.635747412844246 ], [ -73.825050982339761, 40.63590526066745 ], [ -73.824430324971715, 40.636216520538177 ], [ -73.824135776900704, 40.638787996704593 ], [ -73.824573798903302, 40.639353873239244 ], [ -73.82419331921291, 40.639954072163093 ], [ -73.823375921293433, 40.638987655897644 ] ] ] ] } },
{ "type": "Feature", "properties": { "NTA2020": "QN8492" }, "geometry": { "type": "Polygon", "coordinates": [ [ [ -73.863087675287503, 40.567597728869409 ], [ -73.86268391251231, 40.566505656043525 ], [ -73.863004829437841, 40.566875957730879 ], [ -73.863493063602107, 40.567034311734034 ], [ -73.865576083572108, 40.56656001470018 ], [ -73.866610892955677, 40.566093865188826 ], [ -73.866309412324412, 40.565546064124895 ], [ -73.866630057150644, 40.566090111654084 ], [ -73.866884010598383, 40.56608397627609 ], [ -73.868486948458795, 40.565527010301558 ], [ -73.868251175501754, 40.565069489459674 ], [ -73.86862321827094, 40.565538008775029 ], [ -73.870622148152478, 40.564813309494163 ], [ -73.870275884646986, 40.564174653597405 ], [ -73.870640941506039, 40.564809945217377 ], [ -73.870913162064838, 40.564764585510751 ], [ -73.872639712804585, 40.564084184026797 ], [ -73.872378780473923, 40.563575116058956 ], [ -73.872746497841277, 40.564105447332302 ], [ -73.873206280370724, 40.564060271744346 ], [ -73.874598943289328, 40.563508646331059 ], [ -73.876246426904046, 40.563100996547838 ], [ -73.88026644423222, 40.561532741337459 ], [ -73.880290222546904, 40.561374550896879 ], [ -73.881282492213145, 40.561372133879608 ], [ -73.882415867282987, 40.560910897001577 ], [ -73.882374416797418, 40.560760430809836 ], [ -73.882520570005909, 40.560881395413453 ], [ -73.883247415621511, 40.560855921987716 ], [ -73.884884368866764, 40.560182368041197 ], [ -73.884859494798661, 40.560042807458032 ], [ -73.885112777988809, 40.560150961737293 ], [ -73.886111096844729, 40.559921919029193 ], [ -73.886961706830832, 40.559558154144547 ], [ -73.886975108011583, 40.559400482998534 ], [ -73.88707182997247, 40.559542104885836 ], [ -73.887892561063865, 40.559510651379568 ], [ -73.889385921666658, 40.558920400147919 ], [ -73.889639475428979, 40.55866435179405 ], [ -73.89021653553587, 40.558811549121664 ], [ -73.890795896303672, 40.55861937890721 ], [ -73.89192354828397, 40.558160421525081 ], [ -73.892138643961943, 40.557871541494059 ], [ -73.892527450993128, 40.558119294045149 ], [ -73.893470650505563, 40.557945578638609 ], [ -73.894951424994204, 40.557293925409439 ], [ -73.894918172664035, 40.557078795795718 ], [ -73.895184586969563, 40.557385037150873 ], [ -73.895511887710853, 40.557414270149707 ], [ -73.896995229426608, 40.556891791638783 ], [ -73.897079561166905, 40.556657433587219 ], [ -73.897356886193151, 40.55699842304184 ], [ -73.897995147968132, 40.557102137180266 ], [ -73.899117184264057, 40.556800353794209 ], [ -73.89912995192735, 40.55664117338587 ], [ -73.900275959190509, 40.556603894783265 ], [ -73.900585817867352, 40.556422209526907 ], [ -73.900701155158345, 40.556633568543255 ], [ -73.901240016410867, 40.556759743746106 ], [ -73.902794226797084, 40.556732995094272 ], [ -73.9065857492389, 40.555710625377017 ], [ -73.919481222778487, 40.550624815347028 ], [ -73.926419093968093, 40.548155780319981 ], [ -73.930546318274452, 40.546425920804666 ], [ -73.936118529392232, 40.54451641432307 ], [ -73.938897562927465, 40.543239735702315 ], [ -73.940471611977273, 40.542863121313047 ], [ -73.94055777426162, 40.54186051024039 ], [ -73.940735455132312, 40.541833960453076 ], [ -73.940129703021938, 40.548005292338253 ], [ -73.940084718779843, 40.550545943050295 ], [ -73.940295835514746, 40.551992014954365 ], [ -73.940119149011409, 40.553232636763028 ], [ -73.939505843711032, 40.554610395708956 ], [ -73.938655638315964, 40.555676592263936 ], [ -73.936284948416954, 40.556999467599205 ], [ -73.935094121374249, 40.557269533479747 ], [ -73.933303894017342, 40.557334163002523 ], [ -73.932222041603765, 40.557676341960175 ], [ -73.931671918598184, 40.556849316363007 ], [ -73.931186509953051, 40.557015831327469 ], [ -73.929822919077679, 40.554074863540428 ], [ -73.929653742718997, 40.554124924183441 ], [ -73.92909878255746, 40.553093445098447 ], [ -73.922066125021004, 40.555149255465686 ], [ -73.920986314596973, 40.556275094438725 ], [ -73.913603618257909, 40.556468074544597 ], [ -73.913165281809981, 40.556343214140085 ], [ -73.909889457763029, 40.556673069593081 ], [ -73.909899885144668, 40.557117218095769 ], [ -73.910078292922677, 40.557314419967049 ], [ -73.909952989936215, 40.56050111275183 ], [ -73.910095022912685, 40.560772363344199 ], [ -73.908072964581422, 40.5607937232216 ], [ -73.903330229404773, 40.561846616768165 ], [ -73.882756802462069, 40.567569861621706 ], [ -73.883130947743226, 40.568380626014111 ], [ -73.882629706406789, 40.568368929825155 ], [ -73.881922589101464, 40.568731441525593 ], [ -73.878674673616985, 40.568639939837993 ], [ -73.877400179667973, 40.568926178831262 ], [ -73.86663956227197, 40.574099218934478 ], [ -73.862883018908008, 40.57605976175735 ], [ -73.862750615984396, 40.575857984982257 ], [ -73.863966419918839, 40.575026786720912 ], [ -73.863347400683935, 40.574021232448558 ], [ -73.864493029112708, 40.573542775759265 ], [ -73.864572453001827, 40.573690011972246 ], [ -73.866683599622505, 40.572988328529398 ], [ -73.864541761109436, 40.569242922956562 ], [ -73.864466329330313, 40.569141786025078 ], [ -73.864068023903869, 40.569297979214639 ], [ -73.863087675287503, 40.567597728869409 ] ] ] } },
{ "type": "Feature", "properties": { "NTA2020": "SI0101" }, "geometry": { "type": "Polygon", "coordinates": [ [ [ -74.072581339395555, 40.637941875094278 ], [ -74.076839977144274, 40.637750259620063 ], [ -74.078788311015842, 40.638268558586134 ], [ -74.081779405184847, 40.636623014755017 ], [ -74.083733972104952, 40.63573714455967 ], [ -74.085878828332426, 40.636691590004055 ], [ -74.086905928279094, 40.635857243633836 ], [ -74.088705823398257, 40.636845206780798 ], [ -74.08922167759772, 40.63608808091486 ], [ -74.089703782714025, 40.635682500984075 ], [ -74.090591193741176, 40.635465119066986 ], [ -74.09243894057937, 40.635596384742335 ], [ -74.093389422523231, 40.636599554995641 ], [ -74.094093124900681, 40.639266913730857 ], [ -74.097672907888295, 40.638960679170346 ], [ -74.097879691757029, 40.640358055493728 ], [ -74.099904096705075, 40.64016295461321 ], [ -74.100391667338926, 40.643118366157402 ], [ -74.099569389293961, 40.643155281446482 ], [ -74.099716003942106, 40.644758871160199 ], [ -74.10090273204726, 40.644773235424829 ], [ -74.100727555737009, 40.645013292091562 ], [ -74.100132346637167, 40.644920376571385 ], [ -74.100132192533636, 40.645064050952548 ], [ -74.098800668858075, 40.645047034310821 ], [ -74.098499816255071, 40.645370361953773 ], [ -74.096045552815809, 40.645372747442721 ], [ -74.092988281876458, 40.645972780752508 ], [ -74.093005072963066, 40.646076314816845 ], [ -74.091356979420098, 40.64670072410054 ], [ -74.089397525353405, 40.647310359531275 ], [ -74.087674426814999, 40.648235293614825 ], [ -74.085707543782121, 40.648880553370503 ], [ -74.084844032157164, 40.648891147339491 ], [ -74.082212729149362, 40.648280162290106 ], [ -74.081422282037408, 40.648504725446841 ], [ -74.080518237883595, 40.648245514732722 ], [ -74.079809964287037, 40.64838331298796 ], [ -74.076506571528583, 40.646968818183389 ], [ -74.074452825636413, 40.645067488220683 ], [ -74.073958399764649, 40.645193205445558 ], [ -74.073591079192767, 40.64499892804303 ], [ -74.073498513676199, 40.645083373475131 ], [ -74.073856536847259, 40.645424816099634 ], [ -74.073338138569838, 40.645783116162285 ], [ -74.073245394648509, 40.645704925269563 ], [ -74.073690118064988, 40.645305724557417 ], [ -74.073238538107603, 40.644963863909858 ], [ -74.073025205072014, 40.645131238320189 ], [ -74.073202259546974, 40.644943941243554 ], [ -74.073055598817206, 40.644807917840957 ], [ -74.073425907475865, 40.645000568012662 ], [ -74.073121841835089, 40.644714799468971 ], [ -74.072798503414958, 40.644910123768774 ], [ -74.072587755538706, 40.644790863173675 ], [ -74.072703082676028, 40.644645595627573 ], [ -74.072564682329528, 40.644719748858186 ], [ -74.072666307712041, 40.644620920659541 ], [ -74.072532220257301, 40.644556792170263 ], [ -74.072724671450786, 40.644620883766123 ], [ -74.072698287990264, 40.644441273467386 ], [ -74.071658297597835, 40.645033746435047 ], [ -74.072309190467919, 40.644577753554763 ], [ -74.072018432132381, 40.644411932940876 ], [ -74.072291902818222, 40.644266047820459 ], [ -74.072184886016146, 40.64411046489257 ], [ -74.071860808708749, 40.644201761770184 ], [ -74.071756480877809, 40.644011845498632 ], [ -74.072058175060363, 40.643900427698654 ], [ -74.072000801554765, 40.6437811329696 ], [ -74.071649694085195, 40.643786885724651 ], [ -74.07159679201159, 40.643460157488661 ], [ -74.071356121766328, 40.643497304556064 ], [ -74.071490900638921, 40.643428740585932 ], [ -74.071416597165154, 40.643193109595785 ], [ -74.071131057209357, 40.643205263678304 ], [ -74.071502631474559, 40.643129304695506 ], [ -74.07147777322615, 40.642808293775019 ], [ -74.071648921989947, 40.642679931679666 ], [ -74.071703519672681, 40.642796335280003 ], [ -74.072184349690403, 40.642714093289122 ], [ -74.072109524446319, 40.642463216792784 ], [ -74.070374309905958, 40.642691403053185 ], [ -74.070329237153899, 40.642526128132324 ], [ -74.073238291835963, 40.642184736082385 ], [ -74.07314400585976, 40.641852973977585 ], [ -74.070246586986613, 40.642206974296904 ], [ -74.070193995592717, 40.642007503307923 ], [ -74.07308689819385, 40.641636814969658 ], [ -74.072890056096298, 40.640922672876073 ], [ -74.070018491487403, 40.641278132237531 ], [ -74.069983546538978, 40.64106894261424 ], [ -74.072850411949375, 40.640803688445054 ], [ -74.072776900111094, 40.640528963147375 ], [ -74.073077258377452, 40.640513311796347 ], [ -74.073090355787841, 40.638618999685896 ], [ -74.072929333847483, 40.638592649838259 ], [ -74.073014445622078, 40.638409384118852 ], [ -74.072388529502959, 40.638245265996758 ], [ -74.072606327975507, 40.638136308347043 ], [ -74.072581339395555, 40.637941875094278 ] ] ] } },
{ "type": "Feature", "properties": { "NTA2020": "SI0102" }, "geometry": { "type": "Polygon", "coordinates": [ [ [ -74.072581339395555, 40.637941875094278 ], [ -74.073483538017257, 40.637787357935643 ], [ -74.073534475933656, 40.637641722632296 ], [ -74.073373428880359, 40.636610725639429 ], [ -74.072094838075088, 40.636647277624611 ], [ -74.073358220455958, 40.636536094165187 ], [ -74.072907539676208, 40.63363436768104 ], [ -74.073328213164061, 40.632058442990356 ], [ -74.072984746123254, 40.630308978981496 ], [ -74.068021735439515, 40.628787585185492 ], [ -74.068130192479913, 40.628539046091532 ], [ -74.072911779365597, 40.629996379406528 ], [ -74.072295202826723, 40.627138427008106 ], [ -74.073192060538346, 40.627070530425783 ], [ -74.073515823078637, 40.626864261503599 ], [ -74.075646136699731, 40.626663718556074 ], [ -74.074233250868133, 40.624221079209569 ], [ -74.072928739714001, 40.622971675226289 ], [ -74.07116568704852, 40.620698786287946 ], [ -74.071181111211459, 40.619979027241129 ], [ -74.071406082771617, 40.619431378949955 ], [ -74.07225884864971, 40.618523275339307 ], [ -74.073744594980397, 40.617640772857087 ], [ -74.074546768481397, 40.616942929617295 ], [ -74.074878057275185, 40.617421374546211 ], [ -74.078317657367236, 40.615561470787952 ], [ -74.081103325246914, 40.617788746038464 ], [ -74.087209828275135, 40.613306973504393 ], [ -74.087472185395086, 40.614560803337412 ], [ -74.087851476545211, 40.61524307368353 ], [ -74.086571577687977, 40.617169386721116 ], [ -74.086185717166231, 40.618057359101776 ], [ -74.084962118766612, 40.62462523303352 ], [ -74.084154198756849, 40.626267115430323 ], [ -74.083622368155005, 40.626922578122887 ], [ -74.082616217217932, 40.627434701271461 ], [ -74.080843714524946, 40.627379491044636 ], [ -74.080516019911045, 40.628099884470664 ], [ -74.079724922436014, 40.628950688395989 ], [ -74.081731353837355, 40.630012225930976 ], [ -74.081406154509509, 40.63030123606562 ], [ -74.084913216641809, 40.633639924178183 ], [ -74.085749289996727, 40.633955557725358 ], [ -74.084436475786248, 40.635405248048912 ], [ -74.081779405184847, 40.636623014755017 ], [ -74.078911515783659, 40.638240383420261 ], [ -74.07854540142209, 40.638293380107854 ], [ -74.076839977144274, 40.637750259620063 ], [ -74.072581339395555, 40.637941875094278 ] ] ] } },
{ "type": "Feature", "properties": { "NTA2020": "SI0103" }, "geometry": { "type": "Polygon", "coordinates": [ [ [ -74.05677181703112, 40.607899540087708 ], [ -74.065170912507782, 40.604213508846328 ], [ -74.064300605680529, 40.603095295535503 ], [ -74.063978586430181, 40.602143957656914 ], [ -74.073607986524337, 40.605504957136581 ], [ -74.075799041548805, 40.605934028025345 ], [ -74.081269028541072, 40.606148027476436 ], [ -74.083710911080104, 40.606441259319098 ], [ -74.085757704759857, 40.607014372997703 ], [ -74.090557112826772, 40.609001151341658 ], [ -74.089588116735399, 40.609848086951615 ], [ -74.087209828275135, 40.613306973504393 ], [ -74.081103325246914, 40.617788746038464 ], [ -74.078317657367236, 40.615561470787952 ], [ -74.074878057275185, 40.617421374546211 ], [ -74.074546768481397, 40.616942929617295 ], [ -74.07183293044929, 40.618900751466064 ], [ -74.071235983185076, 40.619791315868184 ], [ -74.07116568704852, 40.620698786287946 ], [ -74.072928739714001, 40.622971675226289 ], [ -74.074233250868133, 40.624221079209569 ], [ -74.075646136699731, 40.626663718556074 ], [ -74.072880588393033, 40.626929028468879 ], [ -74.072705433772811, 40.626874148562877 ], [ -74.072255009557722, 40.624608750193993 ], [ -74.070027350615774, 40.62145406385072 ], [ -74.066493352963832, 40.618897601595201 ], [ -74.06596065271782, 40.619359015593766 ], [ -74.066409889532991, 40.618864467567107 ], [ -74.066199079548696, 40.618722481288799 ], [ -74.065572808412114, 40.619274543599964 ], [ -74.065445860694822, 40.619202628289337 ], [ -74.066682079829249, 40.61806749593854 ], [ -74.066415587151781, 40.61787249816561 ], [ -74.066049915359088, 40.618195410352769 ], [ -74.065698647441437, 40.617956415586619 ], [ -74.065465499527548, 40.618107070280821 ], [ -74.064961892804817, 40.617772399067881 ], [ -74.064357051586683, 40.618245944865635 ], [ -74.064257217515916, 40.61817168758558 ], [ -74.065099084072074, 40.617510956125471 ], [ -74.064436620050259, 40.617062414602593 ], [ -74.064012117020411, 40.617402226133507 ], [ -74.063908922403627, 40.61732882514908 ], [ -74.064327458580493, 40.616988503022192 ], [ -74.063761299831668, 40.616798750007305 ], [ -74.063766686781236, 40.616603630840309 ], [ -74.061439614572762, 40.614378020699625 ], [ -74.060336807919697, 40.611901879717095 ], [ -74.059854443285801, 40.612102958105567 ], [ -74.060016251162352, 40.612763687895438 ], [ -74.060197727955568, 40.612786375429401 ], [ -74.059999197775412, 40.612783899115747 ], [ -74.059769307381828, 40.612056647139376 ], [ -74.060272248099452, 40.611819639939235 ], [ -74.059430762503041, 40.611654374671147 ], [ -74.058901334215236, 40.611002286486332 ], [ -74.05912333939817, 40.610822289089128 ], [ -74.059085843086606, 40.610633676751938 ], [ -74.057163838789805, 40.608742783103715 ], [ -74.05677181703112, 40.607899540087708 ] ] ] } },
{ "type": "Feature", "properties": { "NTA2020": "SI0104" }, "geometry": { "type": "Polygon", "coordinates": [ [ [ -74.109739325644838, 40.645463728184765 ], [ -74.104722215997569, 40.645563657399521 ], [ -74.104651985977853, 40.645299596632846 ], [ -74.107797780940331, 40.645226161950035 ], [ -74.107159060999649, 40.64420348103895 ], [ -74.106546526659471, 40.644241295947445 ], [ -74.105422864892901, 40.638898966945263 ], [ -74.099904096705075, 40.64016295461321 ], [ -74.097879691756972, 40.640358055493728 ], [ -74.097672907888239, 40.638960679170403 ], [ -74.094093124900638, 40.639266913730893 ], [ -74.093389422523174, 40.636599554995641 ], [ -74.092438940579328, 40.635596384742335 ], [ -74.090591193741133, 40.635465119066986 ], [ -74.089703782714025, 40.63568250098411 ], [ -74.089221677597735, 40.63608808091486 ], [ -74.088705823398215, 40.636845206780798 ], [ -74.086905928279094, 40.635857243633886 ], [ -74.085878828332369, 40.636691590004091 ], [ -74.083733972104952, 40.635737144559705 ], [ -74.084436475786248, 40.635405248048912 ], [ -74.085749289996727, 40.633955557725358 ], [ -74.084913216641752, 40.633639924178183 ], [ -74.081406154509466, 40.63030123606562 ], [ -74.081731353837355, 40.630012225930976 ], [ -74.079724922436014, 40.628950688396031 ], [ -74.080516019911045, 40.628099884470664 ], [ -74.080843714524946, 40.627379491044636 ], [ -74.082988089291604, 40.627350072842994 ], [ -74.083622368155005, 40.62692257812293 ], [ -74.084154198756849, 40.626267115430359 ], [ -74.084962118766541, 40.624625233033562 ], [ -74.08622370441023, 40.617944065498769 ], [ -74.08657157768792, 40.617169386721116 ], [ -74.087851441364663, 40.61524323621353 ], [ -74.087472185395086, 40.614560803337412 ], [ -74.087209828275078, 40.613306973504393 ], [ -74.089588116735399, 40.609848086951651 ], [ -74.090557112826772, 40.609001151341687 ], [ -74.092567964409824, 40.60982595932483 ], [ -74.094335005905918, 40.610328012155783 ], [ -74.095451943997247, 40.610495948271158 ], [ -74.097660088117408, 40.61050774762424 ], [ -74.09987733805653, 40.612918653026533 ], [ -74.102094343136699, 40.614600490702557 ], [ -74.10350925295981, 40.616416075397723 ], [ -74.105695125886143, 40.618737987370039 ], [ -74.110943927997681, 40.621194488999208 ], [ -74.113262495578113, 40.623054425040827 ], [ -74.118202200553156, 40.625086782077133 ], [ -74.120128879588634, 40.626536153487322 ], [ -74.121256779275782, 40.627822750339604 ], [ -74.123033934025159, 40.62901121601481 ], [ -74.124891679410922, 40.63172799060407 ], [ -74.116836195500483, 40.632674818338124 ], [ -74.117199471399516, 40.634568098129961 ], [ -74.120238366613677, 40.634300559849187 ], [ -74.120629629794962, 40.636572749987479 ], [ -74.117549022606397, 40.636953633338969 ], [ -74.117693935488077, 40.639433146130763 ], [ -74.118067104505187, 40.641297919132725 ], [ -74.120932870927831, 40.640908708822472 ], [ -74.11960716747862, 40.64138030935419 ], [ -74.119956998757601, 40.642209453429103 ], [ -74.119426312924887, 40.641423524687312 ], [ -74.119097204937219, 40.641473466523401 ], [ -74.119400295324553, 40.642379378532794 ], [ -74.119003482003919, 40.641464615012737 ], [ -74.118616352362736, 40.64153036502907 ], [ -74.118960774023464, 40.642504515993281 ], [ -74.118836246169423, 40.642541864060441 ], [ -74.11840185083544, 40.641529800542955 ], [ -74.117917286831357, 40.64182587695219 ], [ -74.117698503194106, 40.641543133285936 ], [ -74.117121006303918, 40.641667857045924 ], [ -74.117224082829537, 40.641844093080159 ], [ -74.116721876638877, 40.64203175609665 ], [ -74.117224700825432, 40.643027359962623 ], [ -74.116599759240913, 40.642109982964051 ], [ -74.116304813659269, 40.642280198811946 ], [ -74.116670413826881, 40.643189824892865 ], [ -74.116142086357158, 40.642216454150379 ], [ -74.115350821829253, 40.642470540158257 ], [ -74.115117147520536, 40.642784992677896 ], [ -74.113796660860046, 40.643609515807896 ], [ -74.114040531460205, 40.644042502119788 ], [ -74.113950940684774, 40.644136591675299 ], [ -74.112888065109672, 40.644532444637612 ], [ -74.113857093221526, 40.644076011667238 ], [ -74.113653709668966, 40.643687555923641 ], [ -74.113434037371007, 40.643821251324013 ], [ -74.113330231925374, 40.643723497083805 ], [ -74.111161294692522, 40.645096423181336 ], [ -74.111766466500228, 40.644706160344974 ], [ -74.109739325644838, 40.645463728184765 ] ] ] } },
{ "type": "Feature", "properties": { "NTA2020": "SI0105" }, "geometry": { "type": "Polygon", "coordinates": [ [ [ -74.121256779275782, 40.627822750339561 ], [ -74.120128879588634, 40.626536153487322 ], [ -74.118066886507989, 40.625001473345947 ], [ -74.113262495578113, 40.623054425040777 ], [ -74.110943927997752, 40.621194488999208 ], [ -74.105695125886214, 40.618737987370011 ], [ -74.10350925295981, 40.616416075397673 ], [ -74.102094343136756, 40.614600490702557 ], [ -74.09987733805653, 40.612918653026505 ], [ -74.097660088447881, 40.61050774812653 ], [ -74.108985953710373, 40.610124954941789 ], [ -74.110305027871846, 40.610277010560836 ], [ -74.113423300270341, 40.611009405063527 ], [ -74.115640326486442, 40.61109610432375 ], [ -74.117448094494989, 40.610794312852882 ], [ -74.121335818063571, 40.609666498624648 ], [ -74.121385887179699, 40.609909310399424 ], [ -74.124850221648529, 40.609082120789864 ], [ -74.128758994166006, 40.608495794409933 ], [ -74.143544992999097, 40.60768115356742 ], [ -74.146388974525394, 40.608029473419471 ], [ -74.148694047035121, 40.608827952399004 ], [ -74.150522217195572, 40.609910369441607 ], [ -74.153684275358188, 40.612349682133939 ], [ -74.152562038855365, 40.616223981669577 ], [ -74.152086054085487, 40.617320988047126 ], [ -74.147646159999894, 40.622117976115995 ], [ -74.146839036015876, 40.623315991415048 ], [ -74.146112139989015, 40.624933433964074 ], [ -74.144024377896926, 40.624991198113499 ], [ -74.13805791725548, 40.624222500823507 ], [ -74.137002909908944, 40.624347010752068 ], [ -74.135810082780324, 40.625064339588654 ], [ -74.138058494958969, 40.627068517893122 ], [ -74.137891267039024, 40.627452880391978 ], [ -74.138063937124357, 40.627568472142748 ], [ -74.136742377823936, 40.628662536725471 ], [ -74.135861084164134, 40.628061528881915 ], [ -74.134086981959314, 40.629541681216047 ], [ -74.133437312867642, 40.62907434675536 ], [ -74.131074603415144, 40.631147729710626 ], [ -74.130474290095805, 40.630885510243168 ], [ -74.130141415417825, 40.62996520852991 ], [ -74.131309853179573, 40.626328343649142 ], [ -74.122162255041161, 40.627476892666145 ], [ -74.121256779275782, 40.627822750339561 ] ] ] } },
{ "type": "Feature", "properties": { "NTA2020": "SI0106" }, "geometry": { "type": "Polygon", "coordinates": [ [ [ -74.120713175887815, 40.641045782693467 ], [ -74.120932870927888, 40.640908708822472 ], [ -74.118067104505243, 40.641297919132725 ], [ -74.117693935488077, 40.639433146130763 ], [ -74.117549022606397, 40.636953633338969 ], [ -74.120629629795019, 40.636572749987479 ], [ -74.120238366613734, 40.634300559849187 ], [ -74.117199471399559, 40.634568098129911 ], [ -74.116836195500483, 40.632674818338089 ], [ -74.124891679410979, 40.63172799060407 ], [ -74.123033934025159, 40.629011216014753 ], [ -74.121256779275782, 40.627822750339561 ], [ -74.122162255041161, 40.627476892666145 ], [ -74.131309853179573, 40.626328343649142 ], [ -74.130141415417825, 40.62996520852991 ], [ -74.130474290095805, 40.630885510243168 ], [ -74.131074603415144, 40.631147729710626 ], [ -74.133437312867642, 40.62907434675536 ], [ -74.134086981959314, 40.629541681216047 ], [ -74.135861084164134, 40.628061528881915 ], [ -74.136742377823936, 40.628662536725471 ], [ -74.138063937124357, 40.627568472142748 ], [ -74.137891267039024, 40.627452880391978 ], [ -74.138058494958969, 40.627068517893122 ], [ -74.135810082780324, 40.625064339588654 ], [ -74.137002909908944, 40.624347010752068 ], [ -74.13805791725548, 40.624222500823507 ], [ -74.144024377896926, 40.624991198113499 ], [ -74.146112139989015, 40.624933433964074 ], [ -74.145545976660898, 40.626709007845747 ], [ -74.145439398629449, 40.627886597650772 ], [ -74.145935743025532, 40.627826079470168 ], [ -74.146222028148586, 40.629106957185492 ], [ -74.147526190297981, 40.629389288299343 ], [ -74.144782289955145, 40.637953780297323 ], [ -74.143599982922893, 40.638514125688012 ], [ -74.143128024430666, 40.639680373127618 ], [ -74.142577693360494, 40.63953413750184 ], [ -74.142387951493262, 40.639641210829936 ], [ -74.142297669809651, 40.640305807093675 ], [ -74.141556229723534, 40.640366768817046 ], [ -74.141480474034495, 40.640092194295484 ], [ -74.140762536452783, 40.640589396911224 ], [ -74.137575748384819, 40.641001152371153 ], [ -74.137345418920162, 40.641146533790838 ], [ -74.137370017499791, 40.641295463488987 ], [ -74.134352695736311, 40.641886797405199 ], [ -74.134302811853686, 40.641753794909341 ], [ -74.133497197666728, 40.641716901481125 ], [ -74.133415392332807, 40.641547116551038 ], [ -74.13299172393485, 40.641416936664641 ], [ -74.132402835771245, 40.641704388984522 ], [ -74.131255811802575, 40.641596830763874 ], [ -74.131461997648174, 40.641310104075082 ], [ -74.13032503548034, 40.640778472306962 ], [ -74.130123249016762, 40.641016549894204 ], [ -74.130278870430487, 40.64076062251003 ], [ -74.130183700132093, 40.640723826083089 ], [ -74.129677851662279, 40.641385312552913 ], [ -74.129490576373669, 40.641354835195877 ], [ -74.129977402627247, 40.64072987285563 ], [ -74.129307131868515, 40.640337411211 ], [ -74.129229772610628, 40.640484372352425 ], [ -74.128933012099012, 40.640413929487877 ], [ -74.128907290334524, 40.641194827586176 ], [ -74.128812018471294, 40.640226977503936 ], [ -74.1275267724088, 40.640155304716508 ], [ -74.127147745638979, 40.639311056850239 ], [ -74.127027360209993, 40.639319078486913 ], [ -74.127053622052642, 40.640241737639009 ], [ -74.126448239190239, 40.640377994199056 ], [ -74.126069828622931, 40.640254473190019 ], [ -74.126199962916516, 40.641264314302958 ], [ -74.126368086889812, 40.641332380486958 ], [ -74.125640268706022, 40.641418492082309 ], [ -74.126132765512324, 40.641264388028283 ], [ -74.125995424224513, 40.640231242628758 ], [ -74.125578335693945, 40.640147328443661 ], [ -74.124155784450096, 40.640134716640077 ], [ -74.12285630555246, 40.640820508346316 ], [ -74.12260363601618, 40.640597073902754 ], [ -74.122907248985697, 40.641019266617128 ], [ -74.122825654104048, 40.641293876017642 ], [ -74.121841469955697, 40.64140589477423 ], [ -74.121865617993251, 40.641555949826888 ], [ -74.121981463806677, 40.641501066769493 ], [ -74.121874161911549, 40.641578315720892 ], [ -74.121806610820684, 40.641412159075564 ], [ -74.12177911197513, 40.641592547117007 ], [ -74.121558865605863, 40.641621632250065 ], [ -74.121760526027373, 40.641574314559868 ], [ -74.121723753188704, 40.641428664443893 ], [ -74.121326171116507, 40.641606569228884 ], [ -74.121311948296693, 40.641452531325072 ], [ -74.121172462750621, 40.641669145069905 ], [ -74.121280747943644, 40.641432495987154 ], [ -74.12107727405116, 40.641607420086146 ], [ -74.121180395076976, 40.641383445379574 ], [ -74.120713175887815, 40.641045782693467 ] ] ] } },
{ "type": "Feature", "properties": { "NTA2020": "SI0107" }, "geometry": { "type": "MultiPolygon", "coordinates": [ [ [ [ -74.15945602438066, 40.64144833282149 ], [ -74.159978756996153, 40.641446480836407 ], [ -74.161112425220523, 40.641835453234656 ], [ -74.161534031769136, 40.644156282422024 ], [ -74.158097500088687, 40.643757567122734 ], [ -74.157557788559473, 40.643239865980981 ], [ -74.158006334577053, 40.643023675860263 ], [ -74.158199040463373, 40.642595077663422 ], [ -74.158587425681105, 40.642460384083492 ], [ -74.158810937454149, 40.641758635242944 ], [ -74.15945602438066, 40.64144833282149 ] ] ], [ [ [ -74.179895683400304, 40.645268796478099 ], [ -74.179884063614182, 40.645110240366527 ], [ -74.179774527332953, 40.645166679847996 ], [ -74.179729877520359, 40.644380702111938 ], [ -74.179331172494315, 40.644400511772552 ], [ -74.179251233406646, 40.645041876970289 ], [ -74.179074665838939, 40.644646507056578 ], [ -74.179035559285609, 40.643394787020711 ], [ -74.179404828020324, 40.643128966476439 ], [ -74.179587137214099, 40.641917683464079 ], [ -74.179187280674284, 40.642987539493937 ], [ -74.178790784368701, 40.642498503459557 ], [ -74.178483138272213, 40.642521175230506 ], [ -74.178256621460292, 40.642129227868217 ], [ -74.178341270119617, 40.642589475995798 ], [ -74.177812376087743, 40.642599844142111 ], [ -74.177686362998429, 40.642948596519567 ], [ -74.17721118570951, 40.643122778603093 ], [ -74.176823868960355, 40.642859146485918 ], [ -74.176704891511747, 40.642416911284023 ], [ -74.176357866175337, 40.64232722056289 ], [ -74.176687237912247, 40.64255213862122 ], [ -74.176667955382456, 40.643386844771655 ], [ -74.175981831919216, 40.643463622280763 ], [ -74.175602509544291, 40.64331129867243 ], [ -74.175471662552781, 40.644123105461148 ], [ -74.175684707425773, 40.644710284895105 ], [ -74.175466911571988, 40.644646521102331 ], [ -74.175296915450573, 40.645075076818955 ], [ -74.174896205251343, 40.645146047962896 ], [ -74.174586214774564, 40.645016932032171 ], [ -74.174365729436076, 40.645136258645472 ], [ -74.172941238916536, 40.644204522855887 ], [ -74.173001545856522, 40.643585405079634 ], [ -74.17244784485068, 40.643421570750853 ], [ -74.172361653865806, 40.643256267551891 ], [ -74.172721453051892, 40.642948498996624 ], [ -74.172440278620144, 40.642812047661273 ], [ -74.171963305659929, 40.642858132693334 ], [ -74.171508110997294, 40.643134442090862 ], [ -74.171335872818076, 40.642855765051991 ], [ -74.17186042582577, 40.642522928518893 ], [ -74.171750127870297, 40.642516756194787 ], [ -74.171849272451226, 40.64238040270812 ], [ -74.17172186950495, 40.64193954418149 ], [ -74.171478789894508, 40.641702509993621 ], [ -74.171587219237352, 40.641029593394514 ], [ -74.172023158523501, 40.640989215160332 ], [ -74.172938961754014, 40.640579552697439 ], [ -74.172987988003115, 40.640489105066273 ], [ -74.172024461668585, 40.640955465382945 ], [ -74.171569946854234, 40.64101153209279 ], [ -74.171386518593536, 40.641422736021511 ], [ -74.171373823505107, 40.642085015268094 ], [ -74.171050172398921, 40.642593819129999 ], [ -74.171275244456083, 40.642111682767741 ], [ -74.171192609512076, 40.641739626513996 ], [ -74.17028635441109, 40.641775308255902 ], [ -74.170078786510459, 40.642086160575488 ], [ -74.169152955691374, 40.641872859874397 ], [ -74.169064316288654, 40.642130016798617 ], [ -74.167740940513568, 40.641727774498527 ], [ -74.167576070925065, 40.641844793608058 ], [ -74.166533757928363, 40.641422637883693 ], [ -74.166215999171754, 40.64242410073053 ], [ -74.16609989896034, 40.642406587001226 ], [ -74.16631887292462, 40.641436675004975 ], [ -74.16580110755902, 40.641224511449508 ], [ -74.165634097637977, 40.641214371375696 ], [ -74.165443100823964, 40.642280546708584 ], [ -74.164941390413063, 40.642209000391901 ], [ -74.165190417582352, 40.640642305779409 ], [ -74.164734265368068, 40.640391467024862 ], [ -74.164571323668511, 40.641418662098502 ], [ -74.164414596492392, 40.641396785228672 ], [ -74.164596565975799, 40.640315745545017 ], [ -74.164168868136315, 40.639994110230361 ], [ -74.164001790014183, 40.641065860006812 ], [ -74.16386249420357, 40.641052797343832 ], [ -74.164047315166428, 40.639946658799559 ], [ -74.163944913666995, 40.63991460631857 ], [ -74.163454456819991, 40.639856560398272 ], [ -74.163245779326274, 40.640957419688206 ], [ -74.162805027894336, 40.641038187922312 ], [ -74.161675346942346, 40.640610784766807 ], [ -74.162284652520853, 40.638765652772335 ], [ -74.161818566122577, 40.638646278777657 ], [ -74.16144917826891, 40.639428337170926 ], [ -74.161302218015479, 40.639393734457052 ], [ -74.161660107069949, 40.638664993313313 ], [ -74.161240158149852, 40.638595011113637 ], [ -74.160904907705131, 40.639386141318639 ], [ -74.160736548724771, 40.639351014475466 ], [ -74.161081617589062, 40.638567768312555 ], [ -74.160811268407414, 40.638632958888842 ], [ -74.160348199931661, 40.638443726453502 ], [ -74.15986410465041, 40.639927823692801 ], [ -74.160224664531, 40.638339061337732 ], [ -74.160057540660986, 40.638722352749895 ], [ -74.159856977679013, 40.638729202219466 ], [ -74.159577123979147, 40.637992583211933 ], [ -74.159227116229459, 40.63779611975707 ], [ -74.159056223788937, 40.638039310319826 ], [ -74.15900957887429, 40.638822577909821 ], [ -74.158895323508489, 40.638815277131236 ], [ -74.158932991606648, 40.638264017819026 ], [ -74.157892629538807, 40.637965051231149 ], [ -74.157841222729132, 40.638873914966162 ], [ -74.157733525723486, 40.638879035165324 ], [ -74.157773659369099, 40.637957159746094 ], [ -74.15610276490888, 40.637939590886141 ], [ -74.156114882647387, 40.637530747164448 ], [ -74.155698620531524, 40.637517938904175 ], [ -74.155685157699125, 40.637787482407148 ], [ -74.154829324618561, 40.637723855418812 ], [ -74.154692638645258, 40.639193968114235 ], [ -74.154778290119879, 40.637721545550917 ], [ -74.154596701633267, 40.63734334406908 ], [ -74.154252700735185, 40.63717231088831 ], [ -74.153414065977898, 40.637272719079306 ], [ -74.152797035114034, 40.63713275485258 ], [ -74.152697004496673, 40.63764184172468 ], [ -74.152218068844775, 40.637692581716877 ], [ -74.152297861755017, 40.638274288263602 ], [ -74.152136758999148, 40.638290747955679 ], [ -74.152046392332664, 40.637667215315503 ], [ -74.151195450071782, 40.637730788536189 ], [ -74.151395176136504, 40.639396513057477 ], [ -74.151248279665722, 40.639409342885948 ], [ -74.151129650903698, 40.638500679571358 ], [ -74.150556388420839, 40.638559330667292 ], [ -74.149967820905459, 40.638150075249271 ], [ -74.149678898308863, 40.637517674260614 ], [ -74.149447329000509, 40.637405399485509 ], [ -74.149312355973336, 40.637525958140429 ], [ -74.149418817083401, 40.63829164054701 ], [ -74.149194181556879, 40.638668331371974 ], [ -74.148881755437699, 40.63870520797326 ], [ -74.148558150923179, 40.637437838029861 ], [ -74.148777920058848, 40.638876251127741 ], [ -74.146021731017186, 40.639094549700737 ], [ -74.146057336183873, 40.639229257689905 ], [ -74.145192794815415, 40.639378497654768 ], [ -74.144671332341701, 40.639304267726821 ], [ -74.14386163595745, 40.638887962514119 ], [ -74.14374959918905, 40.638961577750642 ], [ -74.143817345302708, 40.639207478923986 ], [ -74.143573085937888, 40.639226785257158 ], [ -74.143361030108352, 40.63970984518113 ], [ -74.143128024430666, 40.639680373127618 ], [ -74.143599982922893, 40.638514125688012 ], [ -74.144782289955145, 40.637953780297323 ], [ -74.147526190297981, 40.629389288299343 ], [ -74.146222028148586, 40.629106957185492 ], [ -74.145935743025532, 40.627826079470168 ], [ -74.145439398629449, 40.627886597650772 ], [ -74.145577013866614, 40.626574016304467 ], [ -74.146385937788239, 40.624200989171499 ], [ -74.147123991824287, 40.622859017815735 ], [ -74.148161117357105, 40.621471782790543 ], [ -74.151989958374216, 40.617478022559581 ], [ -74.152459946239048, 40.616537993470793 ], [ -74.153684275358188, 40.612349682133939 ], [ -74.158980696372353, 40.616367524989208 ], [ -74.163129994060327, 40.618846982233933 ], [ -74.168123052894984, 40.621048031218884 ], [ -74.172660005106096, 40.621758967787265 ], [ -74.174661012655406, 40.622509025029274 ], [ -74.175728986200326, 40.623231174087095 ], [ -74.179294973287369, 40.626366996574632 ], [ -74.181799075296155, 40.627845436593255 ], [ -74.186069599558692, 40.629954481044834 ], [ -74.186576764842002, 40.630169119114086 ], [ -74.186760194601916, 40.629973359023353 ], [ -74.189879052661425, 40.631357529764152 ], [ -74.196203595503079, 40.634686050233768 ], [ -74.19602904691304, 40.634995848304442 ], [ -74.195576880579679, 40.6350042185706 ], [ -74.195307043564085, 40.635233895517167 ], [ -74.195200969000993, 40.635707944646313 ], [ -74.194494807744576, 40.636449521947924 ], [ -74.194518510916296, 40.63703429194782 ], [ -74.194786896824709, 40.637131511664229 ], [ -74.19462310145191, 40.637391183563707 ], [ -74.193973086276472, 40.637309114698972 ], [ -74.19358317694855, 40.637469116884667 ], [ -74.193719646220941, 40.637566814732736 ], [ -74.186524968975988, 40.643388662171468 ], [ -74.186232098096625, 40.643187396855303 ], [ -74.185908966678554, 40.643631439501782 ], [ -74.185114316148841, 40.643806238290033 ], [ -74.185247935972825, 40.643943526193368 ], [ -74.184835945808473, 40.644128266338761 ], [ -74.184424449663439, 40.643650691576049 ], [ -74.184113190644354, 40.643530083625798 ], [ -74.184064832319194, 40.643323989943212 ], [ -74.184370467738034, 40.643099576889981 ], [ -74.184214440000218, 40.643116895769538 ], [ -74.183954906706418, 40.642494160701155 ], [ -74.183650670640631, 40.642239641050701 ], [ -74.184026111921526, 40.643100409072318 ], [ -74.18384575936912, 40.643266156807414 ], [ -74.183474271664565, 40.642949209571768 ], [ -74.183242122792763, 40.64296367760047 ], [ -74.183800449424211, 40.644431901223086 ], [ -74.183667458720095, 40.644610485050109 ], [ -74.18288931621835, 40.644800282946079 ], [ -74.181184342439266, 40.644586159244909 ], [ -74.180872125132225, 40.644851429678369 ], [ -74.180481739536589, 40.644278924776522 ], [ -74.180040779492302, 40.644288140673694 ], [ -74.179906714555315, 40.644378721166873 ], [ -74.179895683400304, 40.645268796478099 ] ] ] ] } },
{ "type": "Feature", "properties": { "NTA2020": "SI0191" }, "geometry": { "type": "Polygon", "coordinates": [ [ [ -74.100132192533636, 40.645064050952548 ], [ -74.100132346637167, 40.644920376571385 ], [ -74.100727555737009, 40.645013292091562 ], [ -74.10090273204726, 40.644773235424829 ], [ -74.099716003942106, 40.644758871160199 ], [ -74.099569389293961, 40.643155281446482 ], [ -74.100391667338926, 40.643118366157402 ], [ -74.099904096705075, 40.64016295461321 ], [ -74.105422864892901, 40.638898966945206 ], [ -74.106546526659514, 40.644241295947445 ], [ -74.107159060999706, 40.64420348103895 ], [ -74.107797780940331, 40.645226161950035 ], [ -74.104651985977853, 40.645299596632846 ], [ -74.104645777821261, 40.645630469813192 ], [ -74.104123563017453, 40.645740432200142 ], [ -74.103914632503447, 40.645614222131613 ], [ -74.102316793373987, 40.645542600180114 ], [ -74.100132192533636, 40.645064050952548 ] ] ] } },
{ "type": "Feature", "properties": { "NTA2020": "SI0201" }, "geometry": { "type": "Polygon", "coordinates": [ [ [ -74.063978586430181, 40.602143957656914 ], [ -74.061956179339276, 40.60123645544693 ], [ -74.06108414059959, 40.59981639317752 ], [ -74.063759333581416, 40.598934859521854 ], [ -74.059641206620839, 40.593709388392682 ], [ -74.059766606876892, 40.593835258012781 ], [ -74.060553536370577, 40.593379755423605 ], [ -74.062152744325459, 40.592025040542012 ], [ -74.06503332356229, 40.588990998367905 ], [ -74.064360037212481, 40.588267891174823 ], [ -74.064778330329958, 40.588488310725701 ], [ -74.067222768169387, 40.586734449760115 ], [ -74.070963101820453, 40.583181990402629 ], [ -74.07149180521229, 40.582168782652488 ], [ -74.070657815378155, 40.581625625037752 ], [ -74.071466709330096, 40.582027243898153 ], [ -74.071776384311335, 40.581876534661447 ], [ -74.074994130735149, 40.579236557416358 ], [ -74.07350591302189, 40.578401751752629 ], [ -74.073320324965593, 40.578457333511075 ], [ -74.073502638905452, 40.578196640060661 ], [ -74.073496696754631, 40.578327959714493 ], [ -74.075082881926221, 40.579160158755599 ], [ -74.0757981954077, 40.57830925115325 ], [ -74.075234536179622, 40.577998803253209 ], [ -74.075346226482637, 40.577887969068733 ], [ -74.088495965612992, 40.584788424160124 ], [ -74.089121479958024, 40.584142561193488 ], [ -74.092615968106088, 40.585939810669259 ], [ -74.098440008684719, 40.5812417060068 ], [ -74.105257753868415, 40.58592143623823 ], [ -74.102079900522156, 40.588741751690868 ], [ -74.100882516626157, 40.590179216143767 ], [ -74.10092576281815, 40.592350749080985 ], [ -74.10064876578852, 40.593013025178955 ], [ -74.100094378853939, 40.593660501753369 ], [ -74.097002674121072, 40.595473678420795 ], [ -74.093754537752403, 40.596744890307136 ], [ -74.092723051376936, 40.597464263627558 ], [ -74.091782573887414, 40.598719239310675 ], [ -74.091720514980366, 40.599220857513139 ], [ -74.091971849134652, 40.59982426431872 ], [ -74.092900364330617, 40.601358872721534 ], [ -74.092441452522408, 40.6041195864507 ], [ -74.092719092835409, 40.606362123195957 ], [ -74.092399128573078, 40.607072289697108 ], [ -74.090557112826772, 40.609001151341658 ], [ -74.085757704759857, 40.607014372997703 ], [ -74.083710911080104, 40.606441259319098 ], [ -74.081269028541072, 40.606148027476436 ], [ -74.075799041548805, 40.605934028025345 ], [ -74.073607986524337, 40.605504957136581 ], [ -74.063978586430181, 40.602143957656914 ] ] ] } },
{ "type": "Feature", "properties": { "NTA2020": "SI0202" }, "geometry": { "type": "Polygon", "coordinates": [ [ [ -74.076015970438746, 40.578244912792421 ], [ -74.076399283984614, 40.577994854549964 ], [ -74.076297410184395, 40.57789862509339 ], [ -74.076492830772963, 40.57796084612535 ], [ -74.076882264720808, 40.577636789408942 ], [ -74.076737476167423, 40.577372509325471 ], [ -74.076938815287022, 40.577534345088772 ], [ -74.077374725224871, 40.577282158905625 ], [ -74.079263212569089, 40.575671292205719 ], [ -74.078679339389737, 40.57508182572596 ], [ -74.079336405382577, 40.575627204016918 ], [ -74.080178674420495, 40.575180418259507 ], [ -74.084690759914935, 40.571477914442369 ], [ -74.087697375958371, 40.573061884040605 ], [ -74.088133552994719, 40.572827720226755 ], [ -74.089460377176508, 40.571680298374524 ], [ -74.092770582239822, 40.567943410603078 ], [ -74.104709790758648, 40.574005939405339 ], [ -74.106043526483717, 40.572064179624469 ], [ -74.10637577083321, 40.572224370583832 ], [ -74.108740179445334, 40.569916494851121 ], [ -74.094070711094275, 40.562731619461204 ], [ -74.095110633612919, 40.563173273434622 ], [ -74.095423717963271, 40.563154635568594 ], [ -74.09567198061373, 40.562775598245409 ], [ -74.09629202201873, 40.562420830773242 ], [ -74.09819767261925, 40.559836476804655 ], [ -74.098290308237011, 40.559332614156844 ], [ -74.097848159882716, 40.559033669091697 ], [ -74.09876415480899, 40.559423551650895 ], [ -74.099380314327377, 40.558964193361192 ], [ -74.099869247543353, 40.559093501038085 ], [ -74.100095492322183, 40.5589534456225 ], [ -74.110139471719492, 40.564310666831922 ], [ -74.113761611952199, 40.566497189104155 ], [ -74.116363364086936, 40.563915637985907 ], [ -74.124899043723971, 40.568949142947105 ], [ -74.123134927899699, 40.570106791757951 ], [ -74.121445356400031, 40.571775614681108 ], [ -74.121360446987254, 40.572826743739384 ], [ -74.121853335974421, 40.574653181396577 ], [ -74.121537289061422, 40.575153252579454 ], [ -74.119109548632807, 40.576157252229031 ], [ -74.11701410540708, 40.578208687449873 ], [ -74.115616566989686, 40.578492832642638 ], [ -74.113069543993419, 40.580768522920081 ], [ -74.111277065782915, 40.58179072929385 ], [ -74.109248355421116, 40.582678413036014 ], [ -74.105257753868415, 40.58592143623823 ], [ -74.098440008684719, 40.5812417060068 ], [ -74.092615968106088, 40.585939810669259 ], [ -74.089121479958024, 40.584142561193488 ], [ -74.088495965612992, 40.584788424160124 ], [ -74.076015970438746, 40.578244912792421 ] ] ] } },
{ "type": "Feature", "properties": { "NTA2020": "SI0203" }, "geometry": { "type": "Polygon", "coordinates": [ [ [ -74.108571353164379, 40.610114118341158 ], [ -74.095451943997304, 40.610495948271158 ], [ -74.093202032005493, 40.610044985055907 ], [ -74.090557112826772, 40.609001151341658 ], [ -74.092399128573078, 40.607072289697108 ], [ -74.092719080664637, 40.606362223053146 ], [ -74.092441452522408, 40.6041195864507 ], [ -74.092900364330617, 40.601358872721534 ], [ -74.091720514980366, 40.599220857513139 ], [ -74.091928278770325, 40.59850405080747 ], [ -74.092723051376936, 40.597464263627558 ], [ -74.093754537752403, 40.596744890307136 ], [ -74.097002674121072, 40.595473678420795 ], [ -74.100094378853939, 40.593660501753369 ], [ -74.100536748298126, 40.593184929119268 ], [ -74.100897736538428, 40.592452723147353 ], [ -74.100882516626157, 40.590179216143767 ], [ -74.101494823455809, 40.589344261003809 ], [ -74.104548646132542, 40.586500648547947 ], [ -74.10790851648575, 40.583685637783255 ], [ -74.109488681431429, 40.582535493157245 ], [ -74.111277065782915, 40.58179072929385 ], [ -74.113069543993419, 40.580768522920081 ], [ -74.115546788256594, 40.578534472458308 ], [ -74.11701410540708, 40.578208687449873 ], [ -74.119109548632807, 40.576157252229031 ], [ -74.12125713856922, 40.575254894031374 ], [ -74.12209602127048, 40.575132587375208 ], [ -74.123183806620986, 40.575751853392774 ], [ -74.125352756353152, 40.57590104302087 ], [ -74.12706746958176, 40.57640521917201 ], [ -74.127492824336755, 40.575425158144292 ], [ -74.127734934824232, 40.575206624554056 ], [ -74.132784362537791, 40.573479094232283 ], [ -74.144185882076215, 40.572037410507505 ], [ -74.143874535532362, 40.570606594692435 ], [ -74.144387450267004, 40.569706101169849 ], [ -74.146347253699361, 40.57051823414605 ], [ -74.147103429178784, 40.570498685785459 ], [ -74.14790142236842, 40.570889581107473 ], [ -74.154664477309453, 40.565513443187008 ], [ -74.155850904364655, 40.563774444719236 ], [ -74.157259742175555, 40.562553319372185 ], [ -74.161531300833801, 40.561269354479947 ], [ -74.163779415901857, 40.560316979621973 ], [ -74.16494149359599, 40.560111797637816 ], [ -74.169825823163308, 40.561090420605559 ], [ -74.16962557781936, 40.568280662936779 ], [ -74.169828601263049, 40.570834448504066 ], [ -74.152527652515872, 40.580616993326458 ], [ -74.152308056645822, 40.580579303155979 ], [ -74.151377739294148, 40.581358769888709 ], [ -74.150988473160282, 40.582065261057963 ], [ -74.150269824958599, 40.58272738036834 ], [ -74.147274837189286, 40.58501222199947 ], [ -74.147620413683299, 40.585019469471924 ], [ -74.14632131213402, 40.586069297592765 ], [ -74.145419950673713, 40.591467024353904 ], [ -74.140022273277182, 40.598596533586523 ], [ -74.140462279711826, 40.603069980523934 ], [ -74.142028103104082, 40.603371838553215 ], [ -74.143033098255415, 40.603749740326386 ], [ -74.14714097095893, 40.605584834734437 ], [ -74.147509509154546, 40.606064886724504 ], [ -74.147230213205731, 40.608263022095073 ], [ -74.145305675339969, 40.607819901433459 ], [ -74.143544992999097, 40.60768115356742 ], [ -74.128758994166006, 40.608495794409933 ], [ -74.124850221648529, 40.609082120789864 ], [ -74.121385887179699, 40.609909310399424 ], [ -74.121335818063571, 40.609666498624648 ], [ -74.117448094494989, 40.610794312852882 ], [ -74.115640326486442, 40.61109610432375 ], [ -74.113423300270341, 40.611009405063527 ], [ -74.110305027871846, 40.610277010560836 ], [ -74.108571353164379, 40.610114118341158 ] ] ] } },
{ "type": "Feature", "properties": { "NTA2020": "SI0204" }, "geometry": { "type": "Polygon", "coordinates": [ [ [ -74.158980696372353, 40.616367524989208 ], [ -74.149984771163886, 40.609538417829938 ], [ -74.148694047035121, 40.608827952399004 ], [ -74.147230213205731, 40.608263022095073 ], [ -74.147509509154546, 40.606064886724504 ], [ -74.147140636988809, 40.605584599113243 ], [ -74.143033098255415, 40.603749740326386 ], [ -74.142028103104082, 40.603371838553215 ], [ -74.140462279711826, 40.603069980523934 ], [ -74.140022273277182, 40.598596533586523 ], [ -74.145419950673713, 40.591467024353904 ], [ -74.14632131213402, 40.586069297592765 ], [ -74.147620413683299, 40.585019469471924 ], [ -74.147274837189286, 40.58501222199947 ], [ -74.150884504364342, 40.58217578343848 ], [ -74.151377739294148, 40.581358769888709 ], [ -74.152308056645822, 40.580579303155979 ], [ -74.152527652515872, 40.580616993326458 ], [ -74.169828601263049, 40.570834448504066 ], [ -74.169969672275684, 40.572926607810388 ], [ -74.169623449427775, 40.578429044422144 ], [ -74.168418966458802, 40.586578059080161 ], [ -74.167962940731684, 40.588304029168647 ], [ -74.167650263230328, 40.588888364764614 ], [ -74.16578641259234, 40.590707803800441 ], [ -74.163419921268968, 40.592444234673053 ], [ -74.163602681592863, 40.593374199160252 ], [ -74.166737119919674, 40.593830045263054 ], [ -74.168863623195435, 40.594728086649909 ], [ -74.168284580655722, 40.596433164944457 ], [ -74.167196348526247, 40.602075311626294 ], [ -74.171215662217691, 40.60250216641176 ], [ -74.172561030801901, 40.60297776570782 ], [ -74.174918286609838, 40.602216226195189 ], [ -74.178224572876317, 40.599828060946244 ], [ -74.179544403581545, 40.596745397745501 ], [ -74.182076999879271, 40.594249000318477 ], [ -74.182552261927341, 40.593557814767706 ], [ -74.186503918165954, 40.589439250393113 ], [ -74.185258752724025, 40.589343752146526 ], [ -74.184778399399065, 40.589023795464669 ], [ -74.184679918237549, 40.588544299505919 ], [ -74.185385856833335, 40.587599653511717 ], [ -74.18788096584575, 40.586682277248748 ], [ -74.190768524091837, 40.585127467650914 ], [ -74.191317835254395, 40.585704488949453 ], [ -74.192323890136862, 40.585574836553697 ], [ -74.192534229237822, 40.585323292149276 ], [ -74.193324197184253, 40.585038280973073 ], [ -74.194232613254144, 40.585146806420973 ], [ -74.198033442026954, 40.582878712983906 ], [ -74.199649812715734, 40.582262626347564 ], [ -74.200080590283719, 40.581554557185363 ], [ -74.199966999897129, 40.580567999793402 ], [ -74.200168999105145, 40.580141000341854 ], [ -74.200488487946004, 40.579949778324988 ], [ -74.200584000250615, 40.579511000411308 ], [ -74.202949999142902, 40.580102000081347 ], [ -74.204411999480442, 40.580170000920354 ], [ -74.206028412426704, 40.579764267648095 ], [ -74.205992550814912, 40.580410383935948 ], [ -74.205724032897137, 40.580965688932174 ], [ -74.205417370570885, 40.581069486982877 ], [ -74.20508136987236, 40.581599468802679 ], [ -74.205088544748236, 40.582208190572807 ], [ -74.204709119027271, 40.582797669406844 ], [ -74.204739011926392, 40.583175901930019 ], [ -74.204400764336924, 40.583712945841981 ], [ -74.204633902081042, 40.584323238801318 ], [ -74.204364338990842, 40.584634149370707 ], [ -74.204414716637785, 40.585523675327366 ], [ -74.204119402583316, 40.585895541075779 ], [ -74.204274942826004, 40.586110054127005 ], [ -74.204265330028946, 40.587320535042977 ], [ -74.204580656947982, 40.588217603682658 ], [ -74.204272703605497, 40.588482555349024 ], [ -74.204122009695851, 40.588881474578415 ], [ -74.204323021423932, 40.589136617473372 ], [ -74.204574220729413, 40.588719139325512 ], [ -74.204705298486289, 40.588772370830597 ], [ -74.204435484009366, 40.589218397794326 ], [ -74.204646089432103, 40.589285745465851 ], [ -74.204408925515907, 40.589706763811606 ], [ -74.204203006091603, 40.589642971741718 ], [ -74.203858866092759, 40.590249525361664 ], [ -74.203699743358001, 40.590199906474844 ], [ -74.203885504563701, 40.589786110238883 ], [ -74.202658669718801, 40.590722145782394 ], [ -74.202377636233209, 40.590644712673182 ], [ -74.202014055334431, 40.590895799125057 ], [ -74.202467759567369, 40.590838825359974 ], [ -74.203052549115029, 40.591140541809864 ], [ -74.202963401956453, 40.591230922776681 ], [ -74.202454950631363, 40.590951125852015 ], [ -74.202027339206992, 40.590999079292011 ], [ -74.202123781677443, 40.591253326957137 ], [ -74.201840929155338, 40.591636483379673 ], [ -74.202003498130281, 40.591780764795054 ], [ -74.202302845917544, 40.591469321774376 ], [ -74.202316457683239, 40.591523965102745 ], [ -74.20092540496357, 40.59286637930488 ], [ -74.20047126826114, 40.592811752094448 ], [ -74.199740609735116, 40.593564669264346 ], [ -74.199362122796941, 40.594094082795557 ], [ -74.199483448797267, 40.594320936290352 ], [ -74.198732325537307, 40.595011798310509 ], [ -74.198561371435872, 40.595552781012337 ], [ -74.197950028516033, 40.596470354803714 ], [ -74.197513577188587, 40.596798986539369 ], [ -74.197496709298889, 40.597724259603439 ], [ -74.19730619713819, 40.598059522240959 ], [ -74.198759582052986, 40.601711975176272 ], [ -74.200148667599123, 40.603683350098727 ], [ -74.20138527472524, 40.604636966208496 ], [ -74.202218498510561, 40.605969679616521 ], [ -74.202816283745918, 40.608270827967338 ], [ -74.202301790141064, 40.611875642039067 ], [ -74.202443744495255, 40.613284693931988 ], [ -74.200453244446308, 40.616327997308964 ], [ -74.200589864460269, 40.617028927389491 ], [ -74.200828043863496, 40.617094288550881 ], [ -74.200914232382829, 40.617798822398633 ], [ -74.200874787401318, 40.618100410855916 ], [ -74.200541563318183, 40.617997639493616 ], [ -74.200352038562471, 40.61834219855475 ], [ -74.200839914506403, 40.618804302607323 ], [ -74.200680714148277, 40.619168454346955 ], [ -74.201069974692331, 40.620381540275062 ], [ -74.200505881299094, 40.620299672101261 ], [ -74.200428001919207, 40.620495411016861 ], [ -74.200873315821994, 40.62059115522375 ], [ -74.201258473101191, 40.621554830872213 ], [ -74.201432399980405, 40.621612608965357 ], [ -74.201230892034857, 40.622074210989467 ], [ -74.201275342631334, 40.622688276286084 ], [ -74.201545533347684, 40.622698052023125 ], [ -74.20163201104117, 40.623121565457446 ], [ -74.201584944355631, 40.623498333681461 ], [ -74.201344089053492, 40.623552568644335 ], [ -74.20139733073573, 40.6237361210381 ], [ -74.201076627903348, 40.624078346589812 ], [ -74.201060800334503, 40.625895179509442 ], [ -74.201182523536659, 40.626110215206893 ], [ -74.201416706677605, 40.626070513393174 ], [ -74.200986255654129, 40.629344148106348 ], [ -74.200804796812818, 40.62933257144428 ], [ -74.20075483895441, 40.629594634113474 ], [ -74.200476817158574, 40.629657077505044 ], [ -74.200425737851177, 40.629821165953366 ], [ -74.200408127716173, 40.630250100694589 ], [ -74.200772670594048, 40.630248953119036 ], [ -74.200791693845446, 40.630350124318355 ], [ -74.200403116430593, 40.630292362267404 ], [ -74.200184621590523, 40.631328669464239 ], [ -74.200429976944477, 40.631359097713826 ], [ -74.200400531131137, 40.631459468308563 ], [ -74.200172654077321, 40.631361080531029 ], [ -74.198622477990696, 40.632737514854242 ], [ -74.198029611651307, 40.632770941434231 ], [ -74.198025199339298, 40.633029192469898 ], [ -74.197343960613324, 40.632998147050507 ], [ -74.196785306319697, 40.63339223926922 ], [ -74.196878656683566, 40.63376138772157 ], [ -74.196310311908434, 40.634054232129259 ], [ -74.196203595503079, 40.634686050233768 ], [ -74.189879052661425, 40.631357529764152 ], [ -74.186760194601916, 40.629973359023353 ], [ -74.186576764842002, 40.630169119114086 ], [ -74.186069599558692, 40.629954481044834 ], [ -74.181799075296155, 40.627845436593255 ], [ -74.179294973287369, 40.626366996574632 ], [ -74.175728986200326, 40.623231174087095 ], [ -74.174661012655406, 40.622509025029274 ], [ -74.172660005106096, 40.621758967787265 ], [ -74.168123052894984, 40.621048031218884 ], [ -74.163129994060327, 40.618846982233933 ], [ -74.158980696372353, 40.616367524989208 ] ] ] } },
{ "type": "Feature", "properties": { "NTA2020": "SI0291" }, "geometry": { "type": "Polygon", "coordinates": [ [ [ -74.169969672275684, 40.572926607810388 ], [ -74.16962557781936, 40.568280662936779 ], [ -74.169825823163308, 40.561090420605559 ], [ -74.171508186650954, 40.561397731064332 ], [ -74.174894808690681, 40.562839015760645 ], [ -74.176593660742427, 40.563241329320725 ], [ -74.17758036744722, 40.563755440234132 ], [ -74.179076999609208, 40.569875000002099 ], [ -74.17936919981338, 40.570548313397907 ], [ -74.183767963142671, 40.572559050694252 ], [ -74.184402579566736, 40.573006982639662 ], [ -74.186099217618988, 40.572528016968924 ], [ -74.18749405747171, 40.572786770570673 ], [ -74.189039895783722, 40.572666506141907 ], [ -74.189180249233956, 40.575525564953907 ], [ -74.189557999056063, 40.576270000721202 ], [ -74.190549445091449, 40.576298440366251 ], [ -74.190640529412406, 40.576685028520998 ], [ -74.191950130647186, 40.576575957248458 ], [ -74.197498000087549, 40.578859000587926 ], [ -74.198876226361079, 40.57930361863356 ], [ -74.200584000250615, 40.579511000411308 ], [ -74.200488487946004, 40.579949778324988 ], [ -74.200168999105145, 40.580141000341854 ], [ -74.199966999897129, 40.580567999793402 ], [ -74.200080590283719, 40.581554557185363 ], [ -74.199649812715734, 40.582262626347564 ], [ -74.198033442026954, 40.582878712983906 ], [ -74.194232613254144, 40.585146806420973 ], [ -74.193324197184253, 40.585038280973073 ], [ -74.192534229237822, 40.585323292149276 ], [ -74.192323890136862, 40.585574836553697 ], [ -74.191317835254395, 40.585704488949453 ], [ -74.190768524091837, 40.585127467650914 ], [ -74.18788096584575, 40.586682277248748 ], [ -74.185385856833335, 40.587599653511717 ], [ -74.184679918237549, 40.588544299505919 ], [ -74.184778399399065, 40.589023795464669 ], [ -74.185258752724025, 40.589343752146526 ], [ -74.186503918165954, 40.589439250393113 ], [ -74.182552261927341, 40.593557814767706 ], [ -74.182076999879271, 40.594249000318477 ], [ -74.179544403581545, 40.596745397745501 ], [ -74.178224572876317, 40.599828060946244 ], [ -74.174918286609838, 40.602216226195189 ], [ -74.172561030801901, 40.60297776570782 ], [ -74.171215662217691, 40.60250216641176 ], [ -74.167196348526247, 40.602075311626294 ], [ -74.168284580655722, 40.596433164944457 ], [ -74.168863623195435, 40.594728086649909 ], [ -74.166737119919674, 40.593830045263054 ], [ -74.163602681592863, 40.593374199160252 ], [ -74.163419921268968, 40.592444234673053 ], [ -74.16578641259234, 40.590707803800441 ], [ -74.167650263230328, 40.588888364764614 ], [ -74.167962940731684, 40.588304029168647 ], [ -74.168418966458802, 40.586578059080161 ], [ -74.169623449427775, 40.578429044422144 ], [ -74.169969672275684, 40.572926607810388 ] ] ] } },
{ "type": "Feature", "properties": { "NTA2020": "SI0301" }, "geometry": { "type": "Polygon", "coordinates": [ [ [ -74.121537289061422, 40.575153252579454 ], [ -74.121853335974421, 40.574653181396577 ], [ -74.121360446987254, 40.572826743739384 ], [ -74.121445356400031, 40.571775614681108 ], [ -74.123134927899699, 40.570106791757951 ], [ -74.124899043723971, 40.568949142947105 ], [ -74.116363364086936, 40.563915637985907 ], [ -74.113761611952199, 40.566497189104155 ], [ -74.110139471719492, 40.564310666831922 ], [ -74.100095492322183, 40.5589534456225 ], [ -74.100799639281107, 40.558321821115868 ], [ -74.10124354139873, 40.557660831315559 ], [ -74.101846376747034, 40.556216988780037 ], [ -74.101840329649008, 40.555944639241268 ], [ -74.10137477595714, 40.555692372106726 ], [ -74.101405169108347, 40.555538526164476 ], [ -74.102650763602455, 40.55613440478524 ], [ -74.103098391115367, 40.555904641451185 ], [ -74.104659434913984, 40.554120467311272 ], [ -74.105089079474553, 40.553235468010698 ], [ -74.104844476363382, 40.553025814556285 ], [ -74.106428220651694, 40.553853373621287 ], [ -74.106412563319324, 40.554108275585023 ], [ -74.10656361101266, 40.554186927548017 ], [ -74.107348312836521, 40.554148152031182 ], [ -74.107686234639829, 40.553976670974968 ], [ -74.110284573875418, 40.551496357417562 ], [ -74.112788469579826, 40.547884262724317 ], [ -74.113010460386647, 40.547780065933345 ], [ -74.114942029209473, 40.549588650114792 ], [ -74.116562900563679, 40.549127742227526 ], [ -74.118647204405946, 40.551139927869173 ], [ -74.118569863203064, 40.551472937901202 ], [ -74.119458592252712, 40.552221906045254 ], [ -74.12730057821922, 40.557295172447766 ], [ -74.130424596389162, 40.554437042560309 ], [ -74.133210025945118, 40.552383876377895 ], [ -74.13885092749517, 40.556951179366955 ], [ -74.138180010230144, 40.55759386599388 ], [ -74.135613003192233, 40.558980026782983 ], [ -74.135303635168199, 40.559425089388959 ], [ -74.134809734312313, 40.56082861873368 ], [ -74.133407401482415, 40.562129805700543 ], [ -74.133109792231863, 40.562867691865755 ], [ -74.131736229494635, 40.564539519134442 ], [ -74.135274172888018, 40.565517761623504 ], [ -74.141312336300672, 40.568433348754077 ], [ -74.144387450267004, 40.569706101169849 ], [ -74.143874535532362, 40.570606594692435 ], [ -74.144185882076215, 40.572037410507505 ], [ -74.132784362537791, 40.573479094232283 ], [ -74.127734934824232, 40.575206624554056 ], [ -74.127492824336755, 40.575425158144292 ], [ -74.12706746958176, 40.57640521917201 ], [ -74.125352756353152, 40.57590104302087 ], [ -74.123183806620986, 40.575751853392774 ], [ -74.12209602127048, 40.575132587375208 ], [ -74.121537289061422, 40.575153252579454 ] ] ] } },
{ "type": "Feature", "properties": { "NTA2020": "SI0302" }, "geometry": { "type": "Polygon", "coordinates": [ [ [ -74.146347253699361, 40.57051823414605 ], [ -74.141312336300672, 40.568433348754077 ], [ -74.135274172888018, 40.565517761623504 ], [ -74.131736229494635, 40.564539519134442 ], [ -74.133109792231863, 40.562867691865755 ], [ -74.133407401482415, 40.562129805700543 ], [ -74.134809734312313, 40.56082861873368 ], [ -74.135303635168199, 40.559425089388959 ], [ -74.135613003192233, 40.558980026782983 ], [ -74.138180010230144, 40.55759386599388 ], [ -74.13885092749517, 40.556951179366955 ], [ -74.13316825999236, 40.552356179159311 ], [ -74.134558682258486, 40.551255078203518 ], [ -74.137389881661349, 40.549592369519509 ], [ -74.138652658432946, 40.548485816777408 ], [ -74.13711185633889, 40.547023482307559 ], [ -74.135857125661389, 40.546451696212252 ], [ -74.136411531190319, 40.546252350041875 ], [ -74.13651613439275, 40.545914747635166 ], [ -74.137096278088549, 40.545952218157012 ], [ -74.137179871298699, 40.54579286466064 ], [ -74.136260852809315, 40.544963297435977 ], [ -74.136115407240595, 40.545019845679874 ], [ -74.136383798019608, 40.544854671506307 ], [ -74.136284332410611, 40.544947040589328 ], [ -74.137192875197158, 40.545784294700084 ], [ -74.137508335088512, 40.545577557238694 ], [ -74.136733701613807, 40.544803742023859 ], [ -74.136589070711594, 40.544845486598554 ], [ -74.136873486308644, 40.544682593910053 ], [ -74.136748887570263, 40.544782584480544 ], [ -74.137949660506536, 40.546000337078084 ], [ -74.138869513404188, 40.545130197607293 ], [ -74.137624307451404, 40.544253566418305 ], [ -74.137756207556706, 40.544144928778202 ], [ -74.137679183100659, 40.544258625718015 ], [ -74.138755347034603, 40.544933958426874 ], [ -74.139019650793117, 40.54471556102996 ], [ -74.137989901644232, 40.543990043789343 ], [ -74.137867985245393, 40.54405254413097 ], [ -74.138043468978054, 40.543904562463808 ], [ -74.139033071786258, 40.544704910300077 ], [ -74.139539379157455, 40.544295140872173 ], [ -74.139432530026482, 40.544217217516184 ], [ -74.139145413462316, 40.544509580622552 ], [ -74.139032659903179, 40.544428097333125 ], [ -74.139420693378824, 40.544205943537229 ], [ -74.139287672952904, 40.544116589404652 ], [ -74.138974542267647, 40.544376101819715 ], [ -74.139220328598128, 40.544066700171236 ], [ -74.139082668550145, 40.543968224883983 ], [ -74.138875703883599, 40.544243557934855 ], [ -74.138728124459604, 40.544130022535072 ], [ -74.139077506586446, 40.543960153165671 ], [ -74.138834605856189, 40.543791358890488 ], [ -74.138585811591099, 40.544104638490317 ], [ -74.138415358387135, 40.543978427316326 ], [ -74.138823254616611, 40.543784054895866 ], [ -74.138539962683268, 40.543587928190163 ], [ -74.138206672670748, 40.543773678360083 ], [ -74.13827964456064, 40.543866694570568 ], [ -74.138150686211034, 40.543772036757161 ], [ -74.138526497445824, 40.543578542306101 ], [ -74.138341512887195, 40.54355182831145 ], [ -74.13852282835245, 40.54340155125189 ], [ -74.13845971967875, 40.54350628599154 ], [ -74.138590053062757, 40.54345034036664 ], [ -74.138533145425541, 40.543544367340893 ], [ -74.13956971698569, 40.54427227483054 ], [ -74.139836977862046, 40.544052462843425 ], [ -74.138706323972812, 40.543291410834428 ], [ -74.138906365394519, 40.543131777602333 ], [ -74.138771402268389, 40.543291332202962 ], [ -74.139036719229637, 40.543226993940657 ], [ -74.138983556086032, 40.543384411372934 ], [ -74.139676404806906, 40.543888995858659 ], [ -74.1398889740626, 40.543752471884957 ], [ -74.139703506941842, 40.543908777186267 ], [ -74.139865272644514, 40.544026844512111 ], [ -74.140012838359254, 40.543830426844806 ], [ -74.140385730736213, 40.544033185007869 ], [ -74.140328486944952, 40.543802087271125 ], [ -74.139349948419081, 40.543096085094184 ], [ -74.139219934858858, 40.543166085137891 ], [ -74.139408100774943, 40.543016584585274 ], [ -74.140295719471681, 40.543640457155547 ], [ -74.140126382196044, 40.543513393416909 ], [ -74.140287345391158, 40.543385071119154 ], [ -74.139361328040323, 40.542825863998686 ], [ -74.139536815480199, 40.542682150869801 ], [ -74.139478772056819, 40.542768492577714 ], [ -74.14030634258242, 40.543367110617005 ], [ -74.140627155669549, 40.543113029692535 ], [ -74.139755848904471, 40.542481155655217 ], [ -74.139631690741666, 40.542541097566222 ], [ -74.139858598916788, 40.542357175129183 ], [ -74.139774847765892, 40.542464048301333 ], [ -74.140646148698224, 40.543094214902148 ], [ -74.140845203038438, 40.542938844979084 ], [ -74.141324267942451, 40.543094133830238 ], [ -74.140385005900455, 40.542420771366544 ], [ -74.14040685334777, 40.542360855450468 ], [ -74.140286733694779, 40.5424557885189 ], [ -74.140165100375683, 40.542366218936117 ], [ -74.140335282297514, 40.542228209259534 ], [ -74.140207236065777, 40.542365224298372 ], [ -74.140406563006948, 40.54232708255212 ], [ -74.141410735604083, 40.543022415080387 ], [ -74.141078921190612, 40.542791171851633 ], [ -74.141084368048055, 40.542638914206471 ], [ -74.141326531058183, 40.542747047487353 ], [ -74.141143112990733, 40.542587658851382 ], [ -74.141249493662571, 40.542660340856365 ], [ -74.141335471929779, 40.542588792470248 ], [ -74.140262904007017, 40.541961511522629 ], [ -74.140495810113137, 40.54206085532396 ], [ -74.140679980931523, 40.54190859347365 ], [ -74.140619199119584, 40.542056021643866 ], [ -74.141349013796003, 40.542577523131605 ], [ -74.141461515854431, 40.542483902223907 ], [ -74.14129442123695, 40.542335875885726 ], [ -74.14148097474451, 40.5424677090705 ], [ -74.141348546945522, 40.542290464870916 ], [ -74.141549579059784, 40.542410617504601 ], [ -74.141797199570519, 40.542200415382396 ], [ -74.140894510906207, 40.541571110690143 ], [ -74.140639841721338, 40.541694542037291 ], [ -74.140958168329988, 40.541432078467587 ], [ -74.140894775834056, 40.541537094860523 ], [ -74.141873079719289, 40.542166658129425 ], [ -74.141672262430845, 40.542335464095245 ], [ -74.142296322461632, 40.542257849155547 ], [ -74.142183442866809, 40.542017861051733 ], [ -74.142476622359553, 40.541333709774833 ], [ -74.141776613832604, 40.54008845633475 ], [ -74.142004592825856, 40.539567959666968 ], [ -74.141728926512982, 40.53933948409707 ], [ -74.142303512758517, 40.539069975289671 ], [ -74.142338315774893, 40.538949190408381 ], [ -74.141765877937672, 40.538542040999786 ], [ -74.142265130079991, 40.538140353664723 ], [ -74.141867622915683, 40.538444091221827 ], [ -74.142229922947621, 40.538114453377254 ], [ -74.142078936441123, 40.53800396428511 ], [ -74.14216718019145, 40.537932761068177 ], [ -74.141218653355523, 40.537253998432526 ], [ -74.141041579164465, 40.537346884964684 ], [ -74.141298254718251, 40.537138177948385 ], [ -74.141241130515908, 40.537234691734106 ], [ -74.142185748417774, 40.537917777788905 ], [ -74.142389636897079, 40.537753260504815 ], [ -74.141582876908927, 40.53708757795242 ], [ -74.143051626138003, 40.537239873856471 ], [ -74.143833856853391, 40.53713691184965 ], [ -74.14474069813582, 40.535801044211205 ], [ -74.145433743829656, 40.535823072826965 ], [ -74.146020082847699, 40.53555352822292 ], [ -74.145996696150945, 40.535390392811877 ], [ -74.14669647685389, 40.53541430854866 ], [ -74.149217332639694, 40.53424158776091 ], [ -74.149777174893472, 40.533887869304145 ], [ -74.149758464898241, 40.533424302755463 ], [ -74.150695536182781, 40.532545838937125 ], [ -74.151120256905259, 40.532741382506686 ], [ -74.151757988316177, 40.532401794028068 ], [ -74.151682412465291, 40.532276422763722 ], [ -74.151853377444851, 40.532164021023341 ], [ -74.15245660936688, 40.532067944000914 ], [ -74.154001076668294, 40.530831553321526 ], [ -74.153898316826101, 40.530673772935558 ], [ -74.154103815347511, 40.530760821997589 ], [ -74.154498188938462, 40.530317743265364 ], [ -74.154628078706821, 40.53035429625136 ], [ -74.15454357374459, 40.530062136303648 ], [ -74.154928948494003, 40.530225483575663 ], [ -74.155647823393181, 40.529642984095673 ], [ -74.1555035725126, 40.529438026337715 ], [ -74.155731534350423, 40.529600904532451 ], [ -74.155990003204067, 40.529419603216262 ], [ -74.15644868150018, 40.528931841701365 ], [ -74.156187318523351, 40.528611371091699 ], [ -74.156671052081634, 40.528993311607231 ], [ -74.157018619463912, 40.528977656312172 ], [ -74.15826103107301, 40.52830049916296 ], [ -74.157972394579062, 40.528067085844441 ], [ -74.158326451269886, 40.528278426783146 ], [ -74.159701345202066, 40.527295992831569 ], [ -74.15988277051045, 40.527369358548924 ], [ -74.164414612708896, 40.533502945437895 ], [ -74.16879821635095, 40.53961425164033 ], [ -74.169017690155357, 40.540096720266568 ], [ -74.16891525076332, 40.54046288626953 ], [ -74.169095355568288, 40.541027432597446 ], [ -74.17516866820273, 40.543775530578507 ], [ -74.180731026600739, 40.546679815297317 ], [ -74.179427035110578, 40.548339056681066 ], [ -74.175653951874366, 40.555689542488956 ], [ -74.174087739254247, 40.55807600211552 ], [ -74.173493224302732, 40.559674401048646 ], [ -74.171851665227564, 40.561520923020261 ], [ -74.16494149359599, 40.560111797637816 ], [ -74.163779415901857, 40.560316979621973 ], [ -74.161531300833801, 40.561269354479947 ], [ -74.156981008307909, 40.56269972130611 ], [ -74.155850904364655, 40.563774444719236 ], [ -74.154664477309453, 40.565513443187008 ], [ -74.14790142236842, 40.570889581107473 ], [ -74.147103429178784, 40.570498685785459 ], [ -74.146347253699361, 40.57051823414605 ] ] ] } },
{ "type": "Feature", "properties": { "NTA2020": "SI0303" }, "geometry": { "type": "Polygon", "coordinates": [ [ [ -74.17758036744722, 40.563755440234132 ], [ -74.176593660742427, 40.563241329320725 ], [ -74.175000414427274, 40.562875477542377 ], [ -74.173464518222119, 40.562286936746709 ], [ -74.171851665227564, 40.561520923020261 ], [ -74.173493224302732, 40.559674401048646 ], [ -74.174087739254247, 40.55807600211552 ], [ -74.175653951874366, 40.555689542488956 ], [ -74.179427035110578, 40.548339056681066 ], [ -74.180731026600739, 40.546679815297317 ], [ -74.187573474083763, 40.55014768192963 ], [ -74.18858835026623, 40.548943850558075 ], [ -74.18929875810781, 40.548378302422208 ], [ -74.19586185756576, 40.544318148856959 ], [ -74.197307591170002, 40.543262046227682 ], [ -74.200239446810258, 40.542847166184927 ], [ -74.203491580402869, 40.54215142826456 ], [ -74.206990181365882, 40.541746680179941 ], [ -74.212178445411382, 40.541388264009591 ], [ -74.214750990178871, 40.541405367429618 ], [ -74.217788930946256, 40.541125401101546 ], [ -74.221315627155377, 40.550253074359105 ], [ -74.219115764572734, 40.552232314136795 ], [ -74.217783777078779, 40.553049188028709 ], [ -74.21787719118025, 40.554243428099397 ], [ -74.217567529361006, 40.554585810105756 ], [ -74.214919009855421, 40.555545457023868 ], [ -74.213501755611119, 40.555667618103939 ], [ -74.212200340269362, 40.556443430361689 ], [ -74.210507894472272, 40.557064182369785 ], [ -74.206998852819183, 40.557567489102794 ], [ -74.205200411101004, 40.557332221035992 ], [ -74.204406674168069, 40.556957886040891 ], [ -74.2032286467674, 40.556081141886331 ], [ -74.201946317526577, 40.555873852378163 ], [ -74.20091501342165, 40.55600526096363 ], [ -74.200182739225752, 40.556454433568561 ], [ -74.197694812214294, 40.558887053520152 ], [ -74.193529126363956, 40.562425595831172 ], [ -74.19288348022414, 40.562653840504751 ], [ -74.191754129849187, 40.562507626985656 ], [ -74.190916664174793, 40.5626196644332 ], [ -74.189477546115654, 40.563580990673273 ], [ -74.185253959533597, 40.564549355216911 ], [ -74.183623709044042, 40.565368264814282 ], [ -74.182726506876804, 40.565494283166245 ], [ -74.181808166486945, 40.565384579365286 ], [ -74.17758036744722, 40.563755440234132 ] ] ] } },
{ "type": "Feature", "properties": { "NTA2020": "SI0304" }, "geometry": { "type": "Polygon", "coordinates": [ [ [ -74.187573474083763, 40.55014768192963 ], [ -74.17516866820273, 40.543775530578507 ], [ -74.169095355568288, 40.541027432597446 ], [ -74.16891525076332, 40.54046288626953 ], [ -74.169017690155357, 40.540096720266568 ], [ -74.16879821635095, 40.53961425164033 ], [ -74.15988277051045, 40.527369358548924 ], [ -74.160340973760441, 40.527549827628569 ], [ -74.161582174236443, 40.527013478279294 ], [ -74.162271961087683, 40.527194262308335 ], [ -74.165541751138605, 40.525419619184213 ], [ -74.166578967875225, 40.525016504366093 ], [ -74.168844318198936, 40.523590681654049 ], [ -74.169997111614734, 40.523045772452384 ], [ -74.170507916603739, 40.523048719785464 ], [ -74.171286820672876, 40.523457767139675 ], [ -74.172696672630138, 40.522968735523627 ], [ -74.176012454790722, 40.520875962829074 ], [ -74.177582955221055, 40.519230866866039 ], [ -74.178318766906628, 40.519945785631045 ], [ -74.179243813687421, 40.519984216678992 ], [ -74.179391375533413, 40.520278279289869 ], [ -74.179810169489301, 40.520552337706086 ], [ -74.181051927468332, 40.520663254038027 ], [ -74.182434614174994, 40.520318205802255 ], [ -74.183168550584512, 40.51990627376275 ], [ -74.1848311647976, 40.519341358600876 ], [ -74.186567331912073, 40.518115849902337 ], [ -74.188498716085363, 40.516312726364646 ], [ -74.189268755573266, 40.515344976872392 ], [ -74.188842978218474, 40.515087166345729 ], [ -74.189712184983989, 40.515320378534334 ], [ -74.191789226697722, 40.513051644346035 ], [ -74.193443183474429, 40.511567309596757 ], [ -74.194096437363726, 40.510641242362261 ], [ -74.19521339999072, 40.509977652955683 ], [ -74.196499369862138, 40.509923530987628 ], [ -74.198608317049917, 40.51119702314648 ], [ -74.199672053593744, 40.511426850479658 ], [ -74.199926950407217, 40.51182804548651 ], [ -74.200059256169766, 40.512619372540883 ], [ -74.198925727938686, 40.512777305998405 ], [ -74.199073070954896, 40.513083884536982 ], [ -74.199956599881403, 40.512930218410162 ], [ -74.200828982542419, 40.513030703958464 ], [ -74.204797379068211, 40.512293569788589 ], [ -74.205305321831531, 40.512326005147081 ], [ -74.20820370577573, 40.511638980823996 ], [ -74.209687893974404, 40.510797369342434 ], [ -74.209189968251977, 40.510499057457821 ], [ -74.209322004642019, 40.510398628895445 ], [ -74.20971374205881, 40.510777703243001 ], [ -74.210134660335981, 40.510416750330513 ], [ -74.211791831979951, 40.508173273495011 ], [ -74.213381699736189, 40.50676628821541 ], [ -74.213531308036707, 40.5063974772279 ], [ -74.213855338475355, 40.506607024673066 ], [ -74.214342501297224, 40.506518911287294 ], [ -74.215658374101906, 40.505616577935733 ], [ -74.217547550956809, 40.503360049490688 ], [ -74.21794570244775, 40.503360090428743 ], [ -74.21977016417118, 40.502742688459875 ], [ -74.221841444529716, 40.50253841735497 ], [ -74.222112999556487, 40.503183999944881 ], [ -74.222084999847965, 40.504272000910504 ], [ -74.223115999535736, 40.504843999990754 ], [ -74.223188308868032, 40.505538650009925 ], [ -74.222915998928912, 40.507227000255476 ], [ -74.223215824051081, 40.508658610812574 ], [ -74.226577611863007, 40.517270650143388 ], [ -74.226723289264896, 40.519163320585598 ], [ -74.225679828174222, 40.518561830414683 ], [ -74.223795958594877, 40.518196345927571 ], [ -74.224997660067487, 40.520460661347599 ], [ -74.224236045201948, 40.521993966072863 ], [ -74.223984558601884, 40.522869520886786 ], [ -74.224821006264321, 40.522993310499658 ], [ -74.224689332923234, 40.523232281942029 ], [ -74.223987757848619, 40.523267846419998 ], [ -74.223594127477668, 40.526305925292242 ], [ -74.224566768083648, 40.537021242856007 ], [ -74.224475142654725, 40.538908066284343 ], [ -74.224161016817334, 40.541067007925655 ], [ -74.223427511378731, 40.543604332162751 ], [ -74.222141194247996, 40.546331412765198 ], [ -74.220645361029753, 40.548591509673479 ], [ -74.217788930946256, 40.541125401101546 ], [ -74.214750990178871, 40.541405367429618 ], [ -74.212178445411382, 40.541388264009591 ], [ -74.206990181365882, 40.541746680179941 ], [ -74.203491580402869, 40.54215142826456 ], [ -74.200239446810258, 40.542847166184927 ], [ -74.197307591170002, 40.543262046227682 ], [ -74.19586185756576, 40.544318148856959 ], [ -74.18929875810781, 40.548378302422208 ], [ -74.18858835026623, 40.548943850558075 ], [ -74.187573474083763, 40.55014768192963 ] ] ] } },
{ "type": "Feature", "properties": { "NTA2020": "SI0305" }, "geometry": { "type": "Polygon", "coordinates": [ [ [ -74.206998852819183, 40.557567489102794 ], [ -74.210507894472272, 40.557064182369785 ], [ -74.212200340269362, 40.556443430361689 ], [ -74.213501755611119, 40.555667618103939 ], [ -74.215093396887681, 40.555498932556802 ], [ -74.217733583199177, 40.554457169268346 ], [ -74.217905022830507, 40.553908470723506 ], [ -74.217783777078779, 40.553049188028709 ], [ -74.219115764572734, 40.552232314136795 ], [ -74.221274123698024, 40.550336849354217 ], [ -74.220645361029753, 40.548591509673479 ], [ -74.221966014936811, 40.546638976953695 ], [ -74.222809365196525, 40.545024194573031 ], [ -74.223971050201641, 40.541872019523971 ], [ -74.224407081163974, 40.539536950008355 ], [ -74.224566768083648, 40.537021242856007 ], [ -74.223594127477668, 40.526305925292242 ], [ -74.223987757848619, 40.523267846419998 ], [ -74.224689332923234, 40.523232281942029 ], [ -74.224821006264321, 40.522993310499658 ], [ -74.223984558601884, 40.522869520886786 ], [ -74.224236045201948, 40.521993966072863 ], [ -74.224997660067487, 40.520460661347599 ], [ -74.223795958594877, 40.518196345927571 ], [ -74.225679828174222, 40.518561830414683 ], [ -74.226723289264896, 40.519163320585598 ], [ -74.226694615280849, 40.518548725753391 ], [ -74.226577611863007, 40.517270650143388 ], [ -74.223215824051081, 40.508658610812574 ], [ -74.222915998928912, 40.507227000255476 ], [ -74.223188308868032, 40.505538650009925 ], [ -74.223115999535736, 40.504843999990754 ], [ -74.222084999847965, 40.504272000910504 ], [ -74.222112999556487, 40.503183999944881 ], [ -74.221841444529716, 40.50253841735497 ], [ -74.22304657852257, 40.502478179012812 ], [ -74.225070578375053, 40.501764645226622 ], [ -74.227294135110796, 40.502297499445568 ], [ -74.22971584237068, 40.502085687587666 ], [ -74.230338925001845, 40.501804178371984 ], [ -74.230554017801353, 40.501946854659778 ], [ -74.231244432441855, 40.501826860318964 ], [ -74.23359904119738, 40.500912531601266 ], [ -74.235264959480546, 40.500606028548283 ], [ -74.236788456240518, 40.500000835538238 ], [ -74.237667703599342, 40.499123255436373 ], [ -74.237987373790574, 40.499165980848225 ], [ -74.238513216355258, 40.498896075866277 ], [ -74.239848512368241, 40.497583013640558 ], [ -74.244327982524297, 40.4975467402097 ], [ -74.245489389826218, 40.497044773867124 ], [ -74.246761027741954, 40.496133987611834 ], [ -74.248374496853998, 40.496330598573117 ], [ -74.249717177066827, 40.496885956402075 ], [ -74.250854894222485, 40.498006163595193 ], [ -74.251104114857995, 40.498934197854169 ], [ -74.252599827399848, 40.499643075886297 ], [ -74.253161245013487, 40.500125376718799 ], [ -74.253845906206465, 40.501635669344616 ], [ -74.255234089349713, 40.503934569735094 ], [ -74.255368730391936, 40.50455316256857 ], [ -74.255307103776218, 40.506536454119029 ], [ -74.255531858547627, 40.507861228851901 ], [ -74.25462856709909, 40.508674825727049 ], [ -74.254981300094897, 40.508771172775781 ], [ -74.254972903707724, 40.508805661630674 ], [ -74.254618507280213, 40.508683908799881 ], [ -74.253997530793441, 40.50897031481076 ], [ -74.254038045678541, 40.509252671645712 ], [ -74.25438877737021, 40.509344184134633 ], [ -74.25431454169312, 40.509413694648998 ], [ -74.254020695055303, 40.509272976290063 ], [ -74.253689118810613, 40.509425596439165 ], [ -74.254646512629108, 40.509826245924408 ], [ -74.254526217324283, 40.509973015383572 ], [ -74.253648125182565, 40.50947053043631 ], [ -74.253315798051318, 40.509861504540979 ], [ -74.253063945530869, 40.511055257369776 ], [ -74.253258068856695, 40.511088689380834 ], [ -74.253008472775548, 40.511193989705411 ], [ -74.253526850767102, 40.51167776603188 ], [ -74.253036353815546, 40.511433160458786 ], [ -74.253089508686614, 40.512121961373936 ], [ -74.251951974884747, 40.512997002547266 ], [ -74.252125913970602, 40.513710379799996 ], [ -74.25135331412865, 40.51439289753754 ], [ -74.250111710569954, 40.515044819855142 ], [ -74.250075688324657, 40.515219092251833 ], [ -74.250555264135571, 40.515716342428888 ], [ -74.250455099238266, 40.515772007109049 ], [ -74.250156265167689, 40.515361188199471 ], [ -74.249888248749983, 40.515521545192982 ], [ -74.250560072720091, 40.516106741032438 ], [ -74.250415359213875, 40.516188335025902 ], [ -74.249356609239001, 40.51500592819373 ], [ -74.249337752436929, 40.515140814379365 ], [ -74.249215286761014, 40.5150848612993 ], [ -74.24963220109241, 40.515545377951057 ], [ -74.249513936786798, 40.515693980976479 ], [ -74.249941588080404, 40.516137488191021 ], [ -74.249430968990907, 40.515687885597508 ], [ -74.248647646321075, 40.516112628496813 ], [ -74.248759583151454, 40.516356221134266 ], [ -74.248545892916752, 40.51616991714846 ], [ -74.24860080823052, 40.516313331917885 ], [ -74.248284220838912, 40.516486949553709 ], [ -74.248946246656132, 40.517194539786729 ], [ -74.249407707890967, 40.516980830921113 ], [ -74.248514490560353, 40.517475626265053 ], [ -74.248919106530536, 40.517208433692474 ], [ -74.247518118355316, 40.515735864778655 ], [ -74.246930480084771, 40.516066454417782 ], [ -74.246440396511375, 40.515965028005944 ], [ -74.24612857679287, 40.516137392573746 ], [ -74.246749971940659, 40.516495613240494 ], [ -74.24651040267679, 40.516669855305992 ], [ -74.246995569965947, 40.517182085195593 ], [ -74.246478997053288, 40.516687327210839 ], [ -74.246377364356277, 40.516739093861538 ], [ -74.246536828342641, 40.516959960379502 ], [ -74.24634969801771, 40.516753371934939 ], [ -74.245208615283559, 40.517289743624147 ], [ -74.245669890013843, 40.517789708051311 ], [ -74.245634731699454, 40.518075580745773 ], [ -74.245088044605396, 40.518066839404213 ], [ -74.24429835217606, 40.518515003107773 ], [ -74.243652285115999, 40.518294614623166 ], [ -74.242324778332758, 40.518326525021784 ], [ -74.241259686752159, 40.51918046982297 ], [ -74.241031229187243, 40.519542513190522 ], [ -74.240490696877018, 40.519191628970056 ], [ -74.23982258316957, 40.520090711946374 ], [ -74.240732845487599, 40.520569151653831 ], [ -74.241172935522016, 40.52106013143203 ], [ -74.241332195755234, 40.520894517580238 ], [ -74.242932350363276, 40.521227160630218 ], [ -74.242583756392662, 40.522198648498005 ], [ -74.242762467837224, 40.52272678912756 ], [ -74.242613978384341, 40.523080937524526 ], [ -74.24280157009575, 40.52400729628669 ], [ -74.243357926856817, 40.52481891331783 ], [ -74.243965007588585, 40.524905366337848 ], [ -74.243338838838554, 40.525853805179977 ], [ -74.242886744111274, 40.527297336417611 ], [ -74.242886713812098, 40.52820013082605 ], [ -74.242510289975527, 40.528445935265943 ], [ -74.242455410252418, 40.528954699545949 ], [ -74.242188017623107, 40.529437551660259 ], [ -74.242245281373243, 40.529822779504983 ], [ -74.241507333228967, 40.531041342795191 ], [ -74.241810616215346, 40.532562675421545 ], [ -74.24217799663235, 40.532576138476621 ], [ -74.242282003381561, 40.533387496517761 ], [ -74.241964588704576, 40.533633718433187 ], [ -74.242045702860082, 40.534346377050454 ], [ -74.242400268792252, 40.534752927392944 ], [ -74.242632896756234, 40.53478335481153 ], [ -74.242956411897865, 40.535406761697892 ], [ -74.243696705874598, 40.536080111424525 ], [ -74.2441249598849, 40.53619629572902 ], [ -74.243976551065757, 40.536460498559187 ], [ -74.244147825386975, 40.536881409917044 ], [ -74.244587539107243, 40.536932927072826 ], [ -74.244936931144693, 40.536663876917153 ], [ -74.245336511760584, 40.536905994434662 ], [ -74.245258711064963, 40.537146089447859 ], [ -74.2448010457436, 40.537385392689636 ], [ -74.244427489220328, 40.538016433398958 ], [ -74.245393762199129, 40.539551674715703 ], [ -74.245602056983245, 40.540949594577341 ], [ -74.245992847905612, 40.54127893215783 ], [ -74.246486148157913, 40.542213392655647 ], [ -74.247677780396103, 40.543125403302859 ], [ -74.248034637356938, 40.543093240441436 ], [ -74.246137437687082, 40.545696446931977 ], [ -74.243363465527722, 40.54786513523586 ], [ -74.243584476513533, 40.547623990878584 ], [ -74.242935859292032, 40.547113219747843 ], [ -74.242203184632544, 40.546948677797573 ], [ -74.24039182810057, 40.547663310173768 ], [ -74.238371913042315, 40.549141566814328 ], [ -74.237619634673308, 40.550123468578612 ], [ -74.236414597267967, 40.55050822344986 ], [ -74.236164731361214, 40.551429424661741 ], [ -74.236507991874049, 40.552027271309662 ], [ -74.236399620821416, 40.552335333221748 ], [ -74.234898658008078, 40.553005216671302 ], [ -74.233777550117637, 40.552514200016297 ], [ -74.233341884825023, 40.552499710613773 ], [ -74.232291129331642, 40.553363697975705 ], [ -74.231933314449449, 40.554149830117183 ], [ -74.230755112458553, 40.555536658042939 ], [ -74.230249521535143, 40.555386746162654 ], [ -74.229319541857137, 40.555491586962752 ], [ -74.229313280912223, 40.555817472841234 ], [ -74.228724299747796, 40.556297017139244 ], [ -74.228161549923087, 40.556376516926704 ], [ -74.227436827305326, 40.556038533516443 ], [ -74.226404945429508, 40.556255712845889 ], [ -74.223903341344936, 40.555897065544507 ], [ -74.223864214980864, 40.556097694082887 ], [ -74.22344265106311, 40.556046569903543 ], [ -74.22378606708962, 40.555880267507177 ], [ -74.223161289427424, 40.555787142691798 ], [ -74.222972196987556, 40.555503373621377 ], [ -74.222574868013766, 40.555406209779669 ], [ -74.22179863887051, 40.555417070759084 ], [ -74.221570066131989, 40.555648982957713 ], [ -74.221298646044602, 40.555366224685599 ], [ -74.220979045272045, 40.55591180055702 ], [ -74.220621759491294, 40.555898821005165 ], [ -74.220184561824567, 40.555425594895709 ], [ -74.220051431567455, 40.554841907273712 ], [ -74.219743569307226, 40.554612672072487 ], [ -74.219080608993451, 40.554847002197981 ], [ -74.21933701278985, 40.555691366981073 ], [ -74.219217163709345, 40.555796969878635 ], [ -74.21895832633227, 40.554857583415817 ], [ -74.218593257828076, 40.554674210247789 ], [ -74.218536381470699, 40.554932881981458 ], [ -74.218819059651779, 40.555874718986175 ], [ -74.218707675600001, 40.556041015698597 ], [ -74.217753423917372, 40.555005284776179 ], [ -74.21604246060636, 40.555544118783047 ], [ -74.214740531988198, 40.556242389132144 ], [ -74.215018172018077, 40.55675563837989 ], [ -74.21462340478287, 40.556913362220925 ], [ -74.214226988542478, 40.556557317917004 ], [ -74.213955374497246, 40.556657154796973 ], [ -74.213764673175902, 40.556396943325332 ], [ -74.213240314747239, 40.556672624239638 ], [ -74.205696050914497, 40.558516005601597 ], [ -74.206998852819183, 40.557567489102794 ] ] ] } },
{ "type": "Feature", "properties": { "NTA2020": "SI0391" }, "geometry": { "type": "Polygon", "coordinates": [ [ [ -74.200584000250615, 40.579511000411308 ], [ -74.198876226361079, 40.57930361863356 ], [ -74.197498000087549, 40.578859000587926 ], [ -74.191950130647186, 40.576575957248458 ], [ -74.190640529412406, 40.576685028520998 ], [ -74.190549445091449, 40.576298440366251 ], [ -74.189557999056063, 40.576270000721202 ], [ -74.189180249233956, 40.575525564953907 ], [ -74.189039895783722, 40.572666506141907 ], [ -74.18749405747171, 40.572786770570673 ], [ -74.186099217618988, 40.572528016968924 ], [ -74.184402579566736, 40.573006982639662 ], [ -74.183767963142671, 40.572559050694252 ], [ -74.17936919981338, 40.570548313397907 ], [ -74.179076999609208, 40.569875000002099 ], [ -74.17758036744722, 40.563755440234132 ], [ -74.18159556472736, 40.56531796146259 ], [ -74.182958160110346, 40.565480200239627 ], [ -74.183836084819646, 40.565309817983099 ], [ -74.185253959533597, 40.564549355216911 ], [ -74.189477546115654, 40.563580990673273 ], [ -74.190916664174793, 40.5626196644332 ], [ -74.191754129849187, 40.562507626985656 ], [ -74.19317388363875, 40.562604343868692 ], [ -74.193861508200271, 40.562222320501164 ], [ -74.197694812214294, 40.558887053520152 ], [ -74.200319054917458, 40.556338225756939 ], [ -74.201164679537271, 40.55594175627175 ], [ -74.202077640362887, 40.555880775407758 ], [ -74.2032286467674, 40.556081141886331 ], [ -74.204406674168069, 40.556957886040891 ], [ -74.205200411101004, 40.557332221035992 ], [ -74.206998852819183, 40.557567489102794 ], [ -74.205696050914497, 40.558516005601597 ], [ -74.213240314747239, 40.556672624239638 ], [ -74.213135863289423, 40.557051009891026 ], [ -74.212643437990721, 40.557289727056954 ], [ -74.212673026656432, 40.557647560510667 ], [ -74.211998431642527, 40.558378066978378 ], [ -74.211756204551293, 40.559124757276201 ], [ -74.211970291688147, 40.559297737576976 ], [ -74.211880423216812, 40.559596937861812 ], [ -74.211174402599312, 40.560459881852502 ], [ -74.211340052813256, 40.561230353085307 ], [ -74.211096003552328, 40.562131471291792 ], [ -74.2113799785878, 40.563492205274876 ], [ -74.210962774012287, 40.564290450150274 ], [ -74.210726676910042, 40.565273911362112 ], [ -74.209628249889676, 40.567318364642254 ], [ -74.209534672329085, 40.567928048658096 ], [ -74.209321752683351, 40.568025300756929 ], [ -74.209241685470857, 40.568409858377208 ], [ -74.20886661112192, 40.56890979392918 ], [ -74.208926363286707, 40.569624298450023 ], [ -74.208017053814189, 40.570517957400781 ], [ -74.208168511021896, 40.570719423414289 ], [ -74.207835590151333, 40.572610000949062 ], [ -74.20726298207309, 40.574113027772754 ], [ -74.207078004104162, 40.574266340216653 ], [ -74.207226502060536, 40.574486796411755 ], [ -74.207070243661818, 40.574743025322341 ], [ -74.207284314131755, 40.575254532872634 ], [ -74.206812056267751, 40.575922020188244 ], [ -74.206886555877631, 40.576217271059619 ], [ -74.207089171793413, 40.576305589836224 ], [ -74.206927399634509, 40.57654399035161 ], [ -74.206580405320551, 40.576652736836728 ], [ -74.206531254296905, 40.576901637368906 ], [ -74.206808279618102, 40.577179568792594 ], [ -74.206323441953558, 40.577538818964875 ], [ -74.205917325093978, 40.578616647553659 ], [ -74.206028412426704, 40.579764267648095 ], [ -74.204411999480442, 40.580170000920354 ], [ -74.202949999142902, 40.580102000081347 ], [ -74.200584000250615, 40.579511000411308 ] ] ] } },
{ "type": "Feature", "properties": { "NTA2020": "SI9561" }, "geometry": { "type": "Polygon", "coordinates": [ [ [ -74.059747347594524, 40.59384861156726 ], [ -74.063759333581416, 40.598934859521854 ], [ -74.06108414059959, 40.59981639317752 ], [ -74.061956179339276, 40.60123645544693 ], [ -74.063978586430181, 40.602143957656914 ], [ -74.064300605680529, 40.603095295535503 ], [ -74.065170912507782, 40.604213508846328 ], [ -74.05677181703112, 40.607899540087708 ], [ -74.056495659367684, 40.607247648256248 ], [ -74.056010414108741, 40.606780566132024 ], [ -74.055521261223674, 40.606482892568692 ], [ -74.055160011223634, 40.60673049185349 ], [ -74.054988678394466, 40.606660696911788 ], [ -74.055182181035562, 40.606474566834407 ], [ -74.055059740958072, 40.606265420452864 ], [ -74.05381069805442, 40.605912718853027 ], [ -74.053607297408234, 40.605238809417784 ], [ -74.054020399590144, 40.604934720413723 ], [ -74.053539644801134, 40.603633557567257 ], [ -74.053033307438142, 40.601466470699783 ], [ -74.053387894820673, 40.6008686176556 ], [ -74.05342199900808, 40.600516071041476 ], [ -74.052228269541942, 40.599776102303629 ], [ -74.052871538433891, 40.599867255467103 ], [ -74.054474223339056, 40.598755539548478 ], [ -74.057193699046962, 40.596395079314597 ], [ -74.059747347594524, 40.59384861156726 ] ] ] } },
{ "type": "Feature", "properties": { "NTA2020": "SI9591" }, "geometry": { "type": "MultiPolygon", "coordinates": [ [ [ [ -74.050508064032471, 40.566422034160858 ], [ -74.049983525625734, 40.566395924928315 ], [ -74.04931640362085, 40.565887747780479 ], [ -74.049236298420453, 40.565362736368144 ], [ -74.050026201586419, 40.565318180621176 ], [ -74.050906017050508, 40.566094341628052 ], [ -74.050679167486123, 40.566310845736439 ], [ -74.051071598038149, 40.566722493900407 ], [ -74.050508064032471, 40.566422034160858 ] ] ], [ [ [ -74.053140368210663, 40.577702715043195 ], [ -74.054060449398719, 40.577116445238907 ], [ -74.054897782108029, 40.577782440919854 ], [ -74.05469316907444, 40.579691631726888 ], [ -74.054851346253486, 40.579707592575076 ], [ -74.05484560052173, 40.57994579142764 ], [ -74.053686291504178, 40.580548759614452 ], [ -74.052931906398157, 40.579902474665886 ], [ -74.053140368210663, 40.577702715043195 ] ] ] ] } },
{ "type": "Feature", "properties": { "NTA2020": "SI9592" }, "geometry": { "type": "Polygon", "coordinates": [ [ [ -74.084690759914935, 40.571477914442369 ], [ -74.0865485869477, 40.569632319135586 ], [ -74.086912636532233, 40.56898584268361 ], [ -74.086216322242606, 40.568532698147145 ], [ -74.087250783161053, 40.569081678192894 ], [ -74.088304368206167, 40.568329856673763 ], [ -74.089249060751357, 40.56701557053475 ], [ -74.08998259932838, 40.567380011533132 ], [ -74.09054960106333, 40.567083597211337 ], [ -74.091238077621909, 40.566506613228164 ], [ -74.0940496840973, 40.562981647611082 ], [ -74.094070711094275, 40.562731619461204 ], [ -74.108740179445334, 40.569916494851121 ], [ -74.10637577083321, 40.572224370583832 ], [ -74.106043526483717, 40.572064179624469 ], [ -74.104709790758648, 40.574005939405339 ], [ -74.092770582239822, 40.567943410603078 ], [ -74.089460377176508, 40.571680298374524 ], [ -74.088534476131258, 40.572558506576542 ], [ -74.087697375958371, 40.573061884040605 ], [ -74.084690759914935, 40.571477914442369 ] ] ] } },
{ "type": "Feature", "properties": { "NTA2020": "SI9593" }, "geometry": { "type": "Polygon", "coordinates": [ [ [ -74.113383406162768, 40.548073375150743 ], [ -74.114737811652688, 40.547996610676606 ], [ -74.115461778099316, 40.547515362401441 ], [ -74.116080047489248, 40.547864946836718 ], [ -74.116545321769848, 40.547872393146605 ], [ -74.117299889456106, 40.547464026182453 ], [ -74.118041330837116, 40.547306612894609 ], [ -74.119864455054355, 40.545427351025921 ], [ -74.120467548051963, 40.545278940060861 ], [ -74.121469256154327, 40.545300687556953 ], [ -74.122213776191614, 40.545063383376117 ], [ -74.124244497127776, 40.543110380910775 ], [ -74.126381851310754, 40.540520755459248 ], [ -74.130711842726711, 40.534535075436231 ], [ -74.1335644349804, 40.531511174805615 ], [ -74.136188489933488, 40.529620796687276 ], [ -74.136907990763504, 40.529281918882653 ], [ -74.13728504251867, 40.529740467984865 ], [ -74.138251407145049, 40.529691337339962 ], [ -74.138883372980843, 40.529960676477018 ], [ -74.139150760137468, 40.531520111621923 ], [ -74.140270152695933, 40.533300017195891 ], [ -74.140610927031204, 40.534130600190181 ], [ -74.140586071931892, 40.534699936841008 ], [ -74.14025575724304, 40.535443547853212 ], [ -74.138224291097004, 40.535208267331029 ], [ -74.135767613753188, 40.535232248337394 ], [ -74.13482603250084, 40.535299706784819 ], [ -74.133953132446337, 40.535566460602119 ], [ -74.133026115712909, 40.536240336951074 ], [ -74.133369053963335, 40.536356195225402 ], [ -74.13301207668799, 40.53625606504287 ], [ -74.133161201411625, 40.536374002701045 ], [ -74.13294266453623, 40.536322033081973 ], [ -74.131195456893906, 40.537872408774589 ], [ -74.13152564883184, 40.537718542638366 ], [ -74.131292697997822, 40.537956701870819 ], [ -74.131813872017744, 40.538307358685735 ], [ -74.132112444955609, 40.538052296677733 ], [ -74.131697676020721, 40.537857123315696 ], [ -74.131846271475993, 40.537734643799539 ], [ -74.13213560512456, 40.538033127182743 ], [ -74.132424385132239, 40.537774960232383 ], [ -74.13191182124632, 40.537532840976986 ], [ -74.132079522795635, 40.5373950336378 ], [ -74.132453027640679, 40.53776028086142 ], [ -74.132754804901154, 40.53750453647995 ], [ -74.132235962693443, 40.537262551239216 ], [ -74.132398015841716, 40.537118864430099 ], [ -74.132776037117054, 40.537484010915897 ], [ -74.13307445571553, 40.537229123304066 ], [ -74.132557861390737, 40.536991407757377 ], [ -74.132735602333042, 40.536854535243208 ], [ -74.133094575114725, 40.537212017425205 ], [ -74.133391873773419, 40.536957984347566 ], [ -74.13287438281003, 40.536719632302379 ], [ -74.133035088395317, 40.536574875625917 ], [ -74.133410043654678, 40.536939722373567 ], [ -74.133860541403848, 40.536597962493865 ], [ -74.129969342029867, 40.539967769111527 ], [ -74.13020869361587, 40.539702663817259 ], [ -74.129683755086958, 40.539471719592477 ], [ -74.129845555034976, 40.539326856961594 ], [ -74.130227542978531, 40.539683717556287 ], [ -74.130521642830473, 40.539425558119653 ], [ -74.130002728149535, 40.539172393658539 ], [ -74.130169357984656, 40.539032878023399 ], [ -74.130541765211646, 40.539409306255713 ], [ -74.130839068518952, 40.53914759289249 ], [ -74.130322448992999, 40.538900471244496 ], [ -74.130485283606177, 40.538758916255262 ], [ -74.130859188541038, 40.539131339802353 ], [ -74.131153287152671, 40.538873574103668 ], [ -74.130654280418327, 40.538617311133009 ], [ -74.130799718962948, 40.538492490314155 ], [ -74.131174369849731, 40.538855160896027 ], [ -74.131474242153288, 40.538598314882762 ], [ -74.130975091159911, 40.538341749902131 ], [ -74.131119622825878, 40.538218892325204 ], [ -74.131497400724825, 40.538581380875577 ], [ -74.131793508156591, 40.538325991991755 ], [ -74.13116466312681, 40.537900135869144 ], [ -74.128133262845452, 40.540552965990443 ], [ -74.127563149654122, 40.541453977116717 ], [ -74.127387896272523, 40.542295429820356 ], [ -74.1276700329568, 40.543381346272945 ], [ -74.127928305076196, 40.543373247055939 ], [ -74.127566607628424, 40.543499333934442 ], [ -74.127629940380828, 40.543608893115596 ], [ -74.127989683907401, 40.543484343631114 ], [ -74.127818934465552, 40.543564399644573 ], [ -74.128381961016856, 40.544344848325167 ], [ -74.130114047151793, 40.545975726133101 ], [ -74.131550261889643, 40.546524529062829 ], [ -74.133086643658771, 40.546834295092893 ], [ -74.134355033648589, 40.54678893430512 ], [ -74.135857125661389, 40.546451696212252 ], [ -74.13711185633889, 40.547023482307559 ], [ -74.138652658432946, 40.548485816777408 ], [ -74.137389881661349, 40.549592369519509 ], [ -74.134558682258486, 40.551255078203518 ], [ -74.130424596389162, 40.554437042560309 ], [ -74.12730057821922, 40.557295172447766 ], [ -74.119458592252712, 40.552221906045254 ], [ -74.118569863203064, 40.551472937901202 ], [ -74.118647204405946, 40.551139927869173 ], [ -74.116562900563679, 40.549127742227526 ], [ -74.114942029209473, 40.549588650114792 ], [ -74.113383406162768, 40.548073375150743 ] ] ] } }
]
}
